--
-- PostgreSQL database cluster dump
--

SET default_transaction_read_only = off;

SET client_encoding = 'UTF8';
SET standard_conforming_strings = on;

SET default_transaction_read_only = off;

--
-- PostgreSQL database dump
--

-- Dumped from database version 9.6.12
-- Dumped by pg_dump version 9.6.12

SET statement_timeout = 0;
SET lock_timeout = 0;
SET idle_in_transaction_session_timeout = 0;
SET client_encoding = 'UTF8';
SET standard_conforming_strings = on;
SELECT pg_catalog.set_config('search_path', '', false);
SET check_function_bodies = false;
SET client_min_messages = warning;
SET row_security = off;

--
-- Data for Name: ckanext_querytool; Type: TABLE DATA; Schema: public; Owner: ckan_vitals
--

INSERT INTO public.ckanext_querytool (id, name, title, description, dataset_name, chart_resource, filters, y_axis_columns, sql_string, related_querytools, created, modified, private, type, "group", owner_org, icon, additional_description, image_url, image_display_url, selection_label, report_caption) VALUES ('835db4a3-c6b2-4b47-b9bd-bc4697ff107d', 'find-a-fact-on-alcohol-consumption', 'Find a fact on alcohol consumption', '', 'alcohol', 'ac98ee9a-0193-49ed-b0c3-c6d2b9a9090e', '[{"alias": "Demographic Group", "visibility": "public", "order": 2, "value": "Total", "name": "Demographic Group"}, {"alias": "Indicator", "visibility": "public", "order": 1, "value": "Percentage who currently drink (past 30 days)", "name": "Indicator"}]', '[{"alias": "", "name": "Estimated Population"}, {"alias": "", "name": "Metric"}]', 'SELECT * FROM "ac98ee9a-0193-49ed-b0c3-c6d2b9a9090e" WHERE ("Demographic Group" = ''Total'') AND ("Indicator" = ''Percentage who currently drink (past 30 days)'')', '', '2020-11-19 15:40:54.766046', '2020-11-30 19:33:09.905352', false, 'related', 'alcohol', 'e279a8e8-f0ec-4b0e-989b-4bb72fa69e03', '', 'Obtain data in tabular form on a selected indicator of alcohol consumption. Results include confidence intervals and can be disaggregated by key demographic groups. For example, what is the average number of drinks men have in a single occasion?', NULL, NULL, NULL, NULL);
INSERT INTO public.ckanext_querytool (id, name, title, description, dataset_name, chart_resource, filters, y_axis_columns, sql_string, related_querytools, created, modified, private, type, "group", owner_org, icon, additional_description, image_url, image_display_url, selection_label, report_caption) VALUES ('8dbb7dce-a0fd-49d7-8ee5-59443d9ecdfb', 'cholesterol-demographics', 'Cholesterol data by demographics', 'A selected indicator on cholesterol levels is compared across all different demographic groups. For example:  
_What percentage of participants are on treatment for raised cholesterol across sex, age and location (urban versus rural)?_', 'cholesterol', '17b6135e-0690-4100-b680-5aeaed77b923', '[{"alias": "Indicator", "visibility": "public", "order": 1, "value": "Percentage who had their cholesterol measured", "name": "Indicator"}]', '[{"alias": "", "name": "Metric"}, {"alias": "", "name": "Estimated Population"}]', 'SELECT * FROM "17b6135e-0690-4100-b680-5aeaed77b923" WHERE ("Indicator" = ''Percentage who had their cholesterol measured'')', '', '2020-11-19 19:04:09.555934', '2021-03-02 20:21:36.316101', false, 'main', 'cholesterol', 'e279a8e8-f0ec-4b0e-989b-4bb72fa69e03', '', '__View the [Cholesterol Factsheet]() to learn the key facts of alcohol consumption in Viet Nam from the STEPS Survey 2015__', '', '', NULL, NULL);
INSERT INTO public.ckanext_querytool (id, name, title, description, dataset_name, chart_resource, filters, y_axis_columns, sql_string, related_querytools, created, modified, private, type, "group", owner_org, icon, additional_description, image_url, image_display_url, selection_label, report_caption) VALUES ('71196325-a5fb-44ec-8dff-08bfeae60110', 'advice-demographics', 'Risk factors and lifestyle advice data by demographics', 'Compare the percentage of participants that received different types of health advices from health workers and the number of risk factors across sex, age, area of residence and other demographics.', 'other-steps-data', '63cdb7a4-9ecf-4d55-a795-4d1a4756166d', '[{"alias": "Topic", "visibility": "private", "order": 1, "value": "Lifestyle Advice and Risk Factors", "name": "Topic"}, {"alias": "Indicator", "visibility": "public", "order": 2, "value": "Percentage of respondents by number of combined risk factors", "name": "Indicator"}]', '[{"alias": "", "name": "Estimated Population"}, {"alias": "", "name": "Metric"}]', 'SELECT * FROM "63cdb7a4-9ecf-4d55-a795-4d1a4756166d" WHERE ("Topic" = ''Lifestyle Advice and Risk Factors'') AND ("Indicator" = ''Percentage of respondents by number of combined risk factors'')', '', '2020-12-03 16:25:03.951442', '2021-02-19 23:11:45.847951', false, 'main', 'other', 'e279a8e8-f0ec-4b0e-989b-4bb72fa69e03', '', '', '', '', NULL, NULL);
INSERT INTO public.ckanext_querytool (id, name, title, description, dataset_name, chart_resource, filters, y_axis_columns, sql_string, related_querytools, created, modified, private, type, "group", owner_org, icon, additional_description, image_url, image_display_url, selection_label, report_caption) VALUES ('17242b49-bdaa-4e95-b84a-89819f53ec27', 'access-overweight-and-obesity-related-data-by-demographics', 'Overweight and obesity data by demographics', 'A selected indicator on physical measurements is compared across all different demographic groups. For example:  
_What is the average body mass index across sex, age and location (urban versus rural)?_', 'overweight-and-obesity', 'ebc56be4-8271-498b-bb6a-f7011ae5b3cf', '[{"alias": "Indicator", "visibility": "public", "order": 1, "value": "Percentage by BMI category", "name": "Indicator"}]', '[{"alias": "", "name": "Metric"}, {"alias": "", "name": "Estimated Population"}]', 'SELECT * FROM "ebc56be4-8271-498b-bb6a-f7011ae5b3cf" WHERE ("Indicator" = ''Percentage by BMI category'')', '', '2020-12-08 19:06:55.664657', '2021-02-05 19:05:57.693928', false, 'main', 'overweight-and-obesity', 'e279a8e8-f0ec-4b0e-989b-4bb72fa69e03', '', '__View the [Overweight and Obesity Factsheet]() to learn the key facts on overweight and obesity in Viet Nam from the STEPS Survey 2015__', '', '', NULL, NULL);
INSERT INTO public.ckanext_querytool (id, name, title, description, dataset_name, chart_resource, filters, y_axis_columns, sql_string, related_querytools, created, modified, private, type, "group", owner_org, icon, additional_description, image_url, image_display_url, selection_label, report_caption) VALUES ('92892857-5aa0-4d1e-8263-7230b58eaa44', 'cardiovascular-cancer-demographics', 'Cardiovascular disease and cervical cancer data by demographics', 'An indicator of cardiovascular disease history or cervical cancer screening is compared across relevant demographic groups. For example:  
__What is the percentage of participants received advice from a health worker to reduce salt in their diet across sex, age and location (urban versus rural)?__', 'other-steps-data', '63cdb7a4-9ecf-4d55-a795-4d1a4756166d', '[{"alias": "Indicator", "visibility": "public", "order": 2, "value": "Percentage who have ever had a heart attack or chest pain from heart disease or a stroke", "name": "Indicator"}, {"alias": "Topic", "visibility": "private", "order": 1, "value": "Cardiovascular disease and cancer", "name": "Topic"}]', '[{"alias": "", "name": "Estimated Population"}, {"alias": "", "name": "Metric"}]', 'SELECT * FROM "63cdb7a4-9ecf-4d55-a795-4d1a4756166d" WHERE ("Indicator" = ''Percentage who have ever had a heart attack or chest pain from heart disease or a stroke'') AND ("Topic" = ''Cardiovascular disease and cancer'')', '', '2020-12-03 17:21:31.258089', '2021-02-05 19:06:44.036602', false, 'main', 'other', 'e279a8e8-f0ec-4b0e-989b-4bb72fa69e03', '', '', '', '', NULL, NULL);
INSERT INTO public.ckanext_querytool (id, name, title, description, dataset_name, chart_resource, filters, y_axis_columns, sql_string, related_querytools, created, modified, private, type, "group", owner_org, icon, additional_description, image_url, image_display_url, selection_label, report_caption) VALUES ('00f8e49a-8059-41fb-aa3f-9951dc6519f7', 'hypertension-demographics', 'Hypertension data by demographics', 'A selected indicator on blood pressure and hypertension is compared across all different demographic groups. For example:  
_What is the mean systolic blood pressure across sex, age and location (urban versus rural)?_', 'hypertension', '7359dc1d-a43c-4152-bf87-dd6401088505', '[{"alias": "Indicator", "visibility": "public", "order": 1, "value": "Percentage who had their blood pressure measured", "name": "Indicator"}]', '[{"alias": "", "name": "Metric"}, {"alias": "", "name": "Estimated Population"}]', 'SELECT * FROM "7359dc1d-a43c-4152-bf87-dd6401088505" WHERE ("Indicator" = ''Percentage who had their blood pressure measured'')', '', '2020-12-07 14:55:15.164196', '2021-03-18 14:03:24.228472', false, 'main', 'hypertension', 'e279a8e8-f0ec-4b0e-989b-4bb72fa69e03', '', '__View the [Hypertension Factsheet](https://public.tableau.com/views/HypertensionFactsheet/Data) to learn the key facts of high blood pressure in Viet Nam from the STEPS Survey 2015__', '', '', 'Select metric', NULL);
INSERT INTO public.ckanext_querytool (id, name, title, description, dataset_name, chart_resource, filters, y_axis_columns, sql_string, related_querytools, created, modified, private, type, "group", owner_org, icon, additional_description, image_url, image_display_url, selection_label, report_caption) VALUES ('d4768bde-a333-41f5-980f-4a97c00a6986', 'access-tobacco-use-data-by-demographics', 'Tobacco use data by demographics', 'A selected indicator on tobacco use is compared across all different demographic groups. For example:  
_What is the percentage of former smokers across sex, age and location (urban versus rural)?_', 'tobacco', '9fceacf5-e2a0-4632-b66c-fafd324f4b18', '[{"alias": "Indicator", "visibility": "public", "order": 1, "value": "Percentage who currently use tobacco in any form", "name": "Indicator"}]', '[{"alias": "", "name": "Metric"}, {"alias": "", "name": "Estimated Population"}]', 'SELECT * FROM "9fceacf5-e2a0-4632-b66c-fafd324f4b18" WHERE ("Indicator" = ''Percentage who currently use tobacco in any form'')', '', '2020-12-08 20:50:25.184781', '2021-03-18 14:07:30.203104', false, 'main', 'tobacco-use', 'e279a8e8-f0ec-4b0e-989b-4bb72fa69e03', '', '__View the [Tobacco Use Factsheet](https://public.tableau.com/views/TobaccoFactsheet_16154899392730/Data) to learn the key facts of tobacco use in Bangladesh from the STEPS Survey 2009__', '', '', 'Select metric', NULL);
INSERT INTO public.ckanext_querytool (id, name, title, description, dataset_name, chart_resource, filters, y_axis_columns, sql_string, related_querytools, created, modified, private, type, "group", owner_org, icon, additional_description, image_url, image_display_url, selection_label, report_caption) VALUES ('18159d39-de11-4968-89a1-f2491b132838', 'access-diet-data-by-demographics', 'Diet data by demographics', 'A selected indicator on diet is compared across all different demographic groups. For example:  
_What percentage of participants always or often add salt to their food across sex, age and location (urban versus rural)?_', 'diet', '8b7d278e-d7c7-45f9-8e4b-9829a39beb94', '[{"alias": "Indicator", "visibility": "public", "order": 1, "value": "Average number of days fruit is consumed in a typical week", "name": "Indicator"}]', '[{"alias": "", "name": "Metric"}, {"alias": "", "name": "Estimated Population"}]', 'SELECT * FROM "8b7d278e-d7c7-45f9-8e4b-9829a39beb94" WHERE ("Indicator" = ''Average number of days fruit is consumed in a typical week'')', '', '2020-12-07 20:56:48.439794', '2021-02-05 19:05:44.749266', false, 'main', 'diet', 'e279a8e8-f0ec-4b0e-989b-4bb72fa69e03', '', '__View the [Nutrition Factsheet]() to learn the key facts of nutrition in Viet Nam from the STEPS Survey 2015__', '', '', NULL, NULL);
INSERT INTO public.ckanext_querytool (id, name, title, description, dataset_name, chart_resource, filters, y_axis_columns, sql_string, related_querytools, created, modified, private, type, "group", owner_org, icon, additional_description, image_url, image_display_url, selection_label, report_caption) VALUES ('2968adb1-a1df-4687-829d-30c9f257a5f7', 'physical-demographics', 'Physical activity data by demographics', 'A selected indicator on physical activity is compared across all different demographic groups. For example:  
_What is the average minutes of work-related physical activity across sex, age and location (urban versus rural)?_', 'physical-activity', '10f93403-63aa-453e-8090-186b1915f5bd', '[{"alias": "Indicator", "visibility": "public", "order": 1, "value": "Percentage by level of total physical activity per recommendations", "name": "Indicator"}]', '[{"alias": "", "name": "Estimated Population"}, {"alias": "", "name": "Metric"}]', 'SELECT * FROM "10f93403-63aa-453e-8090-186b1915f5bd" WHERE ("Indicator" = ''Percentage by level of total physical activity per recommendations'')', '', '2020-12-08 20:40:34.042953', '2021-02-05 19:06:12.822384', false, 'main', 'physical-activity', 'e279a8e8-f0ec-4b0e-989b-4bb72fa69e03', '', '__View the [Physical Activity Factsheet]() to learn the key facts on physical activity in Viet Nam from the STEPS Survey 2015__', '', '', NULL, NULL);
INSERT INTO public.ckanext_querytool (id, name, title, description, dataset_name, chart_resource, filters, y_axis_columns, sql_string, related_querytools, created, modified, private, type, "group", owner_org, icon, additional_description, image_url, image_display_url, selection_label, report_caption) VALUES ('8155c2c9-65bd-499e-a593-09d1bf5c3445', 'diabetes-demographics', 'Diabetes data by demographics', 'A selected indicator on blood glucose and diabetes is compared across all different demographic groups. For example:  
_What is the percentage of self-reported diabetics across sex, age and location (urban versus rural)?_', 'diabetes', '8160b9cf-b6d0-4b2b-8b19-7ba9a86518a7', '[{"alias": "Indicator", "visibility": "public", "order": 1, "value": "Percentage who had their blood glucose measured", "name": "Indicator"}]', '[{"alias": "", "name": "Metric"}, {"alias": "", "name": "Estimated Population"}]', 'SELECT * FROM "8160b9cf-b6d0-4b2b-8b19-7ba9a86518a7" WHERE ("Indicator" = ''Percentage who had their blood glucose measured'')', '', '2020-12-03 15:52:53.985543', '2021-03-18 14:03:07.65966', false, 'main', 'diabetes', 'e279a8e8-f0ec-4b0e-989b-4bb72fa69e03', '', '__View the [Diabetes Factsheet](https://public.tableau.com/views/DiabetesFactsheet/Data) to learn the key facts of diabetes in Viet Nam from the STEPS Survey 2015__', '', '', 'Select metric', NULL);
INSERT INTO public.ckanext_querytool (id, name, title, description, dataset_name, chart_resource, filters, y_axis_columns, sql_string, related_querytools, created, modified, private, type, "group", owner_org, icon, additional_description, image_url, image_display_url, selection_label, report_caption) VALUES ('3eb472e2-9758-4d3e-bbb8-8aca66a14eb2', 'alcohol-demographics', 'Alcohol consumption data by demographics', 'A selected indicator on alcohol consumption is compared across all different demographic groups. For example:  
_What is the percentage of current drinkers across sex, age and location (urban versus rural)?_  
', 'alcohol', '7e41b140-d68d-4f95-84ef-99026798d63e', '[{"alias": "Indicator", "visibility": "public", "order": 1, "value": "Percentage who had never consumed alcohol", "name": "Indicator"}]', '[{"alias": "", "name": "Metric"}, {"alias": "", "name": "Estimated Population"}]', 'SELECT * FROM "7e41b140-d68d-4f95-84ef-99026798d63e" WHERE ("Indicator" = ''Percentage who had never consumed alcohol'')', '', '2020-11-19 16:10:15.041337', '2021-04-13 14:43:27.544933', false, 'main', 'alcohol', 'e279a8e8-f0ec-4b0e-989b-4bb72fa69e03', '', '__View the [Alcohol Consumption Factsheet](https://public.tableau.com/views/AlcoholFactsheet/Data) to learn the key facts of alcohol consumption in Viet Nam from the STEPS Survey 2015__', '', '', 'Select metric', '');


--
-- Data for Name: ckanext_querytool_visualizations; Type: TABLE DATA; Schema: public; Owner: ckan_vitals
--

INSERT INTO public.ckanext_querytool_visualizations (id, ckanext_querytool_id, name, visualizations, y_axis_column) VALUES ('ca2b61cb-6f8d-40d7-af7b-93c1400d648b', '8dbb7dce-a0fd-49d7-8ee5-59443d9ecdfb', 'cholesterol-demographics', '[{"x_tick_culling_max": null, "bar_width": "0.15", "color": null, "y_label": "", "filter_name": "Visualization Filter", "additional_description": "", "tick_count": "", "show_legend": "true", "dynamic_reference_type": "", "x_text_rotate": "0", "size": null, "show_labels": "false", "title": "{%% if measure != ''Estimated Population'' %%}\r\n\t\t{indicator|capitalize}, women by age group\r\n\t{%% elif  measure== ''Estimated Population'' %%}\r\n\t\t{ indicator| replace(\"Percentage\", \"Number of people\") }, women by age group\r\n{%% endif %%}\r\n", "chart_padding_bottom": null, "graph": "bar", "x_axis": "Demographic Characteristic", "dynamic_reference_factor": "", "y_tick_format": ",.0f", "filter_visibility": "private", "static_reference_label": "", "type": "chart", "dynamic_reference_label": "", "sort": "default", "color_type": "1", "donut_hole": null, "seq_color": "", "y_axis": "Metric", "category_name": "Answer", "tooltip_name": "", "x_text_multiline": "false", "filter_alias": "Sex_Age", "filter_value": "viz_women_age", "y_label_hide": "true", "data_format": ",.1f", "show_labels_as_percentages": "false", "plotly": "[{\"x\":[\"Measured\",\"Never measured\"],\"y\":[\"72.8\",\"27.2\"],\"type\":\"bar\",\"name\":\"Women  18-69\",\"width\":\"0.15\",\"marker\":{\"color\":\"rgb(0, 66, 157)\"}},{\"x\":[\"Measured\",\"Never measured\"],\"y\":[\"79.3\",\"20.7\"],\"type\":\"bar\",\"name\":\"Women 18-29\",\"width\":\"0.15\",\"marker\":{\"color\":\"rgb(165, 213, 216)\"}},{\"x\":[\"Measured\",\"Never measured\"],\"y\":[\"72.1\",\"27.9\"],\"type\":\"bar\",\"name\":\"Women 30-49\",\"width\":\"0.15\",\"marker\":{\"color\":\"rgb(115, 162, 198)\"}},{\"x\":[\"Measured\",\"Never measured\"],\"y\":[\"65.7\",\"34.3\"],\"type\":\"bar\",\"name\":\"Women 50-69\",\"width\":\"0.15\",\"marker\":{\"color\":\"rgb(71, 113, 178)\"}}]", "padding_bottom": "", "padding_top": "", "static_reference_columns": [], "y_from_zero": "false", "order": 6}, {"x_tick_culling_max": null, "bar_width": "0.3", "color": null, "y_label": "", "filter_name": "Visualization Filter", "additional_description": "", "tick_count": "", "show_legend": "true", "dynamic_reference_type": "", "x_text_rotate": "0", "size": null, "show_labels": "false", "title": "{%% if measure != ''Estimated Population'' %%}\r\n\t\t{indicator|capitalize} by area of residence\r\n\t{%% elif  measure== ''Estimated Population'' %%}\r\n\t\t{ indicator| replace(\"Percentage\", \"Number of people\") } by area of residence\r\n{%% endif %%}\r\n", "chart_padding_bottom": null, "graph": "bar", "x_axis": "Demographic Characteristic", "dynamic_reference_factor": "", "y_tick_format": ",.0f", "filter_visibility": "private", "static_reference_label": "", "type": "chart", "dynamic_reference_label": "", "sort": "default", "color_type": "1", "donut_hole": null, "seq_color": "", "y_axis": "Metric", "category_name": "Answer", "tooltip_name": "", "x_text_multiline": "false", "filter_alias": "Area", "filter_value": "viz_area", "y_label_hide": "true", "data_format": ",.1f", "show_labels_as_percentages": "false", "plotly": "[{\"x\":[\"Measured\",\"Never measured\"],\"y\":[null,null],\"type\":\"bar\",\"name\":\"Rural\",\"width\":\"0.3\",\"marker\":{\"color\":\"darkgray\"}},{\"x\":[\"Measured\",\"Never measured\"],\"y\":[null,null],\"type\":\"bar\",\"name\":\"Urban\",\"width\":\"0.3\",\"marker\":{\"color\":\"teal\"}}]", "padding_bottom": "", "padding_top": "", "static_reference_columns": [], "y_from_zero": "false", "order": 5}, {"x_tick_culling_max": null, "bar_width": "0.3", "color": null, "y_label": "Percentage", "filter_name": "Visualization Filter", "additional_description": "", "tick_count": "", "show_legend": "true", "dynamic_reference_type": "", "x_text_rotate": "0", "size": null, "show_labels": "false", "title": "\t{%% if measure != ''Estimated Population'' %%}\r\n\t\t{indicator|capitalize} by sex\r\n\t{%% elif  measure== ''Estimated Population'' %%}\r\n\t\t{ indicator| replace(\"Percentage\", \"Number of people\") } by sex\r\n{%% endif %%}\r\n", "chart_padding_bottom": null, "graph": "bar", "x_axis": "Demographic Characteristic", "dynamic_reference_factor": "", "y_tick_format": ",.0f", "filter_visibility": "private", "static_reference_label": "", "type": "chart", "dynamic_reference_label": "", "sort": "default", "color_type": "1", "donut_hole": null, "seq_color": "", "y_axis": "Metric", "category_name": "Answer", "tooltip_name": "", "x_text_multiline": "false", "filter_alias": "Sex", "filter_value": "viz_sex", "y_label_hide": "true", "data_format": ",.1f", "show_labels_as_percentages": "false", "plotly": "[{\"x\":[\"Measured\",\"Never measured\"],\"y\":[\"75.5\",\"24.5\"],\"type\":\"bar\",\"name\":\"Men\",\"width\":\"0.3\",\"marker\":{\"color\":\"darkseagreen\"}},{\"x\":[\"Measured\",\"Never measured\"],\"y\":[\"72.8\",\"27.2\"],\"type\":\"bar\",\"name\":\"Women\",\"width\":\"0.3\",\"marker\":{\"color\":\"green\"}}]", "padding_bottom": "", "padding_top": "", "static_reference_columns": [], "y_from_zero": "false", "order": 1}, {"x_tick_culling_max": null, "bar_width": "0.15", "color": null, "y_label": "", "filter_name": "Visualization Filter", "additional_description": "", "tick_count": "", "show_legend": "true", "dynamic_reference_type": "", "x_text_rotate": "0", "size": null, "show_labels": "false", "title": "{%% if measure != ''Estimated Population'' %%}\r\n\t\t{indicator|capitalize}, men by age group\r\n\t{%% elif  measure== ''Estimated Population'' %%}\r\n\t\t{ indicator| replace(\"Percentage\", \"Number of people\") }, men by age group\r\n{%% endif %%}\r\n", "chart_padding_bottom": null, "graph": "bar", "x_axis": "Demographic Characteristic", "dynamic_reference_factor": "", "y_tick_format": ",.0f", "filter_visibility": "private", "static_reference_label": "", "type": "chart", "dynamic_reference_label": "", "sort": "default", "color_type": "1", "donut_hole": null, "seq_color": "", "y_axis": "Metric", "category_name": "Answer", "tooltip_name": "", "x_text_multiline": "false", "filter_alias": "sex-age", "filter_value": "viz_men_age", "y_label_hide": "true", "data_format": ",.1f", "show_labels_as_percentages": "false", "plotly": "[{\"x\":[\"Measured\",\"Never measured\"],\"y\":[\"75.5\",\"24.5\"],\"type\":\"bar\",\"name\":\"Men  18-69\",\"width\":\"0.15\",\"marker\":{\"color\":\"rgb(0, 66, 157)\"}},{\"x\":[\"Measured\",\"Never measured\"],\"y\":[\"82.6\",\"17.4\"],\"type\":\"bar\",\"name\":\"Men 18-29\",\"width\":\"0.15\",\"marker\":{\"color\":\"rgb(165, 213, 216)\"}},{\"x\":[\"Measured\",\"Never measured\"],\"y\":[\"75.5\",\"24.5\"],\"type\":\"bar\",\"name\":\"Men 30-49\",\"width\":\"0.15\",\"marker\":{\"color\":\"rgb(115, 162, 198)\"}},{\"x\":[\"Measured\",\"Never measured\"],\"y\":[\"65.3\",\"34.7\"],\"type\":\"bar\",\"name\":\"Men 50-69\",\"width\":\"0.15\",\"marker\":{\"color\":\"rgb(71, 113, 178)\"}}]", "padding_bottom": "", "padding_top": "", "static_reference_columns": [], "y_from_zero": "false", "order": 7}, {"x_tick_culling_max": null, "bar_width": "0.15", "color": null, "y_label": "", "filter_name": "Visualization Filter", "additional_description": "", "tick_count": "", "show_legend": "true", "dynamic_reference_type": "", "x_text_rotate": "0", "size": null, "show_labels": "false", "title": "\t{%% if measure != ''Estimated Population'' %%}\r\n\t\t{indicator|capitalize} by age group\r\n\t{%% elif  measure== ''Estimated Population'' %%}\r\n\t\t{ indicator| replace(\"Percentage\", \"Number of people\") } by age group\r\n{%% endif %%}\r\n", "chart_padding_bottom": null, "graph": "bar", "x_axis": "Demographic Characteristic", "dynamic_reference_factor": "", "y_tick_format": ",.0f", "filter_visibility": "private", "static_reference_label": "", "type": "chart", "dynamic_reference_label": "", "sort": "default", "color_type": "1", "donut_hole": null, "seq_color": "", "y_axis": "Metric", "category_name": "Answer", "tooltip_name": "", "x_text_multiline": "false", "filter_alias": "Age", "filter_value": "viz_age", "y_label_hide": "true", "data_format": ",.1f", "show_labels_as_percentages": "false", "plotly": "[{\"x\":[\"Measured\",\"Never measured\"],\"y\":[\"74.1\",\"25.9\"],\"type\":\"bar\",\"name\":\" 18-69\",\"width\":\"0.15\",\"marker\":{\"color\":\"rgb(244, 106, 0)\"}},{\"x\":[\"Measured\",\"Never measured\"],\"y\":[\"80.9\",\"19.1\"],\"type\":\"bar\",\"name\":\"18-29\",\"width\":\"0.15\",\"marker\":{\"color\":\"rgb(254, 227, 145)\"}},{\"x\":[\"Measured\",\"Never measured\"],\"y\":[\"73.8\",\"26.2\"],\"type\":\"bar\",\"name\":\"30-49\",\"width\":\"0.15\",\"marker\":{\"color\":\"rgb(255, 198, 113)\"}},{\"x\":[\"Measured\",\"Never measured\"],\"y\":[\"65.5\",\"34.5\"],\"type\":\"bar\",\"name\":\"50-69\",\"width\":\"0.15\",\"marker\":{\"color\":\"rgb(254, 169, 81)\"}}]", "padding_bottom": "", "padding_top": "", "static_reference_columns": [], "y_from_zero": "false", "order": 4}, {"column_width": "Half", "type": "text_box", "order": 2, "description": "<p style=\"font-size:16px\">\r\nThe indicator value and confidence intervals are presented in the following table.  \r\n<br />\r\n<br />\r\n<br />\r\nIndicators that do not relate to people (for example, <em> mean HDL</em>) will not present information when \"estimated population\" is selected as the displayed measure.  \r\n<br />\r\n<br />\r\n<br />\r\nA table at the end shows the data for all demographic groups available for the selected indicator.  \r\n<br />\r\n<br />\r\n<br />\r\nDownload the underlying data by selecting the desired file format from the <em>download</em> button at the top. The data will include all demographic group comparisons, measures, and confidence intervals for the selected indicator.\r\n<br />\r\n<br />\r\n<br />\r\n</p>\r\n\r\n<p style=\"font-size:18px\">\r\n<b> Scroll down to visualize additional demographic group comparisons. </b>  \r\n</p>\r\n"}, {"column_width": "Half", "type": "text_box", "order": 9, "description": "###View the [Cholesterol Factsheet]() to learn the key facts of alcohol consumption in Viet Nam from the STEPS Survey 2015"}, {"title": "{indicator|capitalize} for all demographic groups", "filter_value": "Estimated", "filter_name": "Type of indicator", "data_format": ",.1f", "filter_visibility": "private", "main_value": "Demographic Characteristic", "y_axis": "Metric", "category_name": "Answer", "type": "table", "order": 8, "filter_alias": "Estimate"}, {"title": "\t{%% if measure != ''Estimated Population'' %%}\r\n\t\t{indicator|capitalize}\r\n\t{%% elif  measure== ''Estimated Population'' %%}\r\n\t\t{ indicator| replace(\"Percentage\", \"Number of people\") }\r\n{%% endif %%}\r\n, estimate and confidence intervals", "filter_value": "table_total", "filter_name": "Table Filter", "data_format": "", "filter_visibility": "private", "main_value": "Group - Answer", "y_axis": "Metric", "category_name": "Type of indicator", "type": "table", "order": 3, "filter_alias": "table"}]', 'Metric');
INSERT INTO public.ckanext_querytool_visualizations (id, ckanext_querytool_id, name, visualizations, y_axis_column) VALUES ('de6b438c-f785-470e-9c0a-aa861647b2f3', '835db4a3-c6b2-4b47-b9bd-bc4697ff107d', 'find-a-fact-on-alcohol-consumption', '[{"title": "Indicator value by demographic characteristics", "filter_value": "Estimated", "filter_name": "Type of indicator", "data_format": ",.2f", "filter_visibility": "private", "main_value": "Answer", "y_axis": "Metric", "category_name": "Demographic Characteristic", "type": "table", "order": 1, "filter_alias": "Estimated Value"}]', 'Metric');
INSERT INTO public.ckanext_querytool_visualizations (id, ckanext_querytool_id, name, visualizations, y_axis_column) VALUES ('e4eeb7e1-3217-4580-8539-43a78eb4f2c4', '18159d39-de11-4968-89a1-f2491b132838', 'access-diet-data-by-demographics', '[{"x_tick_culling_max": null, "bar_width": "0.15", "color": null, "y_label": "", "filter_name": "Visualization Filter", "additional_description": "", "tick_count": "", "show_legend": "true", "dynamic_reference_type": "", "x_text_rotate": "0", "size": null, "show_labels": "false", "title": "{%% if measure != ''Estimated Population'' %%}\r\n\t\t{indicator|capitalize}, women by age group\r\n\t{%% elif  measure== ''Estimated Population'' %%}\r\n\t\t{ indicator| replace(\"Percentage\", \"Number of people\") }, women by age group\r\n{%% endif %%}\r\n", "chart_padding_bottom": null, "graph": "bar", "x_axis": "Demographic Characteristic", "dynamic_reference_factor": "", "y_tick_format": "", "filter_visibility": "private", "static_reference_label": "", "type": "chart", "dynamic_reference_label": "", "sort": "default", "color_type": "1", "donut_hole": null, "seq_color": "", "y_axis": "Metric", "category_name": "Answer", "tooltip_name": "", "x_text_multiline": "false", "filter_alias": "women-age", "filter_value": "viz_women_age", "y_label_hide": "true", "data_format": ",.1f", "show_labels_as_percentages": "false", "plotly": "[{\"x\":[\"Average days with fruits\"],\"y\":[\"4.4\"],\"type\":\"bar\",\"name\":\"Women  18-69\",\"width\":\"0.15\",\"marker\":{\"color\":\"rgb(0, 66, 157)\"}},{\"x\":[\"Average days with fruits\"],\"y\":[\"4.7\"],\"type\":\"bar\",\"name\":\"Women 18-29\",\"width\":\"0.15\",\"marker\":{\"color\":\"rgb(165, 213, 216)\"}},{\"x\":[\"Average days with fruits\"],\"y\":[\"4.4\"],\"type\":\"bar\",\"name\":\"Women 30-49\",\"width\":\"0.15\",\"marker\":{\"color\":\"rgb(115, 162, 198)\"}},{\"x\":[\"Average days with fruits\"],\"y\":[\"4.1\"],\"type\":\"bar\",\"name\":\"Women 50-69\",\"width\":\"0.15\",\"marker\":{\"color\":\"rgb(71, 113, 178)\"}}]", "padding_bottom": "", "padding_top": "", "static_reference_columns": [], "y_from_zero": "false", "order": 6}, {"x_tick_culling_max": null, "bar_width": "0.3", "color": null, "y_label": "", "filter_name": "Visualization Filter", "additional_description": "", "tick_count": "", "show_legend": "true", "dynamic_reference_type": "", "x_text_rotate": "0", "size": null, "show_labels": "false", "title": "{%% if measure != ''Estimated Population'' %%}\r\n\t\t{indicator|capitalize} by area of residence\r\n\t{%% elif  measure== ''Estimated Population'' %%}\r\n\t\t{ indicator| replace(\"Percentage\", \"Number of people\") } by area of residence\r\n{%% endif %%}\r\n", "chart_padding_bottom": null, "graph": "bar", "x_axis": "Demographic Characteristic", "dynamic_reference_factor": "", "y_tick_format": "", "filter_visibility": "private", "static_reference_label": "", "type": "chart", "dynamic_reference_label": "", "sort": "default", "color_type": "1", "donut_hole": null, "seq_color": "", "y_axis": "Metric", "category_name": "Answer", "tooltip_name": "", "x_text_multiline": "false", "filter_alias": "area", "filter_value": "viz_area", "y_label_hide": "true", "data_format": ",.1f", "show_labels_as_percentages": "false", "plotly": "[{\"x\":[\"Average days with fruits\"],\"y\":[null],\"type\":\"bar\",\"name\":\"Rural\",\"width\":\"0.3\",\"marker\":{\"color\":\"darkgray\"}},{\"x\":[\"Average days with fruits\"],\"y\":[null],\"type\":\"bar\",\"name\":\"Urban\",\"width\":\"0.3\",\"marker\":{\"color\":\"teal\"}}]", "padding_bottom": "", "padding_top": "", "static_reference_columns": [], "y_from_zero": "false", "order": 5}, {"x_tick_culling_max": null, "bar_width": "0.3", "color": null, "y_label": "", "filter_name": "Visualization Filter", "additional_description": "", "tick_count": "", "show_legend": "true", "dynamic_reference_type": "", "x_text_rotate": "0", "size": null, "show_labels": "false", "title": "\t{%% if measure != ''Estimated Population'' %%}\r\n\t\t{indicator|capitalize} by sex\r\n\t{%% elif  measure== ''Estimated Population'' %%}\r\n\t\t{ indicator| replace(\"Percentage\", \"Number of people\") } by sex\r\n{%% endif %%}\r\n", "chart_padding_bottom": null, "graph": "bar", "x_axis": "Demographic Characteristic", "dynamic_reference_factor": "", "y_tick_format": "", "filter_visibility": "private", "static_reference_label": "", "type": "chart", "dynamic_reference_label": "", "sort": "default", "color_type": "1", "donut_hole": null, "seq_color": "", "y_axis": "Metric", "category_name": "Answer", "tooltip_name": "", "x_text_multiline": "false", "filter_alias": "sex", "filter_value": "viz_sex", "y_label_hide": "true", "data_format": ",.1f", "show_labels_as_percentages": "false", "plotly": "[{\"x\":[\"Average days with fruits\"],\"y\":[\"3.6\"],\"type\":\"bar\",\"name\":\"Men\",\"width\":\"0.3\",\"marker\":{\"color\":\"green\"}},{\"x\":[\"Average days with fruits\"],\"y\":[\"4.4\"],\"type\":\"bar\",\"name\":\"Women\",\"width\":\"0.3\",\"marker\":{\"color\":\"darkseagreen\"}}]", "padding_bottom": "", "padding_top": "", "static_reference_columns": [], "y_from_zero": "false", "order": 1}, {"x_tick_culling_max": null, "bar_width": "0.15", "color": null, "y_label": "", "filter_name": "Visualization Filter", "additional_description": "", "tick_count": "", "show_legend": "true", "dynamic_reference_type": "", "x_text_rotate": "0", "size": null, "show_labels": "false", "title": "{%% if measure != ''Estimated Population'' %%}\r\n\t\t{indicator|capitalize}, men by age group\r\n\t{%% elif  measure== ''Estimated Population'' %%}\r\n\t\t{ indicator| replace(\"Percentage\", \"Number of people\") }, men by age group\r\n{%% endif %%}\r\n", "chart_padding_bottom": null, "graph": "bar", "x_axis": "Demographic Characteristic", "dynamic_reference_factor": "", "y_tick_format": "", "filter_visibility": "private", "static_reference_label": "", "type": "chart", "dynamic_reference_label": "", "sort": "default", "color_type": "1", "donut_hole": null, "seq_color": "", "y_axis": "Metric", "category_name": "Answer", "tooltip_name": "", "x_text_multiline": "false", "filter_alias": "men-age", "filter_value": "viz_men_age", "y_label_hide": "true", "data_format": ",.1f", "show_labels_as_percentages": "false", "plotly": "[{\"x\":[\"Average days with fruits\"],\"y\":[\"3.6\"],\"type\":\"bar\",\"name\":\"Men  18-69\",\"width\":\"0.15\",\"marker\":{\"color\":\"rgb(0, 66, 157)\"}},{\"x\":[\"Average days with fruits\"],\"y\":[\"3.6\"],\"type\":\"bar\",\"name\":\"Men 18-29\",\"width\":\"0.15\",\"marker\":{\"color\":\"rgb(165, 213, 216)\"}},{\"x\":[\"Average days with fruits\"],\"y\":[\"3.6\"],\"type\":\"bar\",\"name\":\"Men 30-49\",\"width\":\"0.15\",\"marker\":{\"color\":\"rgb(115, 162, 198)\"}},{\"x\":[\"Average days with fruits\"],\"y\":[\"3.8\"],\"type\":\"bar\",\"name\":\"Men 50-69\",\"width\":\"0.15\",\"marker\":{\"color\":\"rgb(71, 113, 178)\"}}]", "padding_bottom": "", "padding_top": "", "static_reference_columns": [], "y_from_zero": "false", "order": 7}, {"x_tick_culling_max": null, "bar_width": "0.15", "color": null, "y_label": "", "filter_name": "Visualization Filter", "additional_description": "", "tick_count": "", "show_legend": "true", "dynamic_reference_type": "", "x_text_rotate": "0", "size": null, "show_labels": "false", "title": "\t{%% if measure != ''Estimated Population'' %%}\r\n\t\t{indicator|capitalize} by age group\r\n\t{%% elif  measure== ''Estimated Population'' %%}\r\n\t\t{ indicator| replace(\"Percentage\", \"Number of people\") } by age group\r\n{%% endif %%}\r\n", "chart_padding_bottom": null, "graph": "bar", "x_axis": "Demographic Characteristic", "dynamic_reference_factor": "", "y_tick_format": "", "filter_visibility": "private", "static_reference_label": "", "type": "chart", "dynamic_reference_label": "", "sort": "default", "color_type": "1", "donut_hole": null, "seq_color": "", "y_axis": "Metric", "category_name": "Answer", "tooltip_name": "", "x_text_multiline": "false", "filter_alias": "age", "filter_value": "viz_age", "y_label_hide": "true", "data_format": ",.1f", "show_labels_as_percentages": "false", "plotly": "[{\"x\":[\"Average days with fruits\"],\"y\":[\"4\"],\"type\":\"bar\",\"name\":\" 18-69\",\"width\":\"0.15\",\"marker\":{\"color\":\"rgb(244, 106, 0)\"}},{\"x\":[\"Average days with fruits\"],\"y\":[\"4.1\"],\"type\":\"bar\",\"name\":\"18-29\",\"width\":\"0.15\",\"marker\":{\"color\":\"rgb(254, 227, 145)\"}},{\"x\":[\"Average days with fruits\"],\"y\":[\"4\"],\"type\":\"bar\",\"name\":\"30-49\",\"width\":\"0.15\",\"marker\":{\"color\":\"rgb(255, 198, 113)\"}},{\"x\":[\"Average days with fruits\"],\"y\":[\"3.9\"],\"type\":\"bar\",\"name\":\"50-69\",\"width\":\"0.15\",\"marker\":{\"color\":\"rgb(250, 138, 48)\"}}]", "padding_bottom": "", "padding_top": "", "static_reference_columns": [], "y_from_zero": "false", "order": 4}, {"type": "text_box", "order": 2, "description": "<p style=\"font-size:16px\">\r\nThe indicator value and confidence intervals are presented in the following table.  \r\n<br />\r\n<br />\r\n<br />\r\nIndicators that do not relate to people (for example, <em> average number of days of fruit consumed in a typical week</em>) will not present information when \"estimated population\" is selected as the displayed measure.  \r\n<br />\r\n<br />\r\n<br />\r\nA table at the end shows the data for all demographic groups available for the selected indicator.  \r\n<br />\r\n<br />\r\n<br />\r\nDownload the underlying data by selecting the desired file format from the <em>download</em> button at the top. The data will include all demographic group comparisons, measures, and confidence intervals for the selected indicator.\r\n<br />\r\n<br />\r\n<br />\r\n</p>\r\n\r\n<p style=\"font-size:18px\">\r\n<b> Scroll down to visualize additional demographic group comparisons. </b>  \r\n</p>\r\n"}, {"type": "text_box", "order": 9, "description": "###View the [Nutrition Factsheet]() to learn the key facts of nutrition in Viet Nam from the STEPS Survey 2015"}, {"title": "\t{%% if measure != ''Estimated Population'' %%}\r\n\t\t{indicator|capitalize} \r\n\t{%% elif  measure== ''Estimated Population'' %%}\r\n\t\t{ indicator| replace(\"Percentage\", \"Number of people\") } \r\n{%% endif %%}\r\nfor all demographic groups", "filter_value": "Estimated", "filter_name": "Type of indicator", "data_format": ",.1f", "filter_visibility": "private", "main_value": "Demographic Characteristic", "y_axis": "Metric", "category_name": "Answer", "type": "table", "order": 8, "filter_alias": "indicator"}, {"title": "\t{%% if measure != ''Estimated Population'' %%}\r\n\t\t{indicator|capitalize}\r\n\t{%% elif  measure== ''Estimated Population'' %%}\r\n\t\t{ indicator| replace(\"Percentage\", \"Number of people\") }\r\n{%% endif %%}\r\n, estimate and confidence intervals", "filter_value": "table_total", "filter_name": "Table Filter", "data_format": "", "filter_visibility": "private", "main_value": "Group - Answer", "y_axis": "Metric", "category_name": "Type of indicator", "type": "table", "order": 3, "filter_alias": "table"}]', 'Metric');
INSERT INTO public.ckanext_querytool_visualizations (id, ckanext_querytool_id, name, visualizations, y_axis_column) VALUES ('3a7d94ed-4fd6-40ab-bae9-ab5b841d28a5', '3eb472e2-9758-4d3e-bbb8-8aca66a14eb2', 'alcohol-demographics', '[{"x_tick_culling_max": null, "bar_width": "0.15", "color": null, "y_label": "", "filter_name": "Visualization Filter", "additional_description": "__Source__: Data are from the Viet Nam 2015 STEPwise approach to noncommunicable disease risk factor surveillance (STEPS) survey, microdata available at: https://extranet.who.int/ncdsmicrodata/. For more information on definitions and sources visit: https://www.who.int/ncds/surveillance/steps/en/", "tick_count": "", "show_legend": "true", "dynamic_reference_type": "", "x_text_rotate": "0", "size": null, "show_labels": "false", "title": "{%% if measure != ''Estimated Population'' %%}\r\n\t\t{indicator|capitalize}, women by age group\r\n\t{%% elif  measure== ''Estimated Population'' %%}\r\n\t\t{ indicator| replace(\"Percentage\", \"Number of people\") }, women by age group\r\n{%% endif %%}, Viet Nam 2015", "chart_padding_bottom": null, "graph": "bar", "x_axis": "Demographic Characteristic", "dynamic_reference_factor": "", "y_tick_format": ",.0f", "filter_visibility": "private", "static_reference_label": "", "type": "chart", "dynamic_reference_label": "", "sort": "default", "color_type": "1", "donut_hole": null, "seq_color": "", "y_axis": "Metric", "category_name": "Answer", "tooltip_name": "", "x_text_multiline": "false", "filter_alias": "Sex_Age", "filter_value": "viz_women_age", "y_label_hide": "true", "data_format": ",.1f", "show_labels_as_percentages": "false", "plotly": "[{\"x\":[\"Lifetime abstainer\"],\"y\":[\"35.8\"],\"type\":\"bar\",\"name\":\"Women 18-29\",\"width\":\"0.15\",\"marker\":{\"color\":\"rgb(165, 213, 216)\"}},{\"x\":[\"Lifetime abstainer\"],\"y\":[\"41.6\"],\"type\":\"bar\",\"name\":\"Women 30-49\",\"width\":\"0.15\",\"marker\":{\"color\":\"rgb(115, 162, 198)\"}},{\"x\":[\"Lifetime abstainer\"],\"y\":[\"49\"],\"type\":\"bar\",\"name\":\"Women 50-69\",\"width\":\"0.15\",\"marker\":{\"color\":\"rgb(71, 113, 178)\"}},{\"x\":[\"Lifetime abstainer\"],\"y\":[\"41.6\"],\"type\":\"bar\",\"name\":\"Women \u00a018-69\",\"width\":\"0.15\",\"marker\":{\"color\":\"rgb(0, 66, 157)\"}}]", "padding_bottom": "", "padding_top": "", "static_reference_columns": [], "y_from_zero": "false", "order": 6}, {"x_tick_culling_max": null, "bar_width": "0.15", "color": null, "y_label": "", "filter_name": "Visualization Filter", "additional_description": "__Source__: Data are from the Viet Nam 2015 STEPwise approach to noncommunicable disease risk factor surveillance (STEPS) survey, microdata available at: https://extranet.who.int/ncdsmicrodata/. For more information on definitions and sources visit: https://www.who.int/ncds/surveillance/steps/en/", "tick_count": "", "show_legend": "true", "dynamic_reference_type": "", "x_text_rotate": "0", "size": null, "show_labels": "false", "title": "{%% if measure != ''Estimated Population'' %%}\r\n\t\t{indicator|capitalize}\r\n\t{%% elif  measure== ''Estimated Population'' %%}\r\n\t\t{ indicator| replace(\"Percentage\", \"Number of people\") }\r\n{%% endif %%} by age group, Viet Nam 2015", "chart_padding_bottom": null, "graph": "bar", "x_axis": "Demographic Characteristic", "dynamic_reference_factor": "", "y_tick_format": ",.0f", "filter_visibility": "private", "static_reference_label": "", "type": "chart", "dynamic_reference_label": "", "sort": "default", "color_type": "1", "donut_hole": null, "seq_color": "#feedde,#fdbe85", "y_axis": "Metric", "category_name": "Answer", "tooltip_name": "", "x_text_multiline": "false", "filter_alias": "age", "filter_value": "viz_age", "y_label_hide": "true", "data_format": ",.1f", "show_labels_as_percentages": "false", "plotly": "[{\"x\":[\"Lifetime abstainer\"],\"y\":[\"22.5\"],\"type\":\"bar\",\"name\":\" 18-69\",\"width\":\"0.15\",\"marker\":{\"color\":\"rgb(244, 106, 0)\"}},{\"x\":[\"Lifetime abstainer\"],\"y\":[\"19.4\"],\"type\":\"bar\",\"name\":\"18-29\",\"width\":\"0.15\",\"marker\":{\"color\":\"rgb(254, 227, 145)\"}},{\"x\":[\"Lifetime abstainer\"],\"y\":[\"22.1\"],\"type\":\"bar\",\"name\":\"30-49\",\"width\":\"0.15\",\"marker\":{\"color\":\"rgb(254, 169, 81)\"}},{\"x\":[\"Lifetime abstainer\"],\"y\":[\"27.4\"],\"type\":\"bar\",\"name\":\"50-69\",\"width\":\"0.15\",\"marker\":{\"color\":\"rgb(250, 138, 48)\"}}]", "padding_bottom": "", "padding_top": "", "static_reference_columns": [], "y_from_zero": "false", "order": 4}, {"x_tick_culling_max": null, "bar_width": "0.3", "color": null, "y_label": "", "filter_name": "Visualization Filter", "additional_description": "__Source__: Data are from the Viet Nam 2015 STEPwise approach to noncommunicable disease risk factor surveillance (STEPS) survey, microdata available at: https://extranet.who.int/ncdsmicrodata/. For more information on definitions and sources visit: https://www.who.int/ncds/surveillance/steps/en/", "tick_count": "", "show_legend": "true", "dynamic_reference_type": "", "x_text_rotate": "0", "size": null, "show_labels": "false", "title": "{%% if measure != ''Estimated Population'' %%}\r\n\t\t{indicator|capitalize} by area of residence\r\n\t{%% elif  measure== ''Estimated Population'' %%}\r\n\t\t{ indicator| replace(\"Percentage\", \"Number of people\") } by area of residence\r\n{%% endif %%}, Viet Nam 2015\r\n", "chart_padding_bottom": null, "graph": "bar", "x_axis": "Demographic Characteristic", "dynamic_reference_factor": "", "y_tick_format": ",.0f", "filter_visibility": "private", "static_reference_label": "", "type": "chart", "dynamic_reference_label": "", "sort": "default", "color_type": "1", "donut_hole": null, "seq_color": "", "y_axis": "Metric", "category_name": "Answer", "tooltip_name": "", "x_text_multiline": "false", "filter_alias": "Area", "filter_value": "viz_area", "y_label_hide": "true", "data_format": ",.1f", "show_labels_as_percentages": "false", "plotly": "[{\"x\":[\"Lifetime abstainer\"],\"y\":[\"2.5\"],\"type\":\"bar\",\"name\":\"Rural\",\"width\":\"0.3\",\"marker\":{\"color\":\"darkgray\"}},{\"x\":[\"Lifetime abstainer\"],\"y\":[\"3.9\"],\"type\":\"bar\",\"name\":\"Urban\",\"width\":\"0.3\",\"marker\":{\"color\":\"teal\"}}]", "padding_bottom": "", "padding_top": "", "static_reference_columns": [], "y_from_zero": "false", "order": 5}, {"x_tick_culling_max": null, "bar_width": "0.3", "color": null, "y_label": "", "filter_name": "Visualization Filter", "additional_description": "__Source__: Data are from the Viet Nam 2015 STEPwise approach to noncommunicable disease risk factor surveillance (STEPS) survey, microdata available at: https://extranet.who.int/ncdsmicrodata/. For more information on definitions and sources visit: https://www.who.int/ncds/surveillance/steps/en/", "tick_count": "", "show_legend": "true", "dynamic_reference_type": "", "x_text_rotate": "0", "size": null, "show_labels": "false", "title": "{%% if measure != ''Estimated Population'' %%}\r\n\t\t{indicator|capitalize}\r\n\t{%% elif  measure== ''Estimated Population'' %%}\r\n\t\t{ indicator| replace(\"Percentage\", \"Number of people\") }\r\n{%% endif %%}\r\nby sex, Viet Nam 2015", "chart_padding_bottom": null, "graph": "bar", "x_axis": "Demographic Characteristic", "dynamic_reference_factor": "", "y_tick_format": ",.0f", "filter_visibility": "private", "static_reference_label": "", "type": "chart", "dynamic_reference_label": "", "sort": "default", "color_type": "1", "donut_hole": null, "seq_color": "", "y_axis": "Metric", "category_name": "Answer", "tooltip_name": "", "x_text_multiline": "false", "filter_alias": "Sex", "filter_value": "viz_sex", "y_label_hide": "true", "data_format": ",.1f", "show_labels_as_percentages": "false", "plotly": "[{\"x\":[\"Lifetime abstainer\"],\"y\":[\"3\"],\"type\":\"bar\",\"name\":\"Men\",\"width\":\"0.3\",\"marker\":{\"color\":\"green\"}},{\"x\":[\"Lifetime abstainer\"],\"y\":[\"41.6\"],\"type\":\"bar\",\"name\":\"Women\",\"width\":\"0.3\",\"marker\":{\"color\":\"darkseagreen\"}}]", "padding_bottom": "", "padding_top": "", "static_reference_columns": [], "y_from_zero": "false", "order": 1}, {"x_tick_culling_max": null, "bar_width": "0.15", "color": null, "y_label": "", "filter_name": "Visualization Filter", "additional_description": "__Source__: Data are from the Viet Nam 2015 STEPwise approach to noncommunicable disease risk factor surveillance (STEPS) survey, microdata available at: https://extranet.who.int/ncdsmicrodata/. For more information on definitions and sources visit: https://www.who.int/ncds/surveillance/steps/en/", "tick_count": "", "show_legend": "true", "dynamic_reference_type": "", "x_text_rotate": "0", "size": null, "show_labels": "false", "title": "{%% if measure != ''Estimated Population'' %%}\r\n\t\t{indicator|capitalize}, men by age group\r\n\t{%% elif  measure== ''Estimated Population'' %%}\r\n\t\t{ indicator| replace(\"Percentage\", \"Number of people\") }, men by age group\r\n{%% endif %%}, Viet Nam 2015", "chart_padding_bottom": null, "graph": "bar", "x_axis": "Demographic Characteristic", "dynamic_reference_factor": "", "y_tick_format": ",.0f", "filter_visibility": "private", "static_reference_label": "", "type": "chart", "dynamic_reference_label": "", "sort": "default", "color_type": "1", "donut_hole": null, "seq_color": "", "y_axis": "Metric", "category_name": "Answer", "tooltip_name": "", "x_text_multiline": "false", "filter_alias": "men-age", "filter_value": "viz_men_age", "y_label_hide": "true", "data_format": ",.1f", "show_labels_as_percentages": "false", "plotly": "[{\"x\":[\"Lifetime abstainer\"],\"y\":[\"3.5\"],\"type\":\"bar\",\"name\":\"Men 18-29\",\"width\":\"0.15\",\"marker\":{\"color\":\"rgb(165, 213, 216)\"}},{\"x\":[\"Lifetime abstainer\"],\"y\":[\"2.7\"],\"type\":\"bar\",\"name\":\"Men 30-49\",\"width\":\"0.15\",\"marker\":{\"color\":\"rgb(115, 162, 198)\"}},{\"x\":[\"Lifetime abstainer\"],\"y\":[\"2.8\"],\"type\":\"bar\",\"name\":\"Men 50-69\",\"width\":\"0.15\",\"marker\":{\"color\":\"rgb(71, 113, 178)\"}},{\"x\":[\"Lifetime abstainer\"],\"y\":[\"3\"],\"type\":\"bar\",\"name\":\"Men \u00a018-69\",\"width\":\"0.15\",\"marker\":{\"color\":\"rgb(0, 66, 157)\"}}]", "padding_bottom": "", "padding_top": "", "static_reference_columns": [], "y_from_zero": "false", "order": 7}, {"column_width": "Half", "type": "text_box", "order": 2, "description": "<p style=\"font-size:16px\">\r\nThe indicator value and confidence intervals are presented in the following table.  \r\n<br />\r\n<br />\r\nIndicators that do not relate to people (for example, <em>average number of days of alcohol consumption among current drinkers</em>) will not present information when \"estimated population\" is selected as the displayed measure.  \r\n<br />\r\n<br />\r\nA table at the end shows the data for all demographic groups available for the selected indicator.  \r\n<br />\r\n<br />\r\nDownload the underlying data by selecting the desired file format from the <em>download</em> button at the top. The data will include all demographic group comparisons, measures, and confidence intervals for the selected indicator.\r\n<br />\r\n</p>\r\n\r\n<p style=\"font-size:18px\">\r\n<b> Scroll down to visualize additional demographic group comparisons. </b>  \r\n</p>\r\n"}, {"column_width": "Half", "type": "text_box", "order": 9, "description": "###View the [Alcohol Consumption Factsheet](https://public.tableau.com/views/AlcoholFactsheet/Data) to learn the key facts of alcohol consumption in Viet Nam from the STEPS Survey 2015"}, {"title": "\t{%% if measure != ''Estimated Population'' %%}\r\n\t\t{indicator|capitalize} \r\n\t{%% elif  measure== ''Estimated Population'' %%}\r\n\t\t{ indicator| replace(\"Percentage\", \"Number of people\") } \r\n{%% endif %%}\r\nfor all demographic groups, Viet Nam 2015", "filter_value": "Estimated", "filter_name": "Type of indicator", "data_format": ",.1f", "filter_visibility": "private", "main_value": "Demographic Characteristic", "y_axis": "Metric", "category_name": "Answer", "type": "table", "order": 8, "filter_alias": "Indicator"}, {"title": "\t{%% if measure != ''Estimated Population'' %%}\r\n\t\t{indicator|capitalize}\r\n\t{%% elif  measure== ''Estimated Population'' %%}\r\n\t\t{ indicator| replace(\"Percentage\", \"Number of people\") }\r\n{%% endif %%}\r\n, estimate and confidence intervals, Viet Nam 2015", "filter_value": "table_total", "filter_name": "Table Filter", "data_format": "", "filter_visibility": "private", "main_value": "Group - Answer", "y_axis": "Metric", "category_name": "Type of indicator", "type": "table", "order": 3, "filter_alias": "table"}]', 'Metric');
INSERT INTO public.ckanext_querytool_visualizations (id, ckanext_querytool_id, name, visualizations, y_axis_column) VALUES ('b0896835-ac01-426a-ad63-001791509677', 'd4768bde-a333-41f5-980f-4a97c00a6986', 'access-tobacco-use-data-by-demographics', '[{"x_tick_culling_max": null, "bar_width": "0.15", "color": null, "y_label": "", "filter_name": "Visualization Filter", "additional_description": "__Source__: Data are from the Bangladesh 2009 STEPwise approach to noncommunicable disease risk factor surveillance (STEPS) survey, microdata available at: https://extranet.who.int/ncdsmicrodata/. For more information on definitions and sources visit: https://www.who.int/ncds/surveillance/steps/en/", "tick_count": "", "show_legend": "true", "dynamic_reference_type": "", "donut_hole": null, "x_text_rotate": "0", "size": null, "show_labels": "false", "title": "{%% if measure != ''Estimated Population'' %%}\r\n\t\t{indicator|capitalize}, women by age group\r\n\t{%% elif  measure== ''Estimated Population'' %%}\r\n\t\t{ indicator| replace(\"Percentage\", \"Number of people\") }, women by age group\r\n{%% endif %%}, Bangladesh 2009\r\n", "chart_padding_bottom": null, "graph": "bar", "x_axis": "Demographic Characteristic", "dynamic_reference_factor": "", "y_tick_format": ",.0f", "filter_visibility": "private", "static_reference_label": "", "type": "chart", "dynamic_reference_label": "", "sort": "default", "color_type": "1", "x_tick_format": "", "x_from_zero": "false", "show_annotations": "true", "seq_color": "", "y_axis": "Metric", "x_label_hide": "false", "category_name": "Answer", "tooltip_name": "", "x_text_multiline": "false", "filter_alias": "women-age", "filter_value": "viz_women_age", "y_label_hide": "true", "data_format": ",.1f", "show_labels_as_percentages": "false", "x_label": "", "plotly": "[{\"x\":[\"Prevalence (any form)\"],\"y\":[\"16.8\"],\"type\":\"bar\",\"name\":\"Women 25-34\",\"width\":\"0.15\",\"marker\":{\"color\":\"rgb(165, 213, 216)\"}},{\"x\":[\"Prevalence (any form)\"],\"y\":[\"37.4\"],\"type\":\"bar\",\"name\":\"Women 35-44\",\"width\":\"0.15\",\"marker\":{\"color\":\"rgb(115, 162, 198)\"}},{\"x\":[\"Prevalence (any form)\"],\"y\":[\"50.5\"],\"type\":\"bar\",\"name\":\"Women 45-54\",\"width\":\"0.15\",\"marker\":{\"color\":\"rgb(71, 113, 178)\"}},{\"x\":[\"Prevalence (any form)\"],\"y\":[\"58.4\"],\"type\":\"bar\",\"name\":\"Women 55-64\",\"width\":\"0.15\",\"marker\":{\"color\":\"rgb(0, 66, 157)\"}}]", "padding_bottom": "", "padding_top": "", "static_reference_columns": [], "y_from_zero": "false", "order": 6}, {"x_tick_culling_max": null, "bar_width": "0.3", "color": null, "y_label": "", "filter_name": "Visualization Filter", "additional_description": "__Source__: Data are from the Bangladesh 2009 STEPwise approach to noncommunicable disease risk factor surveillance (STEPS) survey, microdata available at: https://extranet.who.int/ncdsmicrodata/. For more information on definitions and sources visit: https://www.who.int/ncds/surveillance/steps/en/", "tick_count": "", "show_legend": "true", "dynamic_reference_type": "", "donut_hole": null, "x_text_rotate": "0", "size": null, "show_labels": "false", "title": "{%% if measure != ''Estimated Population'' %%}\r\n\t\t{indicator|capitalize} by area of residence\r\n\t{%% elif  measure== ''Estimated Population'' %%}\r\n\t\t{ indicator| replace(\"Percentage\", \"Number of people\") } by area of residence\r\n{%% endif %%}, Bangladesh 2009\r\n", "chart_padding_bottom": null, "graph": "bar", "x_axis": "Demographic Characteristic", "dynamic_reference_factor": "", "y_tick_format": ",.0f", "filter_visibility": "private", "static_reference_label": "", "type": "chart", "dynamic_reference_label": "", "sort": "default", "color_type": "1", "x_tick_format": "", "x_from_zero": "false", "show_annotations": "true", "seq_color": "", "y_axis": "Metric", "x_label_hide": "false", "category_name": "Answer", "tooltip_name": "", "x_text_multiline": "false", "filter_alias": "area", "filter_value": "viz_area", "y_label_hide": "true", "data_format": ",.1f", "show_labels_as_percentages": "false", "x_label": "", "plotly": "[{\"x\":[\"Prevalence (any form)\"],\"y\":[\"48.45\"],\"type\":\"bar\",\"name\":\"Rural\",\"width\":\"0.3\",\"marker\":{\"color\":\"darkgray\"}},{\"x\":[\"Prevalence (any form)\"],\"y\":[\"53.55\"],\"type\":\"bar\",\"name\":\"Urban\",\"width\":\"0.3\",\"marker\":{\"color\":\"teal\"}}]", "padding_bottom": "", "padding_top": "", "static_reference_columns": [], "y_from_zero": "false", "order": 5}, {"x_tick_culling_max": null, "bar_width": "0.3", "color": null, "y_label": "", "filter_name": "Visualization Filter", "additional_description": "__Source__: Data are from the Bangladesh 2009 STEPwise approach to noncommunicable disease risk factor surveillance (STEPS) survey, microdata available at: https://extranet.who.int/ncdsmicrodata/. For more information on definitions and sources visit: https://www.who.int/ncds/surveillance/steps/en/", "tick_count": "", "show_legend": "true", "dynamic_reference_type": "", "donut_hole": null, "x_text_rotate": "0", "size": null, "show_labels": "false", "title": "\t{%% if measure != ''Estimated Population'' %%}\r\n\t\t{indicator|capitalize} by sex\r\n\t{%% elif  measure== ''Estimated Population'' %%}\r\n\t\t{ indicator| replace(\"Percentage\", \"Number of people\") } by sex\r\n{%% endif %%}, Bangladesh 2009\r\n", "chart_padding_bottom": null, "graph": "bar", "x_axis": "Demographic Characteristic", "dynamic_reference_factor": "", "y_tick_format": ",.0f", "filter_visibility": "private", "static_reference_label": "", "type": "chart", "dynamic_reference_label": "", "sort": "default", "color_type": "1", "x_tick_format": "", "x_from_zero": "false", "show_annotations": "true", "seq_color": "", "y_axis": "Metric", "x_label_hide": "false", "category_name": "Answer", "tooltip_name": "", "x_text_multiline": "false", "filter_alias": "sex", "filter_value": "viz_sex", "y_label_hide": "true", "data_format": ",.1f", "show_labels_as_percentages": "false", "x_label": "", "plotly": "[{\"x\":[\"Prevalence (any form)\"],\"y\":[\"70\"],\"type\":\"bar\",\"name\":\"Men\",\"width\":\"0.3\",\"marker\":{\"color\":\"green\"}},{\"x\":[\"Prevalence (any form)\"],\"y\":[\"34.4\"],\"type\":\"bar\",\"name\":\"Women\",\"width\":\"0.3\",\"marker\":{\"color\":\"darkseagreen\"}}]", "padding_bottom": "", "padding_top": "", "static_reference_columns": [], "y_from_zero": "false", "order": 1}, {"x_tick_culling_max": null, "bar_width": "0.15", "color": null, "y_label": "", "filter_name": "Visualization Filter", "additional_description": "__Source__: Data are from the Bangladesh 2009 STEPwise approach to noncommunicable disease risk factor surveillance (STEPS) survey, microdata available at: https://extranet.who.int/ncdsmicrodata/. For more information on definitions and sources visit: https://www.who.int/ncds/surveillance/steps/en/", "tick_count": "", "show_legend": "true", "dynamic_reference_type": "", "donut_hole": null, "x_text_rotate": "0", "size": null, "show_labels": "false", "title": "{%% if measure != ''Estimated Population'' %%}\r\n\t\t{indicator|capitalize}, men by age group\r\n\t{%% elif  measure== ''Estimated Population'' %%}\r\n\t\t{ indicator| replace(\"Percentage\", \"Number of people\") }, men by age group\r\n{%% endif %%}, Bangladesh 2009\r\n", "chart_padding_bottom": null, "graph": "bar", "x_axis": "Demographic Characteristic", "dynamic_reference_factor": "", "y_tick_format": ",.0f", "filter_visibility": "private", "static_reference_label": "", "type": "chart", "dynamic_reference_label": "", "sort": "default", "color_type": "1", "x_tick_format": "", "x_from_zero": "false", "show_annotations": "true", "seq_color": "", "y_axis": "Metric", "x_label_hide": "false", "category_name": "Answer", "tooltip_name": "", "x_text_multiline": "false", "filter_alias": "men-age", "filter_value": "viz_men_age", "y_label_hide": "true", "data_format": ",.1f", "show_labels_as_percentages": "false", "x_label": "", "plotly": "[{\"x\":[\"Prevalence (any form)\"],\"y\":[\"62.4\"],\"type\":\"bar\",\"name\":\"Men 25-34\",\"width\":\"0.15\",\"marker\":{\"color\":\"rgb(165, 213, 216)\"}},{\"x\":[\"Prevalence (any form)\"],\"y\":[\"71.7\"],\"type\":\"bar\",\"name\":\"Men 35-44\",\"width\":\"0.15\",\"marker\":{\"color\":\"rgb(115, 162, 198)\"}},{\"x\":[\"Prevalence (any form)\"],\"y\":[\"74.8\"],\"type\":\"bar\",\"name\":\"Men 45-54\",\"width\":\"0.15\",\"marker\":{\"color\":\"rgb(71, 113, 178)\"}},{\"x\":[\"Prevalence (any form)\"],\"y\":[\"75.9\"],\"type\":\"bar\",\"name\":\"Men 55-64\",\"width\":\"0.15\",\"marker\":{\"color\":\"rgb(0, 66, 157)\"}}]", "padding_bottom": "", "padding_top": "", "static_reference_columns": [], "y_from_zero": "false", "order": 7}, {"x_tick_culling_max": null, "bar_width": "0.15", "color": null, "y_label": "", "filter_name": "Visualization Filter", "additional_description": "__Source__: Data are from the Bangladesh 2009 STEPwise approach to noncommunicable disease risk factor surveillance (STEPS) survey, microdata available at: https://extranet.who.int/ncdsmicrodata/. For more information on definitions and sources visit: https://www.who.int/ncds/surveillance/steps/en/", "tick_count": "", "show_legend": "true", "dynamic_reference_type": "", "donut_hole": null, "x_text_rotate": "0", "size": null, "show_labels": "false", "title": "\t{%% if measure != ''Estimated Population'' %%}\r\n\t\t{indicator|capitalize} by age group\r\n\t{%% elif  measure== ''Estimated Population'' %%}\r\n\t\t{ indicator| replace(\"Percentage\", \"Number of people\") } by age group\r\n{%% endif %%}, Bangladesh 2009\r\n", "chart_padding_bottom": null, "graph": "bar", "x_axis": "Demographic Characteristic", "dynamic_reference_factor": "", "y_tick_format": ",.0f", "filter_visibility": "private", "static_reference_label": "", "type": "chart", "dynamic_reference_label": "", "sort": "default", "color_type": "1", "x_tick_format": "", "x_from_zero": "false", "show_annotations": "true", "seq_color": "", "y_axis": "Metric", "x_label_hide": "false", "category_name": "Answer", "tooltip_name": "", "x_text_multiline": "false", "filter_alias": "age", "filter_value": "viz_age", "y_label_hide": "true", "data_format": ",.1f", "show_labels_as_percentages": "false", "x_label": "", "plotly": "[{\"x\":[\"Prevalence (any form)\"],\"y\":[\"33.7\"],\"type\":\"bar\",\"name\":\"25-34\",\"width\":\"0.15\",\"marker\":{\"color\":\"rgb(254, 227, 145)\"}},{\"x\":[\"Prevalence (any form)\"],\"y\":[\"52\"],\"type\":\"bar\",\"name\":\"35-44\",\"width\":\"0.15\",\"marker\":{\"color\":\"rgb(255, 198, 113)\"}},{\"x\":[\"Prevalence (any form)\"],\"y\":[\"63.2\"],\"type\":\"bar\",\"name\":\"45-54\",\"width\":\"0.15\",\"marker\":{\"color\":\"rgb(254, 169, 81)\"}},{\"x\":[\"Prevalence (any form)\"],\"y\":[\"68.5\"],\"type\":\"bar\",\"name\":\"55-64\",\"width\":\"0.15\",\"marker\":{\"color\":\"rgb(244, 106, 0)\"}}]", "padding_bottom": "", "padding_top": "", "static_reference_columns": [], "y_from_zero": "false", "order": 4}, {"column_width": "Half", "type": "text_box", "order": 2, "description": "<p style=\"font-size:16px\">\r\nThe indicator value and confidence intervals are presented in the following table.  \r\n<br />\r\n<br />\r\n<br />\r\nIndicators that do not relate to people (for example, <em> average number of manufactured cigarettes smoked daily</em>) will not present information when \"estimated population\" is selected as the displayed measure.  \r\n<br />\r\n<br />\r\n<br />\r\nA table at the end shows the data for all demographic groups available for the selected indicator.  \r\n<br />\r\n<br />\r\n<br />\r\nDownload the underlying data by selecting the desired file format from the <em>download</em> button at the top. The data will include all demographic group comparisons, measures, and confidence intervals for the selected indicator.\r\n<br />\r\n<br />\r\n<br />\r\n</p>\r\n\r\n<p style=\"font-size:18px\">\r\n<b> Scroll down to visualize additional demographic group comparisons. </b>  \r\n</p>\r\n"}, {"column_width": "Half", "type": "text_box", "order": 9, "description": "###View the [Tobacco Use Factsheet](https://public.tableau.com/views/TobaccoFactsheet_16154899392730/Data) to learn the key facts of tobacco use in Bangladesh from the STEPS Survey 2009"}, {"title": "\t{%% if measure != ''Estimated Population'' %%}\r\n\t\t{indicator|capitalize} \r\n\t{%% elif  measure== ''Estimated Population'' %%}\r\n\t\t{ indicator| replace(\"Percentage\", \"Number of people\") } \r\n{%% endif %%}\r\nfor all demographic groups, Bangladesh 2009", "filter_value": "Estimated", "filter_name": "Type of indicator", "data_format": ",.1f", "filter_visibility": "private", "main_value": "Demographic Characteristic", "y_axis": "Metric", "category_name": "Answer", "type": "table", "order": 8, "filter_alias": "indicator"}, {"title": "\t{%% if measure != ''Estimated Population'' %%}\r\n\t\t{indicator|capitalize}\r\n\t{%% elif  measure== ''Estimated Population'' %%}\r\n\t\t{ indicator| replace(\"Percentage\", \"Number of people\") }\r\n{%% endif %%}\r\n, estimate and confidence intervals, Bangladesh 2009", "filter_value": "table_total", "filter_name": "Table Filter", "data_format": "", "filter_visibility": "private", "main_value": "Group - Answer", "y_axis": "Metric", "category_name": "Type of indicator", "type": "table", "order": 3, "filter_alias": "table"}]', 'Metric');
INSERT INTO public.ckanext_querytool_visualizations (id, ckanext_querytool_id, name, visualizations, y_axis_column) VALUES ('2dc21e21-f8e8-418f-a9b8-cc40887c6540', '17242b49-bdaa-4e95-b84a-89819f53ec27', 'access-overweight-and-obesity-related-data-by-demographics', '[{"x_tick_culling_max": null, "bar_width": "0.15", "color": null, "y_label": "", "filter_name": "Visualization Filter", "additional_description": "", "tick_count": "", "show_legend": "true", "dynamic_reference_type": "", "x_text_rotate": "0", "size": null, "show_labels": "false", "title": "{%% if measure != ''Estimated Population'' %%}\r\n\t\t{indicator}, women by age group\r\n\t{%% elif  measure== ''Estimated Population'' %%}\r\n\t\t{ indicator| replace(\"Percentage\", \"Number of people\") }, women by age group\r\n{%% endif %%}\r\n", "chart_padding_bottom": null, "graph": "bar", "x_axis": "Demographic Characteristic", "dynamic_reference_factor": "", "y_tick_format": "", "filter_visibility": "private", "static_reference_label": "", "type": "chart", "dynamic_reference_label": "", "sort": "default", "color_type": "1", "donut_hole": null, "seq_color": "", "y_axis": "Metric", "category_name": "Answer", "tooltip_name": "", "x_text_multiline": "false", "filter_alias": "women-age", "filter_value": "viz_women_age", "y_label_hide": "true", "data_format": ",.1f", "show_labels_as_percentages": "false", "plotly": "[{\"x\":[\"1.Underweight (<18.5)\",\"2.Normal weight (18.5-24.9)\",\"3.Overweight (25-59.9)\",\"4.Obese (>=30)\"],\"y\":[\"12.6\",\"71\",\"14.7\",\"1.7\"],\"type\":\"bar\",\"name\":\"Women  18-69\",\"width\":\"0.15\",\"marker\":{\"color\":\"rgb(0, 66, 157)\"}},{\"x\":[\"1.Underweight (<18.5)\",\"2.Normal weight (18.5-24.9)\",\"3.Overweight (25-59.9)\",\"4.Obese (>=30)\"],\"y\":[\"20.9\",\"70.5\",\"7.8\",\"0.8\"],\"type\":\"bar\",\"name\":\"Women 18-29\",\"width\":\"0.15\",\"marker\":{\"color\":\"rgb(165, 213, 216)\"}},{\"x\":[\"1.Underweight (<18.5)\",\"2.Normal weight (18.5-24.9)\",\"3.Overweight (25-59.9)\",\"4.Obese (>=30)\"],\"y\":[\"8.1\",\"73.9\",\"17\",\"1\"],\"type\":\"bar\",\"name\":\"Women 30-49\",\"width\":\"0.15\",\"marker\":{\"color\":\"rgb(115, 162, 198)\"}},{\"x\":[\"1.Underweight (<18.5)\",\"2.Normal weight (18.5-24.9)\",\"3.Overweight (25-59.9)\",\"4.Obese (>=30)\"],\"y\":[\"10.4\",\"66.8\",\"18.9\",\"3.9\"],\"type\":\"bar\",\"name\":\"Women 50-69\",\"width\":\"0.15\",\"marker\":{\"color\":\"rgb(71, 113, 178)\"}}]", "padding_bottom": "", "padding_top": "", "static_reference_columns": [], "y_from_zero": "false", "order": 6}, {"x_tick_culling_max": null, "bar_width": "0.3", "color": null, "y_label": "", "filter_name": "Visualization Filter", "additional_description": "", "tick_count": "", "show_legend": "true", "dynamic_reference_type": "", "x_text_rotate": "0", "size": null, "show_labels": "false", "title": "{%% if measure != ''Estimated Population'' %%}\r\n\t\t{indicator} by area of residence\r\n\t{%% elif  measure== ''Estimated Population'' %%}\r\n\t\t{ indicator| replace(\"Percentage\", \"Number of people\") } by area of residence\r\n{%% endif %%}\r\n", "chart_padding_bottom": null, "graph": "bar", "x_axis": "Demographic Characteristic", "dynamic_reference_factor": "", "y_tick_format": "", "filter_visibility": "private", "static_reference_label": "", "type": "chart", "dynamic_reference_label": "", "sort": "default", "color_type": "1", "donut_hole": null, "seq_color": "", "y_axis": "Metric", "category_name": "Answer", "tooltip_name": "", "x_text_multiline": "false", "filter_alias": "area", "filter_value": "viz_area", "y_label_hide": "true", "data_format": ",.1f", "show_labels_as_percentages": "false", "plotly": "[{\"x\":[\"1.Underweight (<18.5)\",\"2.Normal weight (18.5-24.9)\",\"3.Overweight (25-59.9)\",\"4.Obese (>=30)\"],\"y\":[\"12.8\",\"74.7\",\"11.1\",\"1.4\"],\"type\":\"bar\",\"name\":\"Rural\",\"width\":\"0.3\",\"marker\":{\"color\":\"darkgray\"}},{\"x\":[\"1.Underweight (<18.5)\",\"2.Normal weight (18.5-24.9)\",\"3.Overweight (25-59.9)\",\"4.Obese (>=30)\"],\"y\":[\"9.5\",\"69.2\",\"19.1\",\"2.2\"],\"type\":\"bar\",\"name\":\"Urban\",\"width\":\"0.3\",\"marker\":{\"color\":\"teal\"}}]", "padding_bottom": "", "padding_top": "", "static_reference_columns": [], "y_from_zero": "false", "order": 5}, {"x_tick_culling_max": null, "bar_width": "0.35", "color": null, "y_label": "", "filter_name": "Visualization Filter", "additional_description": "None", "tick_count": "", "show_legend": "true", "dynamic_reference_type": "", "x_text_rotate": "0", "size": null, "show_labels": "false", "title": "\t{%% if measure != ''Estimated Population'' %%}\r\n\t\t{indicator} by sex\r\n\t{%% elif  measure== ''Estimated Population'' %%}\r\n\t\t{ indicator| replace(\"Percentage\", \"Number of people\") } by sex\r\n{%% endif %%}\r\n", "chart_padding_bottom": null, "graph": "bar", "x_axis": "Demographic Characteristic", "dynamic_reference_factor": "", "y_tick_format": "", "filter_visibility": "private", "static_reference_label": "", "type": "chart", "dynamic_reference_label": "", "sort": "default", "color_type": "1", "donut_hole": null, "seq_color": "", "y_axis": "Metric", "category_name": "Answer", "tooltip_name": "", "x_text_multiline": "false", "filter_alias": "sex", "filter_value": "viz_sex", "y_label_hide": "true", "data_format": ",.1f", "show_labels_as_percentages": "false", "plotly": "[{\"x\":[\"1.Underweight (<18.5)\",\"2.Normal weight (18.5-24.9)\",\"3.Overweight (25-59.9)\",\"4.Obese (>=30)\"],\"y\":[\"10.7\",\"74.4\",\"13.2\",\"1.7\"],\"type\":\"bar\",\"name\":\"Men\",\"width\":\"0.35\",\"marker\":{\"color\":\"green\"}},{\"x\":[\"1.Underweight (<18.5)\",\"2.Normal weight (18.5-24.9)\",\"3.Overweight (25-59.9)\",\"4.Obese (>=30)\"],\"y\":[\"12.6\",\"71\",\"14.7\",\"1.7\"],\"type\":\"bar\",\"name\":\"Women\",\"width\":\"0.35\",\"marker\":{\"color\":\"darkseagreen\"}}]", "padding_bottom": "", "padding_top": "", "static_reference_columns": [], "y_from_zero": "false", "order": 1}, {"x_tick_culling_max": null, "bar_width": "0.15", "color": null, "y_label": "", "filter_name": "Visualization Filter", "additional_description": "None", "tick_count": "", "show_legend": "true", "dynamic_reference_type": "", "x_text_rotate": "0", "size": null, "show_labels": "false", "title": "{%% if measure != ''Estimated Population'' %%}\r\n\t\t{indicator}, men by age group\r\n\t{%% elif  measure== ''Estimated Population'' %%}\r\n\t\t{ indicator| replace(\"Percentage\", \"Number of people\") }, men by age group\r\n{%% endif %%}\r\n", "chart_padding_bottom": null, "graph": "bar", "x_axis": "Demographic Characteristic", "dynamic_reference_factor": "", "y_tick_format": "", "filter_visibility": "private", "static_reference_label": "", "type": "chart", "dynamic_reference_label": "", "sort": "default", "color_type": "1", "donut_hole": null, "seq_color": "", "y_axis": "Metric", "category_name": "Answer", "tooltip_name": "", "x_text_multiline": "false", "filter_alias": "men-age", "filter_value": "viz_men_age", "y_label_hide": "true", "data_format": ",.1f", "show_labels_as_percentages": "false", "plotly": "[{\"x\":[\"1.Underweight (<18.5)\",\"2.Normal weight (18.5-24.9)\",\"3.Overweight (25-59.9)\",\"4.Obese (>=30)\"],\"y\":[\"10.7\",\"74.4\",\"13.2\",\"1.7\"],\"type\":\"bar\",\"name\":\"Men  18-69\",\"width\":\"0.15\",\"marker\":{\"color\":\"rgb(0, 66, 157)\"}},{\"x\":[\"1.Underweight (<18.5)\",\"2.Normal weight (18.5-24.9)\",\"3.Overweight (25-59.9)\",\"4.Obese (>=30)\"],\"y\":[\"16.2\",\"72.9\",\"9.4\",\"1.5\"],\"type\":\"bar\",\"name\":\"Men 18-29\",\"width\":\"0.15\",\"marker\":{\"color\":\"rgb(165, 213, 216)\"}},{\"x\":[\"1.Underweight (<18.5)\",\"2.Normal weight (18.5-24.9)\",\"3.Overweight (25-59.9)\",\"4.Obese (>=30)\"],\"y\":[\"5.9\",\"76.8\",\"15.4\",\"1.9\"],\"type\":\"bar\",\"name\":\"Men 30-49\",\"width\":\"0.15\",\"marker\":{\"color\":\"rgb(115, 162, 198)\"}},{\"x\":[\"1.Underweight (<18.5)\",\"2.Normal weight (18.5-24.9)\",\"3.Overweight (25-59.9)\",\"4.Obese (>=30)\"],\"y\":[\"11.9\",\"72\",\"14.3\",\"1.8\"],\"type\":\"bar\",\"name\":\"Men 50-69\",\"width\":\"0.15\",\"marker\":{\"color\":\"rgb(71, 113, 178)\"}}]", "padding_bottom": "", "padding_top": "", "static_reference_columns": [], "y_from_zero": "false", "order": 7}, {"x_tick_culling_max": null, "bar_width": "0.15", "color": null, "y_label": "", "filter_name": "Visualization Filter", "additional_description": "", "tick_count": "", "show_legend": "true", "dynamic_reference_type": "", "x_text_rotate": "0", "size": null, "show_labels": "false", "title": "\t{%% if measure != ''Estimated Population'' %%}\r\n\t\t{indicator} by age group\r\n\t{%% elif  measure== ''Estimated Population'' %%}\r\n\t\t{ indicator| replace(\"Percentage\", \"Number of people\") } by age group\r\n{%% endif %%}\r\n", "chart_padding_bottom": null, "graph": "bar", "x_axis": "Demographic Characteristic", "dynamic_reference_factor": "", "y_tick_format": "", "filter_visibility": "private", "static_reference_label": "", "type": "chart", "dynamic_reference_label": "", "sort": "default", "color_type": "1", "donut_hole": null, "seq_color": "", "y_axis": "Metric", "category_name": "Answer", "tooltip_name": "", "x_text_multiline": "false", "filter_alias": "age", "filter_value": "viz_age", "y_label_hide": "true", "data_format": ",.1f", "show_labels_as_percentages": "false", "plotly": "[{\"x\":[\"1.Underweight (<18.5)\",\"2.Normal weight (18.5-24.9)\",\"3.Overweight (25-59.9)\",\"4.Obese (>=30)\"],\"y\":[\"11.6\",\"72.7\",\"13.9\",\"1.7\"],\"type\":\"bar\",\"name\":\" 18-69\",\"width\":\"0.15\",\"marker\":{\"color\":\"rgb(244, 106, 0)\"}},{\"x\":[\"1.Underweight (<18.5)\",\"2.Normal weight (18.5-24.9)\",\"3.Overweight (25-59.9)\",\"4.Obese (>=30)\"],\"y\":[\"18.4\",\"71.8\",\"8.6\",\"1.1\"],\"type\":\"bar\",\"name\":\"18-29\",\"width\":\"0.15\",\"marker\":{\"color\":\"rgb(254, 227, 145)\"}},{\"x\":[\"1.Underweight (<18.5)\",\"2.Normal weight (18.5-24.9)\",\"3.Overweight (25-59.9)\",\"4.Obese (>=30)\"],\"y\":[\"7\",\"75.4\",\"16.2\",\"1.5\"],\"type\":\"bar\",\"name\":\"30-49\",\"width\":\"0.15\",\"marker\":{\"color\":\"rgb(255, 198, 113)\"}},{\"x\":[\"1.Underweight (<18.5)\",\"2.Normal weight (18.5-24.9)\",\"3.Overweight (25-59.9)\",\"4.Obese (>=30)\"],\"y\":[\"11.1\",\"69.3\",\"16.7\",\"2.9\"],\"type\":\"bar\",\"name\":\"50-69\",\"width\":\"0.15\",\"marker\":{\"color\":\"rgb(254, 169, 81)\"}}]", "padding_bottom": "", "padding_top": "", "static_reference_columns": [], "y_from_zero": "false", "order": 4}, {"type": "text_box", "order": 2, "description": "<p style=\"font-size:16px\">\r\nThe indicator value and confidence intervals are presented in the following table.  \r\n<br />\r\n<br />\r\n<br />\r\nIndicators that do not relate to people (for example, <em> average BMI</em>) will not present information when \"estimated population\" is selected as the displayed measure.  \r\n<br />\r\n<br />\r\n<br />\r\nA table at the end shows the data for all demographic groups available for the selected indicator.  \r\n<br />\r\n<br />\r\n<br />\r\nDownload the underlying data by selecting the desired file format from the <em>download</em> button at the top. The data will include all demographic group comparisons, measures, and confidence intervals for the selected indicator.\r\n<br />\r\n<br />\r\n<br />\r\n</p>\r\n\r\n<p style=\"font-size:18px\">\r\n<b> Scroll down to visualize additional demographic group comparisons. </b>  \r\n</p>\r\n"}, {"type": "text_box", "order": 9, "description": "###View the [Overweight and Obesity Factsheet]() to learn the key facts on overweight and obesity in Viet Nam from the STEPS Survey 2015"}, {"title": "\t{%% if measure != ''Estimated Population'' %%}\r\n\t\t{indicator} \r\n\t{%% elif  measure== ''Estimated Population'' %%}\r\n\t\t{ indicator| replace(\"Percentage\", \"Number of people\") } \r\n{%% endif %%}\r\nfor all demographic groups", "filter_value": "Estimated", "filter_name": "Type of indicator", "data_format": ",.1f", "filter_visibility": "private", "main_value": "Demographic Characteristic", "y_axis": "Metric", "category_name": "Answer", "type": "table", "order": 8, "filter_alias": "indicator"}, {"title": "\t{%% if measure != ''Estimated Population'' %%}\r\n\t\t{indicator|capitalize}\r\n\t{%% elif  measure== ''Estimated Population'' %%}\r\n\t\t{ indicator| replace(\"Percentage\", \"Number of people\") }\r\n{%% endif %%}\r\n, estimate and confidence intervals", "filter_value": "table_total", "filter_name": "Table Filter", "data_format": "", "filter_visibility": "private", "main_value": "Group - Answer", "y_axis": "Metric", "category_name": "Type of indicator", "type": "table", "order": 3, "filter_alias": "table"}]', 'Metric');
INSERT INTO public.ckanext_querytool_visualizations (id, ckanext_querytool_id, name, visualizations, y_axis_column) VALUES ('5c938b33-a293-42cc-8899-6ce385804cd5', '71196325-a5fb-44ec-8dff-08bfeae60110', 'advice-demographics', '[{"x_tick_culling_max": null, "bar_width": "0.15", "color": null, "y_label": "", "filter_name": "Visualization Filter", "additional_description": "", "tick_count": "", "show_legend": "true", "dynamic_reference_type": "", "x_text_rotate": "0", "size": null, "show_labels": "false", "title": "{%% if measure != ''Estimated Population'' %%}\r\n\t\t{indicator|capitalize}, men by age group\r\n\t{%% elif  measure== ''Estimated Population'' %%}\r\n\t\t{ indicator| replace(\"Percentage\", \"Number of people\") }, men by age group\r\n{%% endif %%}\r\n", "chart_padding_bottom": null, "graph": "bar", "x_axis": "Demographic Characteristic", "dynamic_reference_factor": "", "y_tick_format": "", "filter_visibility": "private", "static_reference_label": "", "type": "chart", "dynamic_reference_label": "", "sort": "default", "color_type": "1", "donut_hole": null, "seq_color": "", "y_axis": "Metric", "category_name": "Answer", "tooltip_name": "", "x_text_multiline": "false", "filter_alias": "men-age", "filter_value": "viz_men_age", "y_label_hide": "true", "data_format": ",.1f", "show_labels_as_percentages": "false", "plotly": "[{\"x\":[\"0 risk factors\",\"1-2 risk factors\",\"3-5 risk factors\"],\"y\":[\"12.7\",\"69\",\"18.2\"],\"type\":\"bar\",\"name\":\"Men  18-69\",\"width\":\"0.15\",\"marker\":{\"color\":\"rgb(0, 66, 157)\"}},{\"x\":[\"0 risk factors\",\"1-2 risk factors\",\"3-5 risk factors\"],\"y\":[\"15.9\",\"71.7\",\"12.3\"],\"type\":\"bar\",\"name\":\"Men 18-44\",\"width\":\"0.15\",\"marker\":{\"color\":\"rgb(165, 213, 216)\"}},{\"x\":[\"0 risk factors\",\"1-2 risk factors\",\"3-5 risk factors\"],\"y\":[\"6.9\",\"64.1\",\"29\"],\"type\":\"bar\",\"name\":\"Men 45-69\",\"width\":\"0.15\",\"marker\":{\"color\":\"rgb(115, 162, 198)\"}}]", "padding_bottom": "", "padding_top": "", "static_reference_columns": [], "y_from_zero": "false", "order": 7}, {"x_tick_culling_max": null, "bar_width": "0.15", "color": null, "y_label": "", "filter_name": "Visualization Filter", "additional_description": "", "tick_count": "", "show_legend": "true", "dynamic_reference_type": "", "x_text_rotate": "0", "size": null, "show_labels": "false", "title": "{%% if measure != ''Estimated Population'' %%}\r\n\t\t{indicator|capitalize}, women by age group\r\n\t{%% elif  measure== ''Estimated Population'' %%}\r\n\t\t{ indicator| replace(\"Percentage\", \"Number of people\") }, women by age group\r\n{%% endif %%}\r\n", "chart_padding_bottom": null, "graph": "bar", "x_axis": "Demographic Characteristic", "dynamic_reference_factor": "", "y_tick_format": "", "filter_visibility": "private", "static_reference_label": "", "type": "chart", "dynamic_reference_label": "", "sort": "default", "color_type": "1", "donut_hole": null, "seq_color": "", "y_axis": "Metric", "category_name": "Answer", "tooltip_name": "", "x_text_multiline": "false", "filter_alias": "women-age", "filter_value": "viz_women_age", "y_label_hide": "true", "data_format": ",.1f", "show_labels_as_percentages": "false", "plotly": "[{\"x\":[\"0 risk factors\",\"1-2 risk factors\",\"3-5 risk factors\"],\"y\":[\"25.3\",\"67.6\",\"7.1\"],\"type\":\"bar\",\"name\":\"Women  18-69\",\"width\":\"0.15\",\"marker\":{\"color\":\"rgb(0, 66, 157)\"}},{\"x\":[\"0 risk factors\",\"1-2 risk factors\",\"3-5 risk factors\"],\"y\":[\"29.3\",\"67.5\",\"3.2\"],\"type\":\"bar\",\"name\":\"Women 18-44\",\"width\":\"0.15\",\"marker\":{\"color\":\"rgb(165, 213, 216)\"}},{\"x\":[\"0 risk factors\",\"1-2 risk factors\",\"3-5 risk factors\"],\"y\":[\"18.5\",\"67.8\",\"13.7\"],\"type\":\"bar\",\"name\":\"Women 45-69\",\"width\":\"0.15\",\"marker\":{\"color\":\"rgb(115, 162, 198)\"}}]", "padding_bottom": "", "padding_top": "", "static_reference_columns": [], "y_from_zero": "false", "order": 6}, {"x_tick_culling_max": null, "bar_width": "0.15", "color": null, "y_label": "", "filter_name": "Visualization Filter", "additional_description": "", "tick_count": "", "show_legend": "true", "dynamic_reference_type": "", "x_text_rotate": "0", "size": null, "show_labels": "false", "title": "\t{%% if measure != ''Estimated Population'' %%}\r\n\t\t{indicator|capitalize} by age group\r\n\t{%% elif  measure== ''Estimated Population'' %%}\r\n\t\t{ indicator| replace(\"Percentage\", \"Number of people\") } by age group\r\n{%% endif %%}\r\n", "chart_padding_bottom": null, "graph": "bar", "x_axis": "Demographic Characteristic", "dynamic_reference_factor": "", "y_tick_format": "", "filter_visibility": "private", "static_reference_label": "", "type": "chart", "dynamic_reference_label": "", "sort": "default", "color_type": "1", "donut_hole": null, "seq_color": "", "y_axis": "Metric", "category_name": "Answer", "tooltip_name": "", "x_text_multiline": "false", "filter_alias": "age", "filter_value": "viz_age", "y_label_hide": "true", "data_format": ",.1f", "show_labels_as_percentages": "false", "plotly": "[{\"x\":[\"0 risk factors\",\"1-2 risk factors\",\"3-5 risk factors\"],\"y\":[\"19\",\"68.3\",\"12.7\"],\"type\":\"bar\",\"name\":\" 18-69\",\"width\":\"0.15\",\"marker\":{\"color\":\"rgb(244, 106, 0)\"}},{\"x\":[\"0 risk factors\",\"1-2 risk factors\",\"3-5 risk factors\"],\"y\":[\"22.5\",\"69.6\",\"7.8\"],\"type\":\"bar\",\"name\":\"18-44\",\"width\":\"0.15\",\"marker\":{\"color\":\"rgb(254, 227, 145)\"}},{\"x\":[\"0 risk factors\",\"1-2 risk factors\",\"3-5 risk factors\"],\"y\":[\"12.8\",\"66\",\"21.2\"],\"type\":\"bar\",\"name\":\"45-69\",\"width\":\"0.15\",\"marker\":{\"color\":\"rgb(255, 198, 113)\"}}]", "padding_bottom": "", "padding_top": "", "static_reference_columns": [], "y_from_zero": "false", "order": 4}, {"x_tick_culling_max": null, "bar_width": "0.3", "color": null, "y_label": "", "filter_name": "Visualization Filter", "additional_description": "", "tick_count": "", "show_legend": "true", "dynamic_reference_type": "", "x_text_rotate": "0", "size": null, "show_labels": "false", "title": "{%% if measure != ''Estimated Population'' %%}\r\n\t\t{indicator|capitalize} by area of residence\r\n\t{%% elif  measure== ''Estimated Population'' %%}\r\n\t\t{ indicator| replace(\"Percentage\", \"Number of people\") } by area of residence\r\n{%% endif %%}\r\n", "chart_padding_bottom": null, "graph": "bar", "x_axis": "Demographic Characteristic", "dynamic_reference_factor": "", "y_tick_format": ",.0f", "filter_visibility": "private", "static_reference_label": "", "type": "chart", "dynamic_reference_label": "", "sort": "default", "color_type": "1", "donut_hole": null, "seq_color": "", "y_axis": "Metric", "category_name": "Answer", "tooltip_name": "", "x_text_multiline": "false", "filter_alias": "Area", "filter_value": "viz_area", "y_label_hide": "true", "data_format": ",.1f", "show_labels_as_percentages": "false", "plotly": "[{\"x\":[\"0 risk factors\",\"1-2 risk factors\",\"3-5 risk factors\"],\"y\":[null,null,null],\"type\":\"bar\",\"name\":\"Rural\",\"width\":\"0.3\",\"marker\":{\"color\":\"darkseagreen\"}},{\"x\":[\"0 risk factors\",\"1-2 risk factors\",\"3-5 risk factors\"],\"y\":[null,null,null],\"type\":\"bar\",\"name\":\"Urban\",\"width\":\"0.3\",\"marker\":{\"color\":\"darkseagreen\"}}]", "padding_bottom": "", "padding_top": "", "static_reference_columns": [], "y_from_zero": "false", "order": 5}, {"x_tick_culling_max": null, "bar_width": "0.35", "color": null, "y_label": "", "filter_name": "Visualization Filter", "additional_description": "", "tick_count": "", "show_legend": "true", "dynamic_reference_type": "", "x_text_rotate": "0", "size": null, "show_labels": "false", "title": "\t{%% if measure != ''Estimated Population'' %%}\r\n\t\t{indicator|capitalize} by sex\r\n\t{%% elif  measure== ''Estimated Population'' %%}\r\n\t\t{ indicator| replace(\"Percentage\", \"Number of people\") } by sex\r\n{%% endif %%}\r\n", "chart_padding_bottom": null, "graph": "bar", "x_axis": "Demographic Characteristic", "dynamic_reference_factor": "", "y_tick_format": "", "filter_visibility": "private", "static_reference_label": "", "type": "chart", "dynamic_reference_label": "", "sort": "default", "color_type": "1", "donut_hole": null, "seq_color": "", "y_axis": "Metric", "category_name": "Answer", "tooltip_name": "", "x_text_multiline": "false", "filter_alias": "sex", "filter_value": "viz_sex", "y_label_hide": "true", "data_format": ",.1f", "show_labels_as_percentages": "false", "plotly": "[{\"x\":[\"0 risk factors\",\"1-2 risk factors\",\"3-5 risk factors\"],\"y\":[\"12.7\",\"69\",\"18.2\"],\"type\":\"bar\",\"name\":\"Men\",\"width\":\"0.35\",\"marker\":{\"color\":\"green\"}},{\"x\":[\"0 risk factors\",\"1-2 risk factors\",\"3-5 risk factors\"],\"y\":[\"25.3\",\"67.6\",\"7.1\"],\"type\":\"bar\",\"name\":\"Women\",\"width\":\"0.35\",\"marker\":{\"color\":\"darkseagreen\"}}]", "padding_bottom": "", "padding_top": "", "static_reference_columns": [], "y_from_zero": "false", "order": 1}, {"type": "text_box", "order": 2, "description": "<p style=\"font-size:16px\">\r\nThe indicator value and confidence intervals are presented in the following table.  \r\n<br />\r\n<br />\r\n<br />\r\nA table at the end shows the data for all demographic groups available for the selected indicator.  \r\n<br />\r\n<br />\r\n<br />\r\nDownload the underlying data by selecting the desired file format from the <em>download</em> button at the top. The data will include all demographic group comparisons, measures, and confidence intervals for the selected indicator.\r\n<br />\r\n<br />\r\n<br />\r\n</p>\r\n\r\n<p style=\"font-size:18px\">\r\n<b> Scroll down to visualize additional demographic group comparisons. </b>  \r\n</p>\r\n"}, {"title": "\t{%% if measure != ''Estimated Population'' %%}\r\n\t\t{indicator|capitalize} \r\n\t{%% elif  measure== ''Estimated Population'' %%}\r\n\t\t{ indicator| replace(\"Percentage\", \"Number of people\") } \r\n{%% endif %%}\r\nfor all demographic groups", "filter_value": "Estimated", "filter_name": "Type of indicator", "data_format": ",.1f", "filter_visibility": "private", "main_value": "Demographic Characteristic", "y_axis": "Metric", "category_name": "Answer", "type": "table", "order": 8, "filter_alias": "indicator"}, {"title": "\t{%% if measure != ''Estimated Population'' %%}\r\n\t\t{indicator|capitalize}\r\n\t{%% elif  measure== ''Estimated Population'' %%}\r\n\t\t{ indicator| replace(\"Percentage\", \"Number of people\") }\r\n{%% endif %%}\r\n, estimate and confidence intervals", "filter_value": "table_total", "filter_name": "Table Filter", "data_format": "", "filter_visibility": "private", "main_value": "Group - Answer", "y_axis": "Metric", "category_name": "Type of indicator", "type": "table", "order": 3, "filter_alias": "table"}]', 'Metric');
INSERT INTO public.ckanext_querytool_visualizations (id, ckanext_querytool_id, name, visualizations, y_axis_column) VALUES ('539a3148-0d3a-43fa-af6a-00891a812a04', '92892857-5aa0-4d1e-8263-7230b58eaa44', 'cardiovascular-cancer-demographics', '[{"x_tick_culling_max": null, "bar_width": "0.15", "color": null, "y_label": "", "filter_name": "Visualization Filter", "additional_description": "", "tick_count": "", "show_legend": "true", "dynamic_reference_type": "", "x_text_rotate": "0", "size": null, "show_labels": "false", "title": "{%% if measure != ''Estimated Population'' %%}\r\n\t\t{indicator|capitalize}, women by age group\r\n\t{%% elif  measure== ''Estimated Population'' %%}\r\n\t\t{ indicator| replace(\"Percentage\", \"Number of people\") }, women by age group\r\n{%% endif %%}\r\n", "chart_padding_bottom": null, "graph": "bar", "x_axis": "Demographic Characteristic", "dynamic_reference_factor": "", "y_tick_format": ",.0f", "filter_visibility": "private", "static_reference_label": "", "type": "chart", "dynamic_reference_label": "", "sort": "default", "color_type": "1", "donut_hole": null, "seq_color": "", "y_axis": "Metric", "category_name": "Answer", "tooltip_name": "", "x_text_multiline": "false", "filter_alias": "women-age", "filter_value": "viz_women_age", "y_label_hide": "true", "data_format": ",.1f", "show_labels_as_percentages": "false", "plotly": "[{\"x\":[\"Ever had cardiovascular event\"],\"y\":[\"8\"],\"type\":\"bar\",\"name\":\"Women  18-69\",\"width\":\"0.15\",\"marker\":{\"color\":\"rgb(0, 66, 157)\"}},{\"x\":[\"Ever had cardiovascular event\"],\"y\":[\"5.2\"],\"type\":\"bar\",\"name\":\"Women 18-29\",\"width\":\"0.15\",\"marker\":{\"color\":\"rgb(165, 213, 216)\"}},{\"x\":[\"Ever had cardiovascular event\"],\"y\":[\"7.5\"],\"type\":\"bar\",\"name\":\"Women 30-49\",\"width\":\"0.15\",\"marker\":{\"color\":\"rgb(115, 162, 198)\"}},{\"x\":[\"Ever had cardiovascular event\"],\"y\":[\"12.5\"],\"type\":\"bar\",\"name\":\"Women 50-69\",\"width\":\"0.15\",\"marker\":{\"color\":\"rgb(71, 113, 178)\"}}]", "padding_bottom": "", "padding_top": "", "static_reference_columns": [], "y_from_zero": "false", "order": 6}, {"x_tick_culling_max": null, "bar_width": "0.3", "color": null, "y_label": "", "filter_name": "Visualization Filter", "additional_description": "", "tick_count": "", "show_legend": "true", "dynamic_reference_type": "", "x_text_rotate": "0", "size": null, "show_labels": "false", "title": "{%% if measure != ''Estimated Population'' %%}\r\n\t\t{indicator|capitalize} by area of residence\r\n\t{%% elif  measure== ''Estimated Population'' %%}\r\n\t\t{ indicator| replace(\"Percentage\", \"Number of people\") } by area of residence\r\n{%% endif %%}\r\n", "chart_padding_bottom": null, "graph": "bar", "x_axis": "Demographic Characteristic", "dynamic_reference_factor": "", "y_tick_format": ",.0f", "filter_visibility": "private", "static_reference_label": "", "type": "chart", "dynamic_reference_label": "", "sort": "default", "color_type": "1", "donut_hole": null, "seq_color": "", "y_axis": "Metric", "category_name": "Answer", "tooltip_name": "", "x_text_multiline": "false", "filter_alias": "area", "filter_value": "viz_area", "y_label_hide": "true", "data_format": ",.1f", "show_labels_as_percentages": "false", "plotly": "[{\"x\":[\"Ever had cardiovascular event\"],\"y\":[null],\"type\":\"bar\",\"name\":\"Rural\",\"width\":\"0.3\",\"marker\":{\"color\":\"darkgray\"}},{\"x\":[\"Ever had cardiovascular event\"],\"y\":[null],\"type\":\"bar\",\"name\":\"Urban\",\"width\":\"0.3\",\"marker\":{\"color\":\"teal\"}}]", "padding_bottom": "", "padding_top": "", "static_reference_columns": [], "y_from_zero": "false", "order": 5}, {"x_tick_culling_max": null, "bar_width": "0.3", "color": null, "y_label": "", "filter_name": "Visualization Filter", "additional_description": "", "tick_count": "", "show_legend": "true", "dynamic_reference_type": "", "x_text_rotate": "0", "size": null, "show_labels": "false", "title": "{%% if indicator != ''Percentage of women who have ever had a screening test for cervical cancer'' and measure != ''Estimated Population''  %%}\r\n  {indicator|capitalize} by sex\r\n\r\n{%% elif indicator != ''Percentage of women who have ever had a screening test for cervical cancer'' and measure == ''Estimated Population''  %%}\r\n  { indicator| replace(\"Percentage\", \"Number of people\") } by sex\r\n\r\n{%% elif  indicator == ''Percentage of women who have ever had a screening test for cervical cancer'' and measure!= ''Estimated Population'' %%}\r\n{indicator|capitalize}\r\n\r\n{%% elif  indicator == ''Percentage of women who have ever had a screening test for cervical cancer'' and measure== ''Estimated Population'' %%}\r\n  { indicator| replace(\"Percentage\", \"Number\") }\r\n{%% endif %%}\r\n", "chart_padding_bottom": null, "graph": "bar", "x_axis": "Demographic Characteristic", "dynamic_reference_factor": "", "y_tick_format": ",.0f", "filter_visibility": "private", "static_reference_label": "", "type": "chart", "dynamic_reference_label": "", "sort": "default", "color_type": "1", "donut_hole": null, "seq_color": "", "y_axis": "Metric", "category_name": "Answer", "tooltip_name": "", "x_text_multiline": "false", "filter_alias": "sex", "filter_value": "viz_sex", "y_label_hide": "true", "data_format": ",.1f", "show_labels_as_percentages": "false", "plotly": "[{\"x\":[\"Ever had cardiovascular event\"],\"y\":[\"6.7\"],\"type\":\"bar\",\"name\":\"Men\",\"width\":\"0.3\",\"marker\":{\"color\":\"green\"}},{\"x\":[\"Ever had cardiovascular event\"],\"y\":[\"8\"],\"type\":\"bar\",\"name\":\"Women\",\"width\":\"0.3\",\"marker\":{\"color\":\"darkseagreen\"}}]", "padding_bottom": "", "padding_top": "", "static_reference_columns": [], "y_from_zero": "false", "order": 1}, {"x_tick_culling_max": null, "bar_width": "0.15", "color": null, "y_label": "", "filter_name": "Visualization Filter", "additional_description": "", "tick_count": "", "show_legend": "true", "dynamic_reference_type": "", "x_text_rotate": "0", "size": null, "show_labels": "false", "title": "{%% if indicator != ''Percentage of women who have ever had a screening test for cervical cancer'' and measure != ''Estimated Population''  %%}\r\n  {indicator|capitalize}, men by age group\r\n{%% elif indicator != ''Percentage of women who have ever had a screening test for cervical cancer'' and measure == ''Estimated Population''  %%}\r\n{ indicator| replace(\"Percentage\", \"Number of people\") }, men by age group\r\n{%% elif  indicator == ''Percentage of women who have ever had a screening test for cervical cancer'' %%}\r\n  Not applicable\r\n{%% endif %%}\r\n", "chart_padding_bottom": null, "graph": "bar", "x_axis": "Demographic Characteristic", "dynamic_reference_factor": "", "y_tick_format": "", "filter_visibility": "private", "static_reference_label": "", "type": "chart", "dynamic_reference_label": "", "sort": "default", "color_type": "1", "donut_hole": null, "seq_color": "", "y_axis": "Metric", "category_name": "Answer", "tooltip_name": "", "x_text_multiline": "false", "filter_alias": "men-age", "filter_value": "viz_men_age", "y_label_hide": "true", "data_format": ",.1f", "show_labels_as_percentages": "false", "plotly": "[{\"x\":[\"Ever had cardiovascular event\"],\"y\":[\"6.7\"],\"type\":\"bar\",\"name\":\"Men  18-69\",\"width\":\"0.15\",\"marker\":{\"color\":\"rgb(0, 66, 157)\"}},{\"x\":[\"Ever had cardiovascular event\"],\"y\":[\"5.1\"],\"type\":\"bar\",\"name\":\"Men 18-29\",\"width\":\"0.15\",\"marker\":{\"color\":\"rgb(165, 213, 216)\"}},{\"x\":[\"Ever had cardiovascular event\"],\"y\":[\"4.7\"],\"type\":\"bar\",\"name\":\"Men 30-49\",\"width\":\"0.15\",\"marker\":{\"color\":\"rgb(115, 162, 198)\"}},{\"x\":[\"Ever had cardiovascular event\"],\"y\":[\"12.7\"],\"type\":\"bar\",\"name\":\"Men 50-69\",\"width\":\"0.15\",\"marker\":{\"color\":\"rgb(71, 113, 178)\"}}]", "padding_bottom": "", "padding_top": "", "static_reference_columns": [], "y_from_zero": "false", "order": 7}, {"x_tick_culling_max": null, "bar_width": "0.15", "color": null, "y_label": "", "filter_name": "Visualization Filter", "additional_description": "", "tick_count": "", "show_legend": "true", "dynamic_reference_type": "", "x_text_rotate": "0", "size": null, "show_labels": "false", "title": "\t{%% if measure != ''Estimated Population'' %%}\r\n\t\t{indicator|capitalize} by age group\r\n\t{%% elif  measure== ''Estimated Population'' %%}\r\n\t\t{ indicator| replace(\"Percentage\", \"Number of people\") } by age group\r\n{%% endif %%}\r\n", "chart_padding_bottom": null, "graph": "bar", "x_axis": "Demographic Characteristic", "dynamic_reference_factor": "", "y_tick_format": ",.0f", "filter_visibility": "private", "static_reference_label": "", "type": "chart", "dynamic_reference_label": "", "sort": "default", "color_type": "1", "donut_hole": null, "seq_color": "", "y_axis": "Metric", "category_name": "Answer", "tooltip_name": "", "x_text_multiline": "false", "filter_alias": "age", "filter_value": "viz_age", "y_label_hide": "true", "data_format": ",.1f", "show_labels_as_percentages": "false", "plotly": "[{\"x\":[\"Ever had cardiovascular event\"],\"y\":[\"7.4\"],\"type\":\"bar\",\"name\":\" 18-69\",\"width\":\"0.15\",\"marker\":{\"color\":\"rgb(244, 106, 0)\"}},{\"x\":[\"Ever had cardiovascular event\"],\"y\":[\"5.1\"],\"type\":\"bar\",\"name\":\"18-29\",\"width\":\"0.15\",\"marker\":{\"color\":\"rgb(254, 227, 145)\"}},{\"x\":[\"Ever had cardiovascular event\"],\"y\":[\"6.1\"],\"type\":\"bar\",\"name\":\"30-49\",\"width\":\"0.15\",\"marker\":{\"color\":\"rgb(255, 198, 113)\"}},{\"x\":[\"Ever had cardiovascular event\"],\"y\":[\"12.6\"],\"type\":\"bar\",\"name\":\"50-69\",\"width\":\"0.15\",\"marker\":{\"color\":\"rgb(254, 169, 81)\"}}]", "padding_bottom": "", "padding_top": "", "static_reference_columns": [], "y_from_zero": "false", "order": 4}, {"type": "text_box", "order": 2, "description": "<p style=\"font-size:16px\">\r\nThe indicator value and confidence intervals are presented in the following table.  \r\n<br />\r\n<br />\r\n<br />\r\nA table at the end shows the data for all demographic groups available for the selected indicator.  \r\n<br />\r\n<br />\r\n<br />\r\nDownload the underlying data by selecting the desired file format from the <em>download</em> button at the top. The data will include all demographic group comparisons, measures, and confidence intervals for the selected indicator.\r\n<br />\r\n<br />\r\n<br />\r\n</p>\r\n\r\n<p style=\"font-size:18px\">\r\n<b> Scroll down to visualize additional demographic group comparisons. </b>  \r\n</p>\r\n"}, {"title": "\t{%% if measure != ''Estimated Population'' %%}\r\n\t\t{indicator|capitalize} \r\n\t{%% elif  measure== ''Estimated Population'' %%}\r\n\t\t{ indicator| replace(\"Percentage\", \"Number of people\") } \r\n{%% endif %%}\r\nfor all demographic groups", "filter_value": "Estimated", "filter_name": "Type of indicator", "data_format": ",.1f", "filter_visibility": "private", "main_value": "Demographic Characteristic", "y_axis": "Metric", "category_name": "Answer", "type": "table", "order": 8, "filter_alias": "indicator"}, {"title": "\t{%% if measure != ''Estimated Population'' %%}\r\n\t\t{indicator|capitalize}\r\n\t{%% elif  measure== ''Estimated Population'' %%}\r\n\t\t{ indicator| replace(\"Percentage\", \"Number of people\") }\r\n{%% endif %%}\r\n, estimate and confidence intervals", "filter_value": "table_total", "filter_name": "Table Filter", "data_format": "", "filter_visibility": "private", "main_value": "Group - Answer", "y_axis": "Metric", "category_name": "Type of indicator", "type": "table", "order": 3, "filter_alias": "table"}]', 'Metric');
INSERT INTO public.ckanext_querytool_visualizations (id, ckanext_querytool_id, name, visualizations, y_axis_column) VALUES ('2e2bbd65-7579-4cb0-b5a6-dc55a849eeac', '2968adb1-a1df-4687-829d-30c9f257a5f7', 'physical-demographics', '[{"x_tick_culling_max": null, "bar_width": "0.15", "color": null, "y_label": "", "filter_name": "Visualization Filter", "additional_description": "", "tick_count": "", "show_legend": "true", "dynamic_reference_type": "", "x_text_rotate": "0", "size": null, "show_labels": "false", "title": "{%% if measure != ''Estimated Population'' %%}\r\n\t\t{indicator|capitalize}, women by age group\r\n\t{%% elif  measure== ''Estimated Population'' %%}\r\n\t\t{ indicator| replace(\"Percentage\", \"Number of people\") }, women by age group\r\n{%% endif %%}\r\n", "chart_padding_bottom": null, "graph": "bar", "x_axis": "Demographic Characteristic", "dynamic_reference_factor": "", "y_tick_format": "", "filter_visibility": "private", "static_reference_label": "", "type": "chart", "dynamic_reference_label": "", "sort": "default", "color_type": "1", "donut_hole": null, "seq_color": "", "y_axis": "Metric", "category_name": "Answer", "tooltip_name": "", "x_text_multiline": "false", "filter_alias": "women-age", "filter_value": "viz_women_age", "y_label_hide": "true", "data_format": ",.1f", "show_labels_as_percentages": "false", "plotly": "[{\"x\":[\"1.Low\",\"2.Moderate\",\"3.High\"],\"y\":[\"38.6\",\"23.6\",\"37.9\"],\"type\":\"bar\",\"name\":\"Women  18-69\",\"width\":\"0.15\",\"marker\":{\"color\":\"rgb(0, 66, 157)\"}},{\"x\":[\"1.Low\",\"2.Moderate\",\"3.High\"],\"y\":[\"51.3\",\"20.8\",\"27.9\"],\"type\":\"bar\",\"name\":\"Women 18-29\",\"width\":\"0.15\",\"marker\":{\"color\":\"rgb(165, 213, 216)\"}},{\"x\":[\"1.Low\",\"2.Moderate\",\"3.High\"],\"y\":[\"34.4\",\"21.9\",\"43.6\"],\"type\":\"bar\",\"name\":\"Women 30-49\",\"width\":\"0.15\",\"marker\":{\"color\":\"rgb(115, 162, 198)\"}},{\"x\":[\"1.Low\",\"2.Moderate\",\"3.High\"],\"y\":[\"29.7\",\"29.8\",\"40.4\"],\"type\":\"bar\",\"name\":\"Women 50-69\",\"width\":\"0.15\",\"marker\":{\"color\":\"rgb(71, 113, 178)\"}}]", "padding_bottom": "", "padding_top": "", "static_reference_columns": [], "y_from_zero": "false", "order": 6}, {"x_tick_culling_max": null, "bar_width": "0.3", "color": null, "y_label": "", "filter_name": "Visualization Filter", "additional_description": "", "tick_count": "", "show_legend": "true", "dynamic_reference_type": "", "x_text_rotate": "0", "size": null, "show_labels": "false", "title": "{%% if measure != ''Estimated Population'' %%}\r\n\t\t{indicator|capitalize} by area of residence\r\n\t{%% elif  measure== ''Estimated Population'' %%}\r\n\t\t{ indicator| replace(\"Percentage\", \"Number of people\") } by area of residence\r\n{%% endif %%}\r\n", "chart_padding_bottom": null, "graph": "bar", "x_axis": "Demographic Characteristic", "dynamic_reference_factor": "", "y_tick_format": "", "filter_visibility": "private", "static_reference_label": "", "type": "chart", "dynamic_reference_label": "", "sort": "default", "color_type": "1", "donut_hole": null, "seq_color": "", "y_axis": "Metric", "category_name": "Answer", "tooltip_name": "", "x_text_multiline": "false", "filter_alias": "area", "filter_value": "viz_area", "y_label_hide": "true", "data_format": ",.1f", "show_labels_as_percentages": "false", "plotly": "[{\"x\":[\"1.Low\",\"2.Moderate\",\"3.High\"],\"y\":[null,null,null],\"type\":\"bar\",\"name\":\"Rural\",\"width\":\"0.3\",\"marker\":{\"color\":\"darkgray\"}},{\"x\":[\"1.Low\",\"2.Moderate\",\"3.High\"],\"y\":[null,null,null],\"type\":\"bar\",\"name\":\"Urban\",\"width\":\"0.3\",\"marker\":{\"color\":\"green\"}}]", "padding_bottom": "", "padding_top": "", "static_reference_columns": [], "y_from_zero": "false", "order": 5}, {"x_tick_culling_max": null, "bar_width": "0.35", "color": null, "y_label": "", "filter_name": "Visualization Filter", "additional_description": "", "tick_count": "", "show_legend": "true", "dynamic_reference_type": "", "x_text_rotate": "0", "size": null, "show_labels": "false", "title": "\t{%% if measure != ''Estimated Population'' %%}\r\n\t\t{indicator|capitalize} by sex\r\n\t{%% elif  measure== ''Estimated Population'' %%}\r\n\t\t{ indicator| replace(\"Percentage\", \"Number of people\") } by sex\r\n{%% endif %%}\r\n", "chart_padding_bottom": null, "graph": "bar", "x_axis": "Demographic Characteristic", "dynamic_reference_factor": "", "y_tick_format": "", "filter_visibility": "private", "static_reference_label": "", "type": "chart", "dynamic_reference_label": "", "sort": "default", "color_type": "1", "donut_hole": null, "seq_color": "", "y_axis": "Metric", "category_name": "Answer", "tooltip_name": "", "x_text_multiline": "false", "filter_alias": "sex", "filter_value": "viz_sex", "y_label_hide": "true", "data_format": ",.1f", "show_labels_as_percentages": "false", "plotly": "[{\"x\":[\"1.Low\",\"2.Moderate\",\"3.High\"],\"y\":[\"25.6\",\"15.8\",\"58.6\"],\"type\":\"bar\",\"name\":\"Men\",\"width\":\"0.35\",\"marker\":{\"color\":\"green\"}},{\"x\":[\"1.Low\",\"2.Moderate\",\"3.High\"],\"y\":[\"38.6\",\"23.6\",\"37.9\"],\"type\":\"bar\",\"name\":\"Women\",\"width\":\"0.35\",\"marker\":{\"color\":\"darkseagreen\"}}]", "padding_bottom": "", "padding_top": "", "static_reference_columns": [], "y_from_zero": "false", "order": 1}, {"x_tick_culling_max": null, "bar_width": "0.15", "color": null, "y_label": "", "filter_name": "Visualization Filter", "additional_description": "", "tick_count": "", "show_legend": "true", "dynamic_reference_type": "", "x_text_rotate": "0", "size": null, "show_labels": "false", "title": "{%% if measure != ''Estimated Population'' %%}\r\n\t\t{indicator|capitalize}, men by age group\r\n\t{%% elif  measure== ''Estimated Population'' %%}\r\n\t\t{ indicator| replace(\"Percentage\", \"Number of people\") }, men by age group\r\n{%% endif %%}\r\n", "chart_padding_bottom": null, "graph": "bar", "x_axis": "Demographic Characteristic", "dynamic_reference_factor": "", "y_tick_format": "", "filter_visibility": "private", "static_reference_label": "", "type": "chart", "dynamic_reference_label": "", "sort": "default", "color_type": "1", "donut_hole": null, "seq_color": "", "y_axis": "Metric", "category_name": "Answer", "tooltip_name": "", "x_text_multiline": "false", "filter_alias": "men-age", "filter_value": "viz_men_age", "y_label_hide": "true", "data_format": ",.1f", "show_labels_as_percentages": "false", "plotly": "[{\"x\":[\"1.Low\",\"2.Moderate\",\"3.High\"],\"y\":[\"25.6\",\"15.8\",\"58.6\"],\"type\":\"bar\",\"name\":\"Men  18-69\",\"width\":\"0.15\",\"marker\":{\"color\":\"rgb(0, 66, 157)\"}},{\"x\":[\"1.Low\",\"2.Moderate\",\"3.High\"],\"y\":[\"25.3\",\"12.2\",\"62.5\"],\"type\":\"bar\",\"name\":\"Men 18-29\",\"width\":\"0.15\",\"marker\":{\"color\":\"rgb(165, 213, 216)\"}},{\"x\":[\"1.Low\",\"2.Moderate\",\"3.High\"],\"y\":[\"24.9\",\"11.9\",\"63.2\"],\"type\":\"bar\",\"name\":\"Men 30-49\",\"width\":\"0.15\",\"marker\":{\"color\":\"rgb(115, 162, 198)\"}},{\"x\":[\"1.Low\",\"2.Moderate\",\"3.High\"],\"y\":[\"27.2\",\"28.5\",\"44.2\"],\"type\":\"bar\",\"name\":\"Men 50-69\",\"width\":\"0.15\",\"marker\":{\"color\":\"rgb(71, 113, 178)\"}}]", "padding_bottom": "", "padding_top": "", "static_reference_columns": [], "y_from_zero": "false", "order": 7}, {"x_tick_culling_max": null, "bar_width": "0.15", "color": null, "y_label": "", "filter_name": "Visualization Filter", "additional_description": "", "tick_count": "", "show_legend": "true", "dynamic_reference_type": "", "x_text_rotate": "0", "size": null, "show_labels": "false", "title": "\t{%% if measure != ''Estimated Population'' %%}\r\n\t\t{indicator|capitalize} by age group\r\n\t{%% elif  measure== ''Estimated Population'' %%}\r\n\t\t{ indicator| replace(\"Percentage\", \"Number of people\") } by age group\r\n{%% endif %%}\r\n", "chart_padding_bottom": null, "graph": "bar", "x_axis": "Demographic Characteristic", "dynamic_reference_factor": "", "y_tick_format": "", "filter_visibility": "private", "static_reference_label": "", "type": "chart", "dynamic_reference_label": "", "sort": "default", "color_type": "1", "donut_hole": null, "seq_color": "", "y_axis": "Metric", "category_name": "Answer", "tooltip_name": "", "x_text_multiline": "false", "filter_alias": "age", "filter_value": "viz_age", "y_label_hide": "true", "data_format": ",.1f", "show_labels_as_percentages": "false", "plotly": "[{\"x\":[\"1.Low\",\"2.Moderate\",\"3.High\"],\"y\":[\"25.3\",\"19.7\",\"48.1\"],\"type\":\"bar\",\"name\":\" 18-69\",\"width\":\"0.15\",\"marker\":{\"color\":\"rgb(244, 106, 0)\"}},{\"x\":[\"1.Low\",\"2.Moderate\",\"3.High\"],\"y\":[\"32.2\",\"16.5\",\"45.4\"],\"type\":\"bar\",\"name\":\"18-29\",\"width\":\"0.15\",\"marker\":{\"color\":\"rgb(254, 227, 145)\"}},{\"x\":[\"1.Low\",\"2.Moderate\",\"3.High\"],\"y\":[\"25.6\",\"17\",\"53.3\"],\"type\":\"bar\",\"name\":\"30-49\",\"width\":\"0.15\",\"marker\":{\"color\":\"rgb(255, 198, 113)\"}},{\"x\":[\"1.Low\",\"2.Moderate\",\"3.High\"],\"y\":[\"38.6\",\"29.2\",\"42.2\"],\"type\":\"bar\",\"name\":\"50-69\",\"width\":\"0.15\",\"marker\":{\"color\":\"rgb(254, 169, 81)\"}}]", "padding_bottom": "", "padding_top": "", "static_reference_columns": [], "y_from_zero": "false", "order": 4}, {"type": "text_box", "order": 2, "description": "<p style=\"font-size:16px\">\r\nThe indicator value and confidence intervals are presented in the following table.  \r\n<br />\r\n<br />\r\n<br />\r\nIndicators that do not relate to people (for example, <em> average minutes spent in sedentary activities</em>) will not present information when \"estimated population\" is selected as the displayed measure.  \r\n<br />\r\n<br />\r\n<br />\r\nA table at the end shows the data for all demographic groups available for the selected indicator.  \r\n<br />\r\n<br />\r\n<br />\r\nDownload the underlying data by selecting the desired file format from the <em>download</em> button at the top. The data will include all demographic group comparisons, measures, and confidence intervals for the selected indicator.\r\n<br />\r\n<br />\r\n<br />\r\n</p>\r\n\r\n<p style=\"font-size:18px\">\r\n<b> Scroll down to visualize additional demographic group comparisons. </b>  \r\n</p>\r\n"}, {"type": "text_box", "order": 9, "description": "###View the [Physical Activity Factsheet]() to learn the key facts on physical activity in Viet Nam from the STEPS Survey 2015"}, {"title": "\t{%% if measure != ''Estimated Population'' %%}\r\n\t\t{indicator|capitalize} \r\n\t{%% elif  measure== ''Estimated Population'' %%}\r\n\t\t{ indicator| replace(\"Percentage\", \"Number of people\") } \r\n{%% endif %%}\r\nfor all demographic groups", "filter_value": "Estimated", "filter_name": "Type of indicator", "data_format": ",.1f", "filter_visibility": "private", "main_value": "Demographic Characteristic", "y_axis": "Metric", "category_name": "Answer", "type": "table", "order": 8, "filter_alias": "indicator"}, {"title": "\t{%% if measure != ''Estimated Population'' %%}\r\n\t\t{indicator|capitalize}\r\n\t{%% elif  measure== ''Estimated Population'' %%}\r\n\t\t{ indicator| replace(\"Percentage\", \"Number of people\") }\r\n{%% endif %%}\r\n, estimate and confidence intervals", "filter_value": "table_total", "filter_name": "Table Filter", "data_format": "", "filter_visibility": "private", "main_value": "Group - Answer", "y_axis": "Metric", "category_name": "Type of indicator", "type": "table", "order": 3, "filter_alias": "table"}]', 'Metric');
INSERT INTO public.ckanext_querytool_visualizations (id, ckanext_querytool_id, name, visualizations, y_axis_column) VALUES ('e8dc884b-31f1-465d-bed3-a132d1e851c9', '8155c2c9-65bd-499e-a593-09d1bf5c3445', 'diabetes-demographics', '[{"x_tick_culling_max": null, "bar_width": "0.15", "color": null, "y_label": "", "filter_name": "Visualization Filter", "additional_description": "__Source__: Data are from the Viet Nam 2015 STEPwise approach to noncommunicable disease risk factor surveillance (STEPS) survey, microdata available at: https://extranet.who.int/ncdsmicrodata/. For more information on definitions and sources visit: https://www.who.int/ncds/surveillance/steps/en/", "tick_count": "", "show_legend": "true", "dynamic_reference_type": "", "x_text_rotate": "0", "size": null, "show_labels": "false", "title": "{%% if measure != ''Estimated Population'' %%}\r\n\t\t{indicator|capitalize}, women by age group, 2015\r\n\t{%% elif  measure== ''Estimated Population'' %%}\r\n\t\t{ indicator| replace(\"Percentage\", \"Number of people\") }, women by age group, 2015\r\n{%% endif %%}\r\n", "chart_padding_bottom": null, "graph": "bar", "x_axis": "Demographic Characteristic", "dynamic_reference_factor": "", "y_tick_format": ",.0f", "filter_visibility": "private", "static_reference_label": "", "type": "chart", "dynamic_reference_label": "", "sort": "default", "color_type": "1", "donut_hole": null, "seq_color": "", "y_axis": "Metric", "category_name": "Answer", "tooltip_name": "", "x_text_multiline": "false", "filter_alias": "women-age", "filter_value": "viz_women_age", "y_label_hide": "true", "data_format": ",.1f", "show_labels_as_percentages": "false", "plotly": "[{\"x\":[\"Measured\",\"Never measured\"],\"y\":[\"35.3\",\"64.7\"],\"type\":\"bar\",\"name\":\"Women  18-69\",\"width\":\"0.15\",\"marker\":{\"color\":\"rgb(0, 66, 157)\"}},{\"x\":[\"Measured\",\"Never measured\"],\"y\":[\"32.1\",\"67.9\"],\"type\":\"bar\",\"name\":\"Women 18-29\",\"width\":\"0.15\",\"marker\":{\"color\":\"rgb(165, 213, 216)\"}},{\"x\":[\"Measured\",\"Never measured\"],\"y\":[\"33.8\",\"66.2\"],\"type\":\"bar\",\"name\":\"Women 30-49\",\"width\":\"0.15\",\"marker\":{\"color\":\"rgb(115, 162, 198)\"}},{\"x\":[\"Measured\",\"Never measured\"],\"y\":[\"41.9\",\"58.1\"],\"type\":\"bar\",\"name\":\"Women 50-69\",\"width\":\"0.15\",\"marker\":{\"color\":\"rgb(71, 113, 178)\"}}]", "padding_bottom": "", "padding_top": "", "static_reference_columns": [], "y_from_zero": "false", "order": 6}, {"x_tick_culling_max": null, "bar_width": "0.15", "color": null, "y_label": "", "filter_name": "Visualization Filter", "additional_description": "__Source__: Data are from the Viet Nam 2015 STEPwise approach to noncommunicable disease risk factor surveillance (STEPS) survey, microdata available at: https://extranet.who.int/ncdsmicrodata/. For more information on definitions and sources visit: https://www.who.int/ncds/surveillance/steps/en/", "tick_count": "", "show_legend": "true", "dynamic_reference_type": "", "x_text_rotate": "0", "size": null, "show_labels": "false", "title": "\t{%% if measure != ''Estimated Population'' %%}\r\n\t\t{indicator|capitalize} by age group, 2015\r\n\t{%% elif  measure== ''Estimated Population'' %%}\r\n\t\t{ indicator| replace(\"Percentage\", \"Number of people\") } by age group, 2015\r\n{%% endif %%}\r\n", "chart_padding_bottom": null, "graph": "bar", "x_axis": "Demographic Characteristic", "dynamic_reference_factor": "", "y_tick_format": ",.0f", "filter_visibility": "private", "static_reference_label": "", "type": "chart", "dynamic_reference_label": "", "sort": "default", "color_type": "1", "donut_hole": null, "seq_color": "", "y_axis": "Metric", "category_name": "Answer", "tooltip_name": "", "x_text_multiline": "false", "filter_alias": "age", "filter_value": "viz_age", "y_label_hide": "true", "data_format": ",.1f", "show_labels_as_percentages": "false", "plotly": "[{\"x\":[\"Measured\",\"Never measured\"],\"y\":[\"33.3\",\"66.7\"],\"type\":\"bar\",\"name\":\" 18-69\",\"width\":\"0.15\",\"marker\":{\"color\":\"coral\"}},{\"x\":[\"Measured\",\"Never measured\"],\"y\":[\"28.5\",\"71.5\"],\"type\":\"bar\",\"name\":\"18-29\",\"width\":\"0.15\",\"marker\":{\"color\":\"rgb(254, 227, 145)\"}},{\"x\":[\"Measured\",\"Never measured\"],\"y\":[\"32.4\",\"67.6\"],\"type\":\"bar\",\"name\":\"30-49\",\"width\":\"0.15\",\"marker\":{\"color\":\"rgb(254, 169, 81)\"}},{\"x\":[\"Measured\",\"Never measured\"],\"y\":[\"41.2\",\"58.8\"],\"type\":\"bar\",\"name\":\"50-69\",\"width\":\"0.15\",\"marker\":{\"color\":\"rgb(250, 138, 48)\"}}]", "padding_bottom": "", "padding_top": "", "static_reference_columns": [], "y_from_zero": "false", "order": 5}, {"x_tick_culling_max": null, "bar_width": "0.3", "color": null, "y_label": "", "filter_name": "Visualization Filter", "additional_description": "__Source__: Data are from the Viet Nam 2015 STEPwise approach to noncommunicable disease risk factor surveillance (STEPS) survey, microdata available at: https://extranet.who.int/ncdsmicrodata/. For more information on definitions and sources visit: https://www.who.int/ncds/surveillance/steps/en/", "tick_count": "", "show_legend": "true", "dynamic_reference_type": "", "x_text_rotate": "0", "size": null, "show_labels": "false", "title": "{%% if measure != ''Estimated Population'' %%}\r\n\t\t{indicator|capitalize} by area of residence, 2015\r\n\t{%% elif  measure== ''Estimated Population'' %%}\r\n\t\t{ indicator| replace(\"Percentage\", \"Number of people\") } by area of residence, 2015\r\n{%% endif %%}\r\n", "chart_padding_bottom": null, "graph": "bar", "x_axis": "Demographic Characteristic", "dynamic_reference_factor": "", "y_tick_format": ",.0f", "filter_visibility": "private", "static_reference_label": "", "type": "chart", "dynamic_reference_label": "", "sort": "default", "color_type": "1", "donut_hole": null, "seq_color": "", "y_axis": "Metric", "category_name": "Answer", "tooltip_name": "", "x_text_multiline": "false", "filter_alias": "area", "filter_value": "viz_area", "y_label_hide": "true", "data_format": ",.1f", "show_labels_as_percentages": "false", "plotly": "[{\"x\":[\"Measured\",\"Never measured\"],\"y\":[\"29.9\",\"59.9\"],\"type\":\"bar\",\"name\":\"Rural\",\"width\":\"0.3\",\"marker\":{\"color\":\"darkgray\"}},{\"x\":[\"Measured\",\"Never measured\"],\"y\":[\"36.6\",\"73.3\"],\"type\":\"bar\",\"name\":\"Urban\",\"width\":\"0.3\",\"marker\":{\"color\":\"teal\"}}]", "padding_bottom": "", "padding_top": "", "static_reference_columns": [], "y_from_zero": "false", "order": 8}, {"x_tick_culling_max": "2", "bar_width": null, "color": null, "y_label": "", "filter_name": "Visualization Filter", "additional_description": "__Source__: Data are from the Viet Nam 2010 and 2015 STEPwise approach to noncommunicable disease risk factor surveillance (STEPS) survey, microdata available at: https://extranet.who.int/ncdsmicrodata/. For more information on definitions and sources visit: https://www.who.int/ncds/surveillance/steps/en/", "tick_count": "", "show_legend": "true", "dynamic_reference_type": "", "x_text_rotate": "0", "size": null, "show_labels": "false", "title": "{%% if measure != ''Estimated Population'' %%}\r\n\t{indicator|capitalize}\r\n{%% elif  measure== ''Estimated Population'' %%}\r\n\t{ indicator| replace(\"Percentage\", \"Number of people\") }\r\n{%% endif %%}\r\n", "chart_padding_bottom": null, "graph": "line", "x_axis": "Answer", "dynamic_reference_factor": "", "y_tick_format": ",.0f", "filter_visibility": "private", "static_reference_label": "", "type": "chart", "dynamic_reference_label": "", "sort": "default", "color_type": "1", "donut_hole": null, "seq_color": "", "y_axis": "Metric", "category_name": "Year", "tooltip_name": "", "x_text_multiline": "false", "filter_alias": "total", "filter_value": "viz_total", "y_label_hide": "true", "data_format": "", "show_labels_as_percentages": "false", "plotly": "[{\"x\":[\"2010\",\"2015\"],\"y\":[\"31.64\",\"33.3\"],\"type\":\"scatter\",\"name\":\"Measured\",\"width\":3,\"marker\":{\"color\":\"teal\"}},{\"x\":[\"2010\",\"2015\"],\"y\":[\"63.37\",\"66.7\"],\"type\":\"scatter\",\"name\":\"Never measured\",\"width\":3,\"marker\":{\"color\":\"darkseagreen\"}}]", "padding_bottom": "", "padding_top": "", "static_reference_columns": [], "y_from_zero": "true", "order": 1}, {"x_tick_culling_max": null, "bar_width": "0.3", "color": null, "y_label": "", "filter_name": "Visualization Filter", "additional_description": "__Source__: Data are from the Viet Nam 2015 STEPwise approach to noncommunicable disease risk factor surveillance (STEPS) survey, microdata available at: https://extranet.who.int/ncdsmicrodata/. For more information on definitions and sources visit: https://www.who.int/ncds/surveillance/steps/en/", "tick_count": "", "show_legend": "true", "dynamic_reference_type": "", "x_text_rotate": "0", "size": null, "show_labels": "false", "title": "\t{%% if measure != ''Estimated Population'' %%}\r\n\t\t{indicator|capitalize} by sex, 2015\r\n\t{%% elif  measure== ''Estimated Population'' %%}\r\n\t\t{ indicator| replace(\"Percentage\", \"Number of people\") } by sex, 2015\r\n{%% endif %%}", "chart_padding_bottom": null, "graph": "bar", "x_axis": "Demographic Characteristic", "dynamic_reference_factor": "", "y_tick_format": ",.0f", "filter_visibility": "private", "static_reference_label": "", "type": "chart", "dynamic_reference_label": "", "sort": "default", "color_type": "1", "donut_hole": null, "seq_color": "", "y_axis": "Metric", "category_name": "Answer", "tooltip_name": "", "x_text_multiline": "false", "filter_alias": "sex", "filter_value": "viz_sex", "y_label_hide": "true", "data_format": ",.1f", "show_labels_as_percentages": "false", "plotly": "[{\"x\":[\"Measured\",\"Never measured\"],\"y\":[\"31.2\",\"68.8\"],\"type\":\"bar\",\"name\":\"Men\",\"width\":\"0.3\",\"marker\":{\"color\":\"green\"}},{\"x\":[\"Measured\",\"Never measured\"],\"y\":[\"35.3\",\"64.7\"],\"type\":\"bar\",\"name\":\"Women\",\"width\":\"0.3\",\"marker\":{\"color\":\"darkseagreen\"}}]", "padding_bottom": "", "padding_top": "", "static_reference_columns": [], "y_from_zero": "false", "order": 4}, {"x_tick_culling_max": null, "bar_width": "0.15", "color": null, "y_label": "", "filter_name": "Visualization Filter", "additional_description": "__Source__: Data are from the Viet Nam 2015 STEPwise approach to noncommunicable disease risk factor surveillance (STEPS) survey, microdata available at: https://extranet.who.int/ncdsmicrodata/. For more information on definitions and sources visit: https://www.who.int/ncds/surveillance/steps/en/", "tick_count": "", "show_legend": "true", "dynamic_reference_type": "", "x_text_rotate": "0", "size": null, "show_labels": "false", "title": "{%% if measure != ''Estimated Population'' %%}\r\n\t\t{indicator|capitalize}, men by age group, 2015\r\n\t{%% elif  measure== ''Estimated Population'' %%}\r\n\t\t{ indicator| replace(\"Percentage\", \"Number of people\") }, men by age group, 2015\r\n{%% endif %%}\r\n", "chart_padding_bottom": null, "graph": "bar", "x_axis": "Demographic Characteristic", "dynamic_reference_factor": "", "y_tick_format": ",.0f", "filter_visibility": "private", "static_reference_label": "", "type": "chart", "dynamic_reference_label": "", "sort": "default", "color_type": "1", "donut_hole": null, "seq_color": "", "y_axis": "Metric", "category_name": "Answer", "tooltip_name": "", "x_text_multiline": "false", "filter_alias": "men-age", "filter_value": "viz_men_age", "y_label_hide": "true", "data_format": ",.1f", "show_labels_as_percentages": "false", "plotly": "[{\"x\":[\"Measured\",\"Never measured\"],\"y\":[\"31.2\",\"68.8\"],\"type\":\"bar\",\"name\":\"Men  18-69\",\"width\":\"0.15\",\"marker\":{\"color\":\"rgb(0, 66, 157)\"}},{\"x\":[\"Measured\",\"Never measured\"],\"y\":[\"25.1\",\"74.9\"],\"type\":\"bar\",\"name\":\"Men 18-29\",\"width\":\"0.15\",\"marker\":{\"color\":\"rgb(165, 213, 216)\"}},{\"x\":[\"Measured\",\"Never measured\"],\"y\":[\"31\",\"69\"],\"type\":\"bar\",\"name\":\"Men 30-49\",\"width\":\"0.15\",\"marker\":{\"color\":\"rgb(115, 162, 198)\"}},{\"x\":[\"Measured\",\"Never measured\"],\"y\":[\"40.5\",\"59.5\"],\"type\":\"bar\",\"name\":\"Men 50-69\",\"width\":\"0.15\",\"marker\":{\"color\":\"rgb(71, 113, 178)\"}}]", "padding_bottom": "", "padding_top": "", "static_reference_columns": [], "y_from_zero": "false", "order": 7}, {"column_width": "Half", "type": "text_box", "order": 2, "description": "<p style=\"font-size:16px\">\r\nThe indicator value and confidence intervals are presented in the following table.  \r\n<br />\r\n<br />\r\n<br />\r\nIndicators that do not relate to people (for example, <em> mean fasting blood glucose</em>) will not present information when \"estimated population\" is selected as the displayed measure.  \r\n<br />\r\n<br />\r\n<br />\r\nA table at the end shows the data for all demographic groups available for the selected indicator.  \r\n<br />\r\n<br />\r\n<br />\r\nDownload the underlying data by selecting the desired file format from the <em>download</em> button at the top. The data will include all demographic group comparisons, measures, and confidence intervals for the selected indicator.\r\n<br />\r\n<br />\r\n<br />\r\n</p>\r\n\r\n<p style=\"font-size:18px\">\r\n<b> Scroll down to visualize additional demographic group comparisons. </b>  \r\n</p>\r\n"}, {"column_width": "Half", "type": "text_box", "order": 10, "description": "###View the [Diabetes Factsheet](https://public.tableau.com/views/DiabetesFactsheet/Data) to learn the key facts of diabetes in Viet Nam from the STEPS Survey 2015"}, {"title": "\t{%% if measure != ''Estimated Population'' %%}\r\n\t\t{indicator|capitalize} \r\n\t{%% elif  measure== ''Estimated Population'' %%}\r\n\t\t{ indicator| replace(\"Percentage\", \"Number of people\") } \r\n{%% endif %%}\r\nfor all demographic groups", "filter_value": "Estimated", "filter_name": "Type of indicator", "data_format": ",.1f", "filter_visibility": "private", "main_value": "Demographic Characteristic", "y_axis": "Metric", "category_name": "Answer", "type": "table", "order": 9, "filter_alias": "indicator"}, {"title": "\t{%% if measure != ''Estimated Population'' %%}\r\n\t\t{indicator|capitalize}\r\n\t{%% elif  measure== ''Estimated Population'' %%}\r\n\t\t{ indicator| replace(\"Percentage\", \"Number of people\") }\r\n{%% endif %%}\r\n, estimate and confidence intervals 2015", "filter_value": "table_total", "filter_name": "Table Filter", "data_format": "", "filter_visibility": "private", "main_value": "Group - Answer", "y_axis": "Metric", "category_name": "Type of indicator", "type": "table", "order": 3, "filter_alias": "table"}]', 'Metric');
INSERT INTO public.ckanext_querytool_visualizations (id, ckanext_querytool_id, name, visualizations, y_axis_column) VALUES ('33a91486-fe47-4aa0-90e8-a5217e9e6843', '00f8e49a-8059-41fb-aa3f-9951dc6519f7', 'hypertension-demographics', '[{"x_tick_culling_max": null, "bar_width": "0.15", "color": null, "y_label": "", "filter_name": "Visualization Filter", "additional_description": "__Source__: Data are from the Viet Nam 2015 STEPwise approach to noncommunicable disease risk factor surveillance (STEPS) survey, microdata available at: https://extranet.who.int/ncdsmicrodata/. For more information on definitions and sources visit: https://www.who.int/ncds/surveillance/steps/en/", "tick_count": "", "show_legend": "true", "dynamic_reference_type": "", "x_text_rotate": "0", "size": null, "show_labels": "false", "title": "{%% if measure != ''Estimated Population'' %%}\r\n\t\t{indicator|capitalize}, women by age group\r\n\t{%% elif  measure== ''Estimated Population'' %%}\r\n\t\t{ indicator| replace(\"Percentage\", \"Number of people\") }, women by age group\r\n{%% endif %%}\r\n", "chart_padding_bottom": null, "graph": "bar", "x_axis": "Demographic Characteristic", "dynamic_reference_factor": "", "y_tick_format": "", "filter_visibility": "private", "static_reference_label": "", "type": "chart", "dynamic_reference_label": "", "sort": "default", "color_type": "1", "donut_hole": null, "seq_color": "", "y_axis": "Metric", "category_name": "Answer", "tooltip_name": "", "x_text_multiline": "false", "filter_alias": "women-age", "filter_value": "viz_women_age", "y_label_hide": "true", "data_format": ",.1f", "show_labels_as_percentages": "false", "plotly": "[{\"x\":[\"Measured\",\"Never measured\"],\"y\":[\"74.7\",\"25.3\"],\"type\":\"bar\",\"name\":\"Women  18-69\",\"width\":\"0.15\",\"marker\":{\"color\":\"rgb(0, 66, 157)\"}},{\"x\":[\"Measured\",\"Never measured\"],\"y\":[\"72.6\",\"27.4\"],\"type\":\"bar\",\"name\":\"Women 18-29\",\"width\":\"0.15\",\"marker\":{\"color\":\"rgb(165, 213, 216)\"}},{\"x\":[\"Measured\",\"Never measured\"],\"y\":[\"72.9\",\"27.1\"],\"type\":\"bar\",\"name\":\"Women 30-49\",\"width\":\"0.15\",\"marker\":{\"color\":\"rgb(115, 162, 198)\"}},{\"x\":[\"Measured\",\"Never measured\"],\"y\":[\"80.5\",\"19.5\"],\"type\":\"bar\",\"name\":\"Women 50-69\",\"width\":\"0.15\",\"marker\":{\"color\":\"rgb(71, 113, 178)\"}}]", "padding_bottom": "", "padding_top": "", "static_reference_columns": [], "y_from_zero": "false", "order": 6}, {"x_tick_culling_max": null, "bar_width": "0.3", "color": null, "y_label": "", "filter_name": "Visualization Filter", "additional_description": "__Source__: Data are from the Viet Nam 2015 STEPwise approach to noncommunicable disease risk factor surveillance (STEPS) survey, microdata available at: https://extranet.who.int/ncdsmicrodata/. For more information on definitions and sources visit: https://www.who.int/ncds/surveillance/steps/en/", "tick_count": "", "show_legend": "true", "dynamic_reference_type": "", "x_text_rotate": "0", "size": null, "show_labels": "false", "title": "{%% if measure != ''Estimated Population'' %%}\r\n\t\t{indicator|capitalize} by area of residence\r\n\t{%% elif  measure== ''Estimated Population'' %%}\r\n\t\t{ indicator| replace(\"Percentage\", \"Number of people\") } by area of residence\r\n{%% endif %%}\r\n", "chart_padding_bottom": null, "graph": "bar", "x_axis": "Demographic Characteristic", "dynamic_reference_factor": "", "y_tick_format": "", "filter_visibility": "private", "static_reference_label": "", "type": "chart", "dynamic_reference_label": "", "sort": "default", "color_type": "1", "donut_hole": null, "seq_color": "", "y_axis": "Metric", "category_name": "Answer", "tooltip_name": "", "x_text_multiline": "false", "filter_alias": "area", "filter_value": "viz_area", "y_label_hide": "true", "data_format": ",.1f", "show_labels_as_percentages": "false", "plotly": "[{\"x\":[\"Measured\",\"Never measured\"],\"y\":[\"73.5\",\"26.5\"],\"type\":\"bar\",\"name\":\"Rural\",\"width\":\"0.3\",\"marker\":{\"color\":\"darkgray\"}},{\"x\":[\"Measured\",\"Never measured\"],\"y\":[\"67.6\",\"32.4\"],\"type\":\"bar\",\"name\":\"Urban\",\"width\":\"0.3\",\"marker\":{\"color\":\"teal\"}}]", "padding_bottom": "", "padding_top": "", "static_reference_columns": [], "y_from_zero": "false", "order": 5}, {"x_tick_culling_max": null, "bar_width": "0.3", "color": null, "y_label": "", "filter_name": "Visualization Filter", "additional_description": "__Source__: Data are from the Viet Nam 2015 STEPwise approach to noncommunicable disease risk factor surveillance (STEPS) survey, microdata available at: https://extranet.who.int/ncdsmicrodata/. For more information on definitions and sources visit: https://www.who.int/ncds/surveillance/steps/en/", "tick_count": "", "show_legend": "true", "dynamic_reference_type": "", "x_text_rotate": "0", "size": null, "show_labels": "false", "title": "\t{%% if measure != ''Estimated Population'' %%}\r\n\t\t{indicator|capitalize} by sex\r\n\t{%% elif  measure== ''Estimated Population'' %%}\r\n\t\t{ indicator| replace(\"Percentage\", \"Number of people\") } by sex\r\n{%% endif %%}\r\n", "chart_padding_bottom": null, "graph": "bar", "x_axis": "Demographic Characteristic", "dynamic_reference_factor": "", "y_tick_format": "", "filter_visibility": "private", "static_reference_label": "", "type": "chart", "dynamic_reference_label": "", "sort": "default", "color_type": "1", "donut_hole": null, "seq_color": "", "y_axis": "Metric", "category_name": "Answer", "tooltip_name": "", "x_text_multiline": "false", "filter_alias": "sex", "filter_value": "viz_sex", "y_label_hide": "true", "data_format": ",.1f", "show_labels_as_percentages": "false", "plotly": "[{\"x\":[\"Measured\",\"Never measured\"],\"y\":[\"66.2\",\"33.8\"],\"type\":\"bar\",\"name\":\"Men\",\"width\":\"0.3\",\"marker\":{\"color\":\"green\"}},{\"x\":[\"Measured\",\"Never measured\"],\"y\":[\"74.7\",\"25.3\"],\"type\":\"bar\",\"name\":\"Women\",\"width\":\"0.3\",\"marker\":{\"color\":\"darkseagreen\"}}]", "padding_bottom": "", "padding_top": "", "static_reference_columns": [], "y_from_zero": "false", "order": 1}, {"x_tick_culling_max": null, "bar_width": "0.15", "color": null, "y_label": "", "filter_name": "Visualization Filter", "additional_description": "__Source__: Data are from the Viet Nam 2015 STEPwise approach to noncommunicable disease risk factor surveillance (STEPS) survey, microdata available at: https://extranet.who.int/ncdsmicrodata/. For more information on definitions and sources visit: https://www.who.int/ncds/surveillance/steps/en/", "tick_count": "", "show_legend": "true", "dynamic_reference_type": "", "x_text_rotate": "0", "size": null, "show_labels": "false", "title": "{%% if measure != ''Estimated Population'' %%}\r\n\t\t{indicator|capitalize}, men by age group\r\n\t{%% elif  measure== ''Estimated Population'' %%}\r\n\t\t{ indicator| replace(\"Percentage\", \"Number of people\") }, men by age group\r\n{%% endif %%}\r\n", "chart_padding_bottom": null, "graph": "bar", "x_axis": "Demographic Characteristic", "dynamic_reference_factor": "", "y_tick_format": "", "filter_visibility": "private", "static_reference_label": "", "type": "chart", "dynamic_reference_label": "", "sort": "default", "color_type": "1", "donut_hole": null, "seq_color": "", "y_axis": "Metric", "category_name": "Answer", "tooltip_name": "", "x_text_multiline": "false", "filter_alias": "men-age", "filter_value": "viz_men_age", "y_label_hide": "true", "data_format": ",.1f", "show_labels_as_percentages": "false", "plotly": "[{\"x\":[\"Measured\",\"Never measured\"],\"y\":[\"66.2\",\"33.8\"],\"type\":\"bar\",\"name\":\"Men  18-69\",\"width\":\"0.15\",\"marker\":{\"color\":\"rgb(0, 66, 157)\"}},{\"x\":[\"Measured\",\"Never measured\"],\"y\":[\"62.4\",\"37.6\"],\"type\":\"bar\",\"name\":\"Men 18-29\",\"width\":\"0.15\",\"marker\":{\"color\":\"rgb(165, 213, 216)\"}},{\"x\":[\"Measured\",\"Never measured\"],\"y\":[\"62.9\",\"37.1\"],\"type\":\"bar\",\"name\":\"Men 30-49\",\"width\":\"0.15\",\"marker\":{\"color\":\"rgb(115, 162, 198)\"}},{\"x\":[\"Measured\",\"Never measured\"],\"y\":[\"77.9\",\"22.1\"],\"type\":\"bar\",\"name\":\"Men 50-69\",\"width\":\"0.15\",\"marker\":{\"color\":\"rgb(71, 113, 178)\"}}]", "padding_bottom": "", "padding_top": "", "static_reference_columns": [], "y_from_zero": "false", "order": 7}, {"x_tick_culling_max": null, "bar_width": "0.15", "color": null, "y_label": "", "filter_name": "Visualization Filter", "additional_description": "__Source__: Data are from the Viet Nam 2015 STEPwise approach to noncommunicable disease risk factor surveillance (STEPS) survey, microdata available at: https://extranet.who.int/ncdsmicrodata/. For more information on definitions and sources visit: https://www.who.int/ncds/surveillance/steps/en/", "tick_count": "", "show_legend": "true", "dynamic_reference_type": "", "x_text_rotate": "0", "size": null, "show_labels": "false", "title": "\t{%% if measure != ''Estimated Population'' %%}\r\n\t\t{indicator|capitalize} by age group\r\n\t{%% elif  measure== ''Estimated Population'' %%}\r\n\t\t{ indicator| replace(\"Percentage\", \"Number of people\") } by age group\r\n{%% endif %%}\r\n", "chart_padding_bottom": null, "graph": "bar", "x_axis": "Demographic Characteristic", "dynamic_reference_factor": "", "y_tick_format": "", "filter_visibility": "private", "static_reference_label": "", "type": "chart", "dynamic_reference_label": "", "sort": "default", "color_type": "1", "donut_hole": null, "seq_color": "", "y_axis": "Metric", "category_name": "Answer", "tooltip_name": "", "x_text_multiline": "false", "filter_alias": "age", "filter_value": "viz_age", "y_label_hide": "true", "data_format": ",.1f", "show_labels_as_percentages": "false", "plotly": "[{\"x\":[\"Measured\",\"Never measured\"],\"y\":[\"70.5\",\"29.5\"],\"type\":\"bar\",\"name\":\" 18-69\",\"width\":\"0.15\",\"marker\":{\"color\":\"rgb(244, 106, 0)\"}},{\"x\":[\"Measured\",\"Never measured\"],\"y\":[\"67.4\",\"32.6\"],\"type\":\"bar\",\"name\":\"18-29\",\"width\":\"0.15\",\"marker\":{\"color\":\"rgb(254, 227, 145)\"}},{\"x\":[\"Measured\",\"Never measured\"],\"y\":[\"67.9\",\"32.1\"],\"type\":\"bar\",\"name\":\"30-49\",\"width\":\"0.15\",\"marker\":{\"color\":\"rgb(254, 169, 81)\"}},{\"x\":[\"Measured\",\"Never measured\"],\"y\":[\"79.3\",\"20.7\"],\"type\":\"bar\",\"name\":\"50-69\",\"width\":\"0.15\",\"marker\":{\"color\":\"rgb(250, 138, 48)\"}}]", "padding_bottom": "", "padding_top": "", "static_reference_columns": [], "y_from_zero": "false", "order": 4}, {"column_width": "Half", "type": "text_box", "order": 2, "description": "<p style=\"font-size:16px\">\r\nThe indicator value and confidence intervals are presented in the following table.  \r\n<br />\r\n<br />\r\n<br />\r\nIndicators that do not relate to people (for example, <em> mean diastolic blood pressure</em>) will not present information when \"estimated population\" is selected as the displayed measure.  \r\n<br />\r\n<br />\r\n<br />\r\nA table at the end shows the data for all demographic groups available for the selected indicator.  \r\n<br />\r\n<br />\r\n<br />\r\nDownload the underlying data by selecting the desired file format from the <em>download</em> button at the top. The data will include all demographic group comparisons, measures, and confidence intervals for the selected indicator.\r\n<br />\r\n<br />\r\n<br />\r\n</p>\r\n\r\n<p style=\"font-size:18px\">\r\n<b> Scroll down to visualize additional demographic group comparisons. </b>  \r\n</p>\r\n"}, {"column_width": "Half", "type": "text_box", "order": 9, "description": "###View the [Hypertension Factsheet](https://public.tableau.com/views/HypertensionFactsheet/Data) to learn the key facts of high blood pressure in Viet Nam from the STEPS Survey 2015"}, {"title": "\t{%% if measure != ''Estimated Population'' %%}\r\n\t\t{indicator|capitalize} \r\n\t{%% elif  measure== ''Estimated Population'' %%}\r\n\t\t{ indicator| replace(\"Percentage\", \"Number of people\") } \r\n{%% endif %%}\r\nfor all demographic groups", "filter_value": "Estimated", "filter_name": "Type of indicator", "data_format": ",.1f", "filter_visibility": "private", "main_value": "Demographic Characteristic", "y_axis": "Metric", "category_name": "Answer", "type": "table", "order": 8, "filter_alias": "Indicator"}, {"title": "\t{%% if measure != ''Estimated Population'' %%}\r\n\t\t{indicator|capitalize}\r\n\t{%% elif  measure== ''Estimated Population'' %%}\r\n\t\t{ indicator| replace(\"Percentage\", \"Number of people\") }\r\n{%% endif %%}\r\n, estimate and confidence intervals", "filter_value": "table_total", "filter_name": "Table Filter", "data_format": ",.1f", "filter_visibility": "private", "main_value": "Group - Answer", "y_axis": "Metric", "category_name": "Type of indicator", "type": "table", "order": 3, "filter_alias": "table"}]', 'Metric');


--
-- Data for Name: revision; Type: TABLE DATA; Schema: public; Owner: ckan
--

INSERT INTO public.revision (id, "timestamp", author, message, state, approved_timestamp) VALUES ('4dfba350-fbe0-4b79-bd82-d79701f9965b', '2020-11-18 11:18:02.077034', 'system', 'Add versioning to groups, group_extras and package_groups', 'active', '2020-11-18 11:18:02.077034');
INSERT INTO public.revision (id, "timestamp", author, message, state, approved_timestamp) VALUES ('3e572c42-6836-4baf-9ff9-188e3c635741', '2020-11-18 11:18:02.374062', 'admin', 'Admin: make sure every object has a row in a revision table', 'active', '2020-11-18 11:18:02.374062');
INSERT INTO public.revision (id, "timestamp", author, message, state, approved_timestamp) VALUES ('5d488552-28ac-4502-94de-378f98251592', '2020-11-18 15:37:41.588414', NULL, 'Set ckan.site_custom_css setting in system_info table', 'active', NULL);
INSERT INTO public.revision (id, "timestamp", author, message, state, approved_timestamp) VALUES ('0f7f5321-bc72-4d27-9913-8e1d1376da62', '2020-11-18 15:37:41.600773', NULL, 'Set ckan.main_css setting in system_info table', 'active', NULL);
INSERT INTO public.revision (id, "timestamp", author, message, state, approved_timestamp) VALUES ('87d918b9-0851-4451-b15b-8a5b6a55be0b', '2020-11-18 15:37:41.610254', NULL, 'Set ckan.site_title setting in system_info table', 'active', NULL);
INSERT INTO public.revision (id, "timestamp", author, message, state, approved_timestamp) VALUES ('ecbc0b91-f8ad-46d2-a8d6-92540fb3717f', '2020-11-18 15:37:41.619427', NULL, 'Set ckan.site_about setting in system_info table', 'active', NULL);
INSERT INTO public.revision (id, "timestamp", author, message, state, approved_timestamp) VALUES ('0cfe664c-792e-4d6f-88de-21492cc2e759', '2020-11-18 15:37:41.628251', NULL, 'Set ckan.site_logo setting in system_info table', 'active', NULL);
INSERT INTO public.revision (id, "timestamp", author, message, state, approved_timestamp) VALUES ('45be3db7-bf63-45f6-874b-ed93f1610984', '2020-11-18 15:37:41.637284', NULL, 'Set ckan.welcome_page_title setting in system_info table', 'active', NULL);
INSERT INTO public.revision (id, "timestamp", author, message, state, approved_timestamp) VALUES ('0fb76844-8020-4b67-8449-03251af0505a', '2020-11-18 15:37:41.646485', NULL, 'Set ckan.site_description setting in system_info table', 'active', NULL);
INSERT INTO public.revision (id, "timestamp", author, message, state, approved_timestamp) VALUES ('9ae951c7-5d64-4a88-8677-95a233f009fd', '2020-11-18 15:37:41.655651', NULL, 'Set ckan.site_intro_text setting in system_info table', 'active', NULL);
INSERT INTO public.revision (id, "timestamp", author, message, state, approved_timestamp) VALUES ('660171a3-db08-4792-9422-136b1aeae2a1', '2020-11-18 15:37:41.664785', NULL, 'Set ckan.homepage_style setting in system_info table', 'active', NULL);
INSERT INTO public.revision (id, "timestamp", author, message, state, approved_timestamp) VALUES ('b340d5c1-728f-45a4-be08-d8032873102f', '2020-11-18 15:37:41.673651', NULL, 'Set ckan.welcome_page_description setting in system_info table', 'active', NULL);
INSERT INTO public.revision (id, "timestamp", author, message, state, approved_timestamp) VALUES ('5e7e755b-6256-4d97-a347-e0f13244a03e', '2020-11-18 15:37:41.682528', NULL, 'Set ckan.config_update setting in system_info table', 'active', NULL);
INSERT INTO public.revision (id, "timestamp", author, message, state, approved_timestamp) VALUES ('47a06fc1-d618-4610-9fb5-b719d1ad3cf6', '2020-11-18 15:40:12.366584', 'CKAN_ADMIN_NAME', '', 'active', NULL);
INSERT INTO public.revision (id, "timestamp", author, message, state, approved_timestamp) VALUES ('c9d6dbce-4cce-4ed3-8b10-500f6c22f19a', '2020-11-18 15:40:12.416103', 'CKAN_ADMIN_NAME', 'REST API: Create member object ', 'active', NULL);
INSERT INTO public.revision (id, "timestamp", author, message, state, approved_timestamp) VALUES ('73d9cba2-bab8-4916-826e-9b82b436a49b', '2020-11-18 18:31:24.695638', NULL, 'Set ckan.welcome_page_title setting in system_info table', 'active', NULL);
INSERT INTO public.revision (id, "timestamp", author, message, state, approved_timestamp) VALUES ('f61b66e8-60c1-4b2f-ada6-5ac7249b8e57', '2020-11-18 18:31:24.720074', NULL, 'Set ckan.welcome_page_description setting in system_info table', 'active', NULL);
INSERT INTO public.revision (id, "timestamp", author, message, state, approved_timestamp) VALUES ('db11401b-177d-4ab6-92c2-b46af2b75372', '2020-11-18 18:31:24.733805', NULL, 'Set ckan.config_update setting in system_info table', 'active', NULL);
INSERT INTO public.revision (id, "timestamp", author, message, state, approved_timestamp) VALUES ('4f2ba7eb-f726-45d3-b268-be14cff52738', '2020-11-18 18:31:59.796078', NULL, 'Set ckan.site_logo setting in system_info table', 'active', NULL);
INSERT INTO public.revision (id, "timestamp", author, message, state, approved_timestamp) VALUES ('10dde749-bfe6-47d7-a340-aaf1bf844a9a', '2020-11-18 18:31:59.810813', NULL, 'Set ckan.config_update setting in system_info table', 'active', NULL);
INSERT INTO public.revision (id, "timestamp", author, message, state, approved_timestamp) VALUES ('c2858ca9-a583-48df-9001-46f1e85fab99', '2020-11-18 18:32:59.727714', 'CKAN_ADMIN_NAME', '', 'active', NULL);
INSERT INTO public.revision (id, "timestamp", author, message, state, approved_timestamp) VALUES ('f8429d1c-d4b1-4130-8775-95ee4899bd17', '2020-11-18 18:33:00.086787', 'CKAN_ADMIN_NAME', 'REST API: Create member object ', 'active', NULL);
INSERT INTO public.revision (id, "timestamp", author, message, state, approved_timestamp) VALUES ('16ff8d9e-087f-444f-8c11-1907c98c1b97', '2020-11-18 18:33:33.455649', 'CKAN_ADMIN_NAME', '', 'active', NULL);
INSERT INTO public.revision (id, "timestamp", author, message, state, approved_timestamp) VALUES ('113eda40-f0f4-4b4a-a77c-85a4b9bcbb87', '2020-11-18 18:33:33.69563', 'CKAN_ADMIN_NAME', 'REST API: Create member object ', 'active', NULL);
INSERT INTO public.revision (id, "timestamp", author, message, state, approved_timestamp) VALUES ('2762beb8-a6ef-46b6-ade7-f5b402e1eb7d', '2020-11-18 18:35:28.67111', 'CKAN_ADMIN_NAME', '', 'active', NULL);
INSERT INTO public.revision (id, "timestamp", author, message, state, approved_timestamp) VALUES ('d744f65c-5072-46f0-83cc-9f7fff25ec3a', '2020-11-18 18:35:28.721839', 'CKAN_ADMIN_NAME', 'REST API: Create member object ', 'active', NULL);
INSERT INTO public.revision (id, "timestamp", author, message, state, approved_timestamp) VALUES ('a7ad4f6f-2c4d-4b53-9bf6-cb1afa1aa4f8', '2020-11-18 18:35:37.771116', 'CKAN_ADMIN_NAME', '', 'active', NULL);
INSERT INTO public.revision (id, "timestamp", author, message, state, approved_timestamp) VALUES ('5bdb31bb-fb16-469c-a37d-acd798ce755e', '2020-11-18 18:37:00.979325', 'CKAN_ADMIN_NAME', '', 'active', NULL);
INSERT INTO public.revision (id, "timestamp", author, message, state, approved_timestamp) VALUES ('13d6c904-39df-42ea-a935-f9a4c59fbaea', '2020-11-18 18:37:28.120861', 'CKAN_ADMIN_NAME', '', 'active', NULL);
INSERT INTO public.revision (id, "timestamp", author, message, state, approved_timestamp) VALUES ('d2b9338e-f70d-48dc-ac21-777b5543ff38', '2020-11-18 18:37:28.378441', 'CKAN_ADMIN_NAME', 'REST API: Create member object ', 'active', NULL);
INSERT INTO public.revision (id, "timestamp", author, message, state, approved_timestamp) VALUES ('43ca6f23-c516-497e-97f4-365c7d2e7ca4', '2020-11-18 18:39:42.910239', 'CKAN_ADMIN_NAME', '', 'active', NULL);
INSERT INTO public.revision (id, "timestamp", author, message, state, approved_timestamp) VALUES ('0dd14aa1-0afb-4c23-bd23-f57affb32256', '2020-11-18 18:39:43.096622', 'CKAN_ADMIN_NAME', 'REST API: Create member object ', 'active', NULL);
INSERT INTO public.revision (id, "timestamp", author, message, state, approved_timestamp) VALUES ('6fe1b621-4bf1-4709-8862-d42996187364', '2020-11-18 18:40:03.457475', 'CKAN_ADMIN_NAME', '', 'active', NULL);
INSERT INTO public.revision (id, "timestamp", author, message, state, approved_timestamp) VALUES ('376b7a42-b1d3-4da5-8c03-0f1f077734b8', '2020-11-18 18:40:03.655282', 'CKAN_ADMIN_NAME', 'REST API: Create member object ', 'active', NULL);
INSERT INTO public.revision (id, "timestamp", author, message, state, approved_timestamp) VALUES ('d426f490-3b85-4b3b-9287-2724ae9cd3fd', '2020-11-18 18:40:22.358506', 'CKAN_ADMIN_NAME', '', 'active', NULL);
INSERT INTO public.revision (id, "timestamp", author, message, state, approved_timestamp) VALUES ('cbfdc45e-f4ee-4a79-ad99-786cf6e8f817', '2020-11-18 18:40:22.69739', 'CKAN_ADMIN_NAME', 'REST API: Create member object ', 'active', NULL);
INSERT INTO public.revision (id, "timestamp", author, message, state, approved_timestamp) VALUES ('593e0a5c-4539-48ba-9ada-9d10b4f2009a', '2020-11-18 18:40:46.574518', 'CKAN_ADMIN_NAME', '', 'active', NULL);
INSERT INTO public.revision (id, "timestamp", author, message, state, approved_timestamp) VALUES ('cc74fd0a-d07e-49e9-a143-8b0d209795d1', '2020-11-18 18:40:47.065345', 'CKAN_ADMIN_NAME', 'REST API: Create member object ', 'active', NULL);
INSERT INTO public.revision (id, "timestamp", author, message, state, approved_timestamp) VALUES ('be198f63-244f-4d3b-9c52-96078002ded1', '2020-11-18 18:41:05.972914', 'CKAN_ADMIN_NAME', '', 'active', NULL);
INSERT INTO public.revision (id, "timestamp", author, message, state, approved_timestamp) VALUES ('d58f09b9-e892-461d-adf4-db4d241db699', '2020-11-18 18:41:06.18931', 'CKAN_ADMIN_NAME', 'REST API: Create member object ', 'active', NULL);
INSERT INTO public.revision (id, "timestamp", author, message, state, approved_timestamp) VALUES ('285f7c2f-6e01-4ea7-89de-d1f308d313b8', '2020-11-18 18:42:15.071349', 'CKAN_ADMIN_NAME', '', 'active', NULL);
INSERT INTO public.revision (id, "timestamp", author, message, state, approved_timestamp) VALUES ('f908ce21-e836-41cb-a98e-035171628325', '2020-11-18 18:42:44.491943', 'CKAN_ADMIN_NAME', 'REST API: Update object alcohol', 'active', NULL);
INSERT INTO public.revision (id, "timestamp", author, message, state, approved_timestamp) VALUES ('066d209d-fdb4-42ba-8a50-2b10ddbb9197', '2020-11-18 18:42:45.205305', 'CKAN_ADMIN_NAME', 'REST API: Update object alcohol', 'active', NULL);
INSERT INTO public.revision (id, "timestamp", author, message, state, approved_timestamp) VALUES ('a2ba7ae8-d636-46b7-8e2b-f6c831bc00de', '2020-11-18 18:43:05.400737', 'CKAN_ADMIN_NAME', '', 'active', NULL);
INSERT INTO public.revision (id, "timestamp", author, message, state, approved_timestamp) VALUES ('3ced0f2b-b180-419e-96db-6abb5fc536c5', '2020-11-18 18:44:26.693147', 'CKAN_ADMIN_NAME', '', 'active', NULL);
INSERT INTO public.revision (id, "timestamp", author, message, state, approved_timestamp) VALUES ('5248fa6d-900e-458e-9ef6-d0333cb1e0a0', '2020-11-18 18:44:58.271768', 'CKAN_ADMIN_NAME', 'REST API: Update object alcohol', 'active', NULL);
INSERT INTO public.revision (id, "timestamp", author, message, state, approved_timestamp) VALUES ('d52e03f2-82e0-4ab3-b67a-2238d47279cf', '2020-11-18 18:45:35.142213', 'CKAN_ADMIN_NAME', '', 'active', NULL);
INSERT INTO public.revision (id, "timestamp", author, message, state, approved_timestamp) VALUES ('0915fdd6-30f1-43bd-842e-5493685f18dc', '2020-11-18 18:46:08.869923', 'CKAN_ADMIN_NAME', 'REST API: Update object tobacco', 'active', NULL);
INSERT INTO public.revision (id, "timestamp", author, message, state, approved_timestamp) VALUES ('edf5527c-fa6a-4901-bc3d-bc24f5029cf6', '2020-11-18 18:46:09.34049', 'CKAN_ADMIN_NAME', 'REST API: Update object tobacco', 'active', NULL);
INSERT INTO public.revision (id, "timestamp", author, message, state, approved_timestamp) VALUES ('b50a77dd-d9ec-4e0b-baba-d12e2f2e402c', '2020-11-18 18:48:09.000519', 'CKAN_ADMIN_NAME', '', 'active', NULL);
INSERT INTO public.revision (id, "timestamp", author, message, state, approved_timestamp) VALUES ('07488fcf-a553-4aef-a39c-17e44d58f870', '2020-11-18 18:48:25.366232', 'CKAN_ADMIN_NAME', 'REST API: Update object hypertension', 'active', NULL);
INSERT INTO public.revision (id, "timestamp", author, message, state, approved_timestamp) VALUES ('4d42074a-8bb1-4b8c-bcb2-ba622242dd81', '2020-11-18 18:48:25.876433', 'CKAN_ADMIN_NAME', 'REST API: Update object hypertension', 'active', NULL);
INSERT INTO public.revision (id, "timestamp", author, message, state, approved_timestamp) VALUES ('558f6706-831c-4c21-993d-ac7029c9d004', '2020-11-18 18:48:48.934073', 'CKAN_ADMIN_NAME', '', 'active', NULL);
INSERT INTO public.revision (id, "timestamp", author, message, state, approved_timestamp) VALUES ('94ed005d-5edf-4ab9-a644-504a7e6d6870', '2020-11-19 15:02:23.710389', 'CKAN_ADMIN_NAME', '', 'active', NULL);
INSERT INTO public.revision (id, "timestamp", author, message, state, approved_timestamp) VALUES ('b8fd176d-a01b-48c4-a647-cd1b2f9b990f', '2020-11-19 15:02:44.440956', 'CKAN_ADMIN_NAME', 'REST API: Update object cholesterol', 'active', NULL);
INSERT INTO public.revision (id, "timestamp", author, message, state, approved_timestamp) VALUES ('5c21aa0f-5588-45f3-841f-e58532a917da', '2020-11-19 15:02:44.868381', 'CKAN_ADMIN_NAME', 'REST API: Update object cholesterol', 'active', NULL);
INSERT INTO public.revision (id, "timestamp", author, message, state, approved_timestamp) VALUES ('eb4a0291-bd33-475c-a4a1-97ff4ed5264f', '2020-11-19 15:03:19.851756', 'CKAN_ADMIN_NAME', '', 'active', NULL);
INSERT INTO public.revision (id, "timestamp", author, message, state, approved_timestamp) VALUES ('66108e41-a8bd-4cd1-aede-3d7d200a77cd', '2020-11-19 15:03:39.219216', 'CKAN_ADMIN_NAME', 'REST API: Update object diabetes', 'active', NULL);
INSERT INTO public.revision (id, "timestamp", author, message, state, approved_timestamp) VALUES ('423e14f7-7d21-4a1c-92ba-455bdf2b118e', '2020-11-19 15:03:39.761739', 'CKAN_ADMIN_NAME', 'REST API: Update object diabetes', 'active', NULL);
INSERT INTO public.revision (id, "timestamp", author, message, state, approved_timestamp) VALUES ('f5781c2c-216c-4319-b1b4-2af58239ca33', '2020-11-19 15:03:50.865483', 'CKAN_ADMIN_NAME', '', 'active', NULL);
INSERT INTO public.revision (id, "timestamp", author, message, state, approved_timestamp) VALUES ('60da5852-0b42-4888-9d80-16d351c86fb7', '2020-11-19 15:04:58.066906', 'CKAN_ADMIN_NAME', '', 'active', NULL);
INSERT INTO public.revision (id, "timestamp", author, message, state, approved_timestamp) VALUES ('1ea05ee2-bc62-4a18-85dd-6730f360b845', '2020-11-19 15:05:10.62524', 'CKAN_ADMIN_NAME', 'REST API: Update object diet', 'active', NULL);
INSERT INTO public.revision (id, "timestamp", author, message, state, approved_timestamp) VALUES ('89db609e-1249-4c63-88c9-7b09ea94d048', '2020-11-19 15:05:11.225547', 'CKAN_ADMIN_NAME', 'REST API: Update object diet', 'active', NULL);
INSERT INTO public.revision (id, "timestamp", author, message, state, approved_timestamp) VALUES ('eb9a48b8-45e8-4664-80c5-d7b862a4817f', '2020-11-19 15:05:52.574422', 'CKAN_ADMIN_NAME', '', 'active', NULL);
INSERT INTO public.revision (id, "timestamp", author, message, state, approved_timestamp) VALUES ('28bd1204-0bb0-4535-bf82-1229541a5973', '2020-11-19 19:04:09.5797', 'CKAN_ADMIN_NAME', 'REST API: Update object cholesterol', 'active', NULL);
INSERT INTO public.revision (id, "timestamp", author, message, state, approved_timestamp) VALUES ('ec39d874-0bf7-4d59-bead-977817448797', '2020-11-19 15:07:17.732285', 'CKAN_ADMIN_NAME', 'REST API: Update object overweight-and-obesity', 'active', NULL);
INSERT INTO public.revision (id, "timestamp", author, message, state, approved_timestamp) VALUES ('e2c0210b-cd0a-478a-8ba8-bcfa5bd53bf6', '2020-12-07 20:51:12.361883', 'CKAN_ADMIN_NAME', 'REST API: Update object diet', 'active', NULL);
INSERT INTO public.revision (id, "timestamp", author, message, state, approved_timestamp) VALUES ('32f6bcae-44e2-4d90-87f5-702be924004a', '2020-11-19 15:07:18.208598', 'CKAN_ADMIN_NAME', 'REST API: Update object overweight-and-obesity', 'active', NULL);
INSERT INTO public.revision (id, "timestamp", author, message, state, approved_timestamp) VALUES ('b6a1aedd-a33c-4a8d-9393-8c46ff237f73', '2020-11-19 19:04:12.168341', 'CKAN_ADMIN_NAME', 'REST API: Update object alcohol', 'active', NULL);
INSERT INTO public.revision (id, "timestamp", author, message, state, approved_timestamp) VALUES ('55860760-d2de-4c58-b4d0-8dd0d38ac2fd', '2020-11-19 16:01:10.776969', 'CKAN_ADMIN_NAME', 'REST API: Update object alcohol', 'active', NULL);
INSERT INTO public.revision (id, "timestamp", author, message, state, approved_timestamp) VALUES ('f6a5f556-f5b7-4c42-ba86-ce3356e98813', '2021-01-21 02:10:47.155554', 'CKAN_ADMIN_NAME', 'REST API: Update object diet', 'active', NULL);
INSERT INTO public.revision (id, "timestamp", author, message, state, approved_timestamp) VALUES ('d31368f0-a323-4aed-ae23-af31ba51de3d', '2020-11-19 16:10:15.116586', 'CKAN_ADMIN_NAME', 'REST API: Update object alcohol', 'active', NULL);
INSERT INTO public.revision (id, "timestamp", author, message, state, approved_timestamp) VALUES ('3396e179-d63f-4f09-b263-0fd48ec4230e', '2020-11-19 19:37:23.865862', 'CKAN_ADMIN_NAME', 'REST API: Update object cholesterol', 'active', NULL);
INSERT INTO public.revision (id, "timestamp", author, message, state, approved_timestamp) VALUES ('70309ee8-f5f9-45db-a542-9e4c5b8f7ff8', '2020-12-07 20:56:48.462593', 'CKAN_ADMIN_NAME', 'REST API: Update object diet', 'active', NULL);
INSERT INTO public.revision (id, "timestamp", author, message, state, approved_timestamp) VALUES ('5f32e82f-0d16-4c0b-9fd1-b39657a06318', '2020-11-19 19:38:12.310176', 'CKAN_ADMIN_NAME', 'REST API: Update object physical-activity', 'active', NULL);
INSERT INTO public.revision (id, "timestamp", author, message, state, approved_timestamp) VALUES ('9a06f6a6-8de4-49a4-9d7e-98debf4005f9', '2020-11-19 19:38:32.373376', 'CKAN_ADMIN_NAME', 'REST API: Update object overweight-and-obesity', 'active', NULL);
INSERT INTO public.revision (id, "timestamp", author, message, state, approved_timestamp) VALUES ('d054b405-1ec9-4886-9f8f-b45e6c29a053', '2020-12-08 16:42:02.358605', 'CKAN_ADMIN_NAME', 'REST API: Update object diabetes', 'active', NULL);
INSERT INTO public.revision (id, "timestamp", author, message, state, approved_timestamp) VALUES ('f4f901b4-a1b2-4d03-84e5-4ee07dfeef4c', '2020-11-19 19:40:22.213992', 'CKAN_ADMIN_NAME', 'REST API: Update object other-steps-data', 'active', NULL);
INSERT INTO public.revision (id, "timestamp", author, message, state, approved_timestamp) VALUES ('81eb1e73-4b72-458a-a550-a0a7f75e6a0e', '2020-11-23 17:03:24.835361', NULL, 'Set ckan.welcome_page_description setting in system_info table', 'active', NULL);
INSERT INTO public.revision (id, "timestamp", author, message, state, approved_timestamp) VALUES ('6c142046-9a2d-49c0-a41d-c78a91e55e5e', '2020-12-01 15:11:35.433806', 'CKAN_ADMIN_NAME', 'REST API: Update object cholesterol', 'active', NULL);
INSERT INTO public.revision (id, "timestamp", author, message, state, approved_timestamp) VALUES ('915feece-28ac-421b-91e6-6c50e9f19703', '2020-12-08 19:25:40.40393', 'CKAN_ADMIN_NAME', 'REST API: Update object alcohol', 'active', NULL);
INSERT INTO public.revision (id, "timestamp", author, message, state, approved_timestamp) VALUES ('654eda73-b889-4c5f-a66c-3f3bfb488774', '2020-12-01 15:13:20.515785', 'CKAN_ADMIN_NAME', 'REST API: Update object cholesterol', 'active', NULL);
INSERT INTO public.revision (id, "timestamp", author, message, state, approved_timestamp) VALUES ('e29502e4-4dd1-4f2f-aa53-11d6fe9d4d05', '2020-12-01 15:13:28.71864', 'CKAN_ADMIN_NAME', 'REST API: Update object cholesterol', 'active', NULL);
INSERT INTO public.revision (id, "timestamp", author, message, state, approved_timestamp) VALUES ('449d660d-3328-4f36-8795-026289a0e02b', '2020-12-08 19:37:41.8237', 'CKAN_ADMIN_NAME', '', 'active', NULL);
INSERT INTO public.revision (id, "timestamp", author, message, state, approved_timestamp) VALUES ('bb2befe0-f23e-4138-a023-199783658eb0', '2020-12-01 15:20:31.411939', 'CKAN_ADMIN_NAME', '', 'active', NULL);
INSERT INTO public.revision (id, "timestamp", author, message, state, approved_timestamp) VALUES ('8c92a8ef-4b53-41ec-90c1-678108726c6c', '2020-12-01 15:21:48.334955', NULL, 'Set ckan.config_update setting in system_info table', 'active', NULL);
INSERT INTO public.revision (id, "timestamp", author, message, state, approved_timestamp) VALUES ('313fd11f-37be-4f85-b01e-b846f46b713d', '2020-12-01 15:25:31.21521', 'CKAN_ADMIN_NAME', 'REST API: Update object cholesterol', 'active', NULL);
INSERT INTO public.revision (id, "timestamp", author, message, state, approved_timestamp) VALUES ('8bc14866-057c-4452-b272-bb7605a00f2a', '2020-12-08 19:38:12.076002', 'CKAN_ADMIN_NAME', '', 'active', NULL);
INSERT INTO public.revision (id, "timestamp", author, message, state, approved_timestamp) VALUES ('3b495a03-8ba6-4386-a8de-743f5cfe7655', '2020-12-03 15:30:39.12605', 'CKAN_ADMIN_NAME', 'REST API: Update object cholesterol', 'active', NULL);
INSERT INTO public.revision (id, "timestamp", author, message, state, approved_timestamp) VALUES ('2a3e407a-b2b3-4fa5-b743-c3a3c0b8b280', '2020-12-03 15:38:50.585429', 'CKAN_ADMIN_NAME', 'REST API: Update object cholesterol', 'active', NULL);
INSERT INTO public.revision (id, "timestamp", author, message, state, approved_timestamp) VALUES ('44c7ffd2-7764-4785-8ca9-7df34fb870ad', '2020-12-08 20:40:32.6206', 'CKAN_ADMIN_NAME', 'REST API: Update object physical-activity', 'active', NULL);
INSERT INTO public.revision (id, "timestamp", author, message, state, approved_timestamp) VALUES ('65940de2-8393-4855-a271-b5e951bcd489', '2020-12-03 15:49:26.006805', 'CKAN_ADMIN_NAME', 'REST API: Update object diabetes', 'active', NULL);
INSERT INTO public.revision (id, "timestamp", author, message, state, approved_timestamp) VALUES ('c8bae112-512b-4d7f-aff6-504598c5f2db', '2020-12-03 16:15:03.440433', 'CKAN_ADMIN_NAME', 'REST API: Update object diabetes', 'active', NULL);
INSERT INTO public.revision (id, "timestamp", author, message, state, approved_timestamp) VALUES ('234e81de-ce51-40d2-a22e-18cf89e389e7', '2020-12-09 15:57:56.306858', 'CKAN_ADMIN_NAME', 'REST API: Update object tobacco', 'active', NULL);
INSERT INTO public.revision (id, "timestamp", author, message, state, approved_timestamp) VALUES ('5a60d86f-eaff-4ba7-9b72-6872f540d9cb', '2020-12-03 16:36:56.271886', 'CKAN_ADMIN_NAME', 'REST API: Update object other-steps-data', 'active', NULL);
INSERT INTO public.revision (id, "timestamp", author, message, state, approved_timestamp) VALUES ('a298de54-6617-479b-9b80-8beec29a2761', '2020-12-03 17:21:31.300737', 'CKAN_ADMIN_NAME', 'REST API: Update object other-steps-data', 'active', NULL);
INSERT INTO public.revision (id, "timestamp", author, message, state, approved_timestamp) VALUES ('f9efc085-7920-483a-a04c-87f0cb27efcc', '2020-12-09 17:11:02.354481', 'CKAN_ADMIN_NAME', '', 'active', NULL);
INSERT INTO public.revision (id, "timestamp", author, message, state, approved_timestamp) VALUES ('d3a8e263-cfbe-499b-886d-192fec91616d', '2020-12-03 18:55:38.44285', 'CKAN_ADMIN_NAME', 'REST API: Update object diabetes', 'active', NULL);
INSERT INTO public.revision (id, "timestamp", author, message, state, approved_timestamp) VALUES ('8564f674-7b32-4a36-a3bf-dab8a9be8286', '2020-12-03 19:00:26.508348', 'CKAN_ADMIN_NAME', 'REST API: Update object diabetes', 'active', NULL);
INSERT INTO public.revision (id, "timestamp", author, message, state, approved_timestamp) VALUES ('1d76787d-61f5-42ba-a09c-a5b130b33e26', '2020-12-15 18:30:57.943139', 'CKAN_ADMIN_NAME', 'REST API: Update object other-steps-data', 'active', NULL);
INSERT INTO public.revision (id, "timestamp", author, message, state, approved_timestamp) VALUES ('c7e70066-0655-4f3c-8d9b-80b4e0100f28', '2020-12-03 19:06:33.763319', 'CKAN_ADMIN_NAME', 'REST API: Update object diabetes', 'active', NULL);
INSERT INTO public.revision (id, "timestamp", author, message, state, approved_timestamp) VALUES ('95571f7a-af97-4692-9ec0-3f51b2fecd44', '2020-12-07 19:19:07.960378', 'CKAN_ADMIN_NAME', 'REST API: Update object alcohol', 'active', NULL);
INSERT INTO public.revision (id, "timestamp", author, message, state, approved_timestamp) VALUES ('6e813cd7-d7b3-400f-9dca-d3ebbf017b8f', '2020-12-17 18:57:30.550059', 'CKAN_ADMIN_NAME', 'REST API: Update object diabetes', 'active', NULL);
INSERT INTO public.revision (id, "timestamp", author, message, state, approved_timestamp) VALUES ('f4454bfd-5644-4345-bb21-428df7d9b0fd', '2020-12-07 19:28:56.272489', 'CKAN_ADMIN_NAME', 'REST API: Update object other-steps-data', 'active', NULL);
INSERT INTO public.revision (id, "timestamp", author, message, state, approved_timestamp) VALUES ('997fe0ae-5813-4954-84d0-04b42ea115ba', '2020-12-17 19:01:19.536321', 'CKAN_ADMIN_NAME', 'REST API: Update object diabetes', 'active', NULL);
INSERT INTO public.revision (id, "timestamp", author, message, state, approved_timestamp) VALUES ('ea07f764-b321-429e-a086-a51385fb618b', '2020-12-17 19:02:29.619766', 'CKAN_ADMIN_NAME', 'REST API: Update object diabetes', 'active', NULL);
INSERT INTO public.revision (id, "timestamp", author, message, state, approved_timestamp) VALUES ('7302957c-40ff-447a-b768-39046b09f7b0', '2020-12-17 19:59:06.175033', 'CKAN_ADMIN_NAME', 'REST API: Update object diabetes', 'active', NULL);
INSERT INTO public.revision (id, "timestamp", author, message, state, approved_timestamp) VALUES ('b92e75d8-68e5-4e55-82c6-4b7fcdd4f889', '2020-12-17 19:59:33.413978', 'CKAN_ADMIN_NAME', 'REST API: Update object diabetes', 'active', NULL);
INSERT INTO public.revision (id, "timestamp", author, message, state, approved_timestamp) VALUES ('360f874a-dc31-4c25-8d1d-786cc4eea0c4', '2020-12-17 20:00:35.267938', 'CKAN_ADMIN_NAME', 'REST API: Update object diabetes', 'active', NULL);
INSERT INTO public.revision (id, "timestamp", author, message, state, approved_timestamp) VALUES ('32bb19f2-dc91-4bc5-9216-f02ae40abd78', '2020-12-17 20:03:19.27586', 'CKAN_ADMIN_NAME', 'REST API: Update object diabetes', 'active', NULL);
INSERT INTO public.revision (id, "timestamp", author, message, state, approved_timestamp) VALUES ('71afd8ab-ee15-486b-9a78-815062e708dd', '2020-12-21 14:09:13.117639', NULL, 'Set ckan.welcome_page_description setting in system_info table', 'active', NULL);
INSERT INTO public.revision (id, "timestamp", author, message, state, approved_timestamp) VALUES ('ac1ab57f-362a-4291-bce1-a9e60c3a874b', '2020-12-21 14:09:13.134994', NULL, 'Set ckan.config_update setting in system_info table', 'active', NULL);
INSERT INTO public.revision (id, "timestamp", author, message, state, approved_timestamp) VALUES ('6f17800b-43db-4e31-929f-3ebe7a5546b6', '2020-12-22 18:37:29.727216', 'CKAN_ADMIN_NAME', 'REST API: Update object diabetes', 'active', NULL);
INSERT INTO public.revision (id, "timestamp", author, message, state, approved_timestamp) VALUES ('8ae71b69-ebe1-48fc-917e-af5b905adad7', '2020-12-22 18:39:04.425455', 'CKAN_ADMIN_NAME', 'REST API: Update object diabetes', 'active', NULL);
INSERT INTO public.revision (id, "timestamp", author, message, state, approved_timestamp) VALUES ('777e7d9b-cc31-4324-8a2f-92438bfabf7e', '2021-01-05 16:38:28.144269', 'CKAN_ADMIN_NAME', 'REST API: Update object alcohol', 'active', NULL);
INSERT INTO public.revision (id, "timestamp", author, message, state, approved_timestamp) VALUES ('3ce59691-b7a8-4258-9bce-f3b8b85b9e54', '2021-01-05 17:26:14.926284', 'CKAN_ADMIN_NAME', 'REST API: Update object alcohol', 'active', NULL);
INSERT INTO public.revision (id, "timestamp", author, message, state, approved_timestamp) VALUES ('3c967605-5f2f-425b-83b3-a0847272af01', '2021-01-05 17:48:01.717301', 'CKAN_ADMIN_NAME', 'REST API: Update object alcohol', 'active', NULL);
INSERT INTO public.revision (id, "timestamp", author, message, state, approved_timestamp) VALUES ('124839b1-851c-467e-ab70-3d9d26017128', '2021-01-05 17:48:55.69035', 'CKAN_ADMIN_NAME', 'REST API: Update object alcohol', 'active', NULL);
INSERT INTO public.revision (id, "timestamp", author, message, state, approved_timestamp) VALUES ('5fff846a-e45c-4621-b6aa-2176dbfb8320', '2021-01-05 17:50:35.72014', 'CKAN_ADMIN_NAME', 'REST API: Update object alcohol', 'active', NULL);
INSERT INTO public.revision (id, "timestamp", author, message, state, approved_timestamp) VALUES ('9f397b37-2efd-414f-bdea-ced3b9d935d8', '2021-01-05 18:12:35.150443', 'CKAN_ADMIN_NAME', 'REST API: Update object alcohol', 'active', NULL);
INSERT INTO public.revision (id, "timestamp", author, message, state, approved_timestamp) VALUES ('9e42fd3d-7f83-497d-8e31-5e9d2c99ab90', '2021-01-05 18:37:43.945018', 'CKAN_ADMIN_NAME', 'REST API: Update object diabetes', 'active', NULL);
INSERT INTO public.revision (id, "timestamp", author, message, state, approved_timestamp) VALUES ('ab26d1d1-08a5-4eda-9601-95a939a833b4', '2021-01-05 18:41:34.942339', 'CKAN_ADMIN_NAME', 'REST API: Update object diabetes', 'active', NULL);
INSERT INTO public.revision (id, "timestamp", author, message, state, approved_timestamp) VALUES ('54850148-a952-46e1-bbaf-555445c3cf26', '2021-01-06 17:28:18.49246', 'CKAN_ADMIN_NAME', 'REST API: Update object diabetes', 'active', NULL);
INSERT INTO public.revision (id, "timestamp", author, message, state, approved_timestamp) VALUES ('4034408b-ec82-4166-b231-090360c2b192', '2021-01-06 17:33:23.391685', 'CKAN_ADMIN_NAME', 'REST API: Update object diabetes', 'active', NULL);
INSERT INTO public.revision (id, "timestamp", author, message, state, approved_timestamp) VALUES ('577c6af3-cf1a-46cc-ae39-ee039b7dfa5b', '2020-11-19 15:06:11.829358', 'CKAN_ADMIN_NAME', 'REST API: Update object other-steps-data', 'active', NULL);
INSERT INTO public.revision (id, "timestamp", author, message, state, approved_timestamp) VALUES ('da951f6d-f405-47eb-b4e2-d00da57adf48', '2020-11-19 19:37:41.576081', 'CKAN_ADMIN_NAME', 'REST API: Update object alcohol', 'active', NULL);
INSERT INTO public.revision (id, "timestamp", author, message, state, approved_timestamp) VALUES ('9b0dc543-2a96-4e93-8c09-f43c76ba3886', '2020-11-19 15:06:12.3084', 'CKAN_ADMIN_NAME', 'REST API: Update object other-steps-data', 'active', NULL);
INSERT INTO public.revision (id, "timestamp", author, message, state, approved_timestamp) VALUES ('37779eea-ad42-4a58-b276-f1acf66cfc30', '2020-12-07 21:03:54.636596', 'CKAN_ADMIN_NAME', 'REST API: Update object diet', 'active', NULL);
INSERT INTO public.revision (id, "timestamp", author, message, state, approved_timestamp) VALUES ('1d5d3fa2-0ef5-483f-a80c-7f5ed79b6739', '2020-11-19 15:06:54.227761', 'CKAN_ADMIN_NAME', '', 'active', NULL);
INSERT INTO public.revision (id, "timestamp", author, message, state, approved_timestamp) VALUES ('f3b19667-eb4c-4a90-ba0c-369d91749119', '2020-11-19 19:40:36.40111', 'CKAN_ADMIN_NAME', 'REST API: Update object diet', 'active', NULL);
INSERT INTO public.revision (id, "timestamp", author, message, state, approved_timestamp) VALUES ('c73c3aa9-d9bc-4987-aaff-1e432decedf7', '2020-11-19 15:08:35.50244', 'CKAN_ADMIN_NAME', '', 'active', NULL);
INSERT INTO public.revision (id, "timestamp", author, message, state, approved_timestamp) VALUES ('d255d809-33be-4c7b-a62f-150c29d12612', '2020-11-19 16:52:10.952757', 'CKAN_ADMIN_NAME', 'REST API: Update object alcohol', 'active', NULL);
INSERT INTO public.revision (id, "timestamp", author, message, state, approved_timestamp) VALUES ('556e8689-ac7b-4e92-9ded-975decb9a70f', '2020-11-19 19:41:13.046276', 'CKAN_ADMIN_NAME', 'REST API: Update object hypertension', 'active', NULL);
INSERT INTO public.revision (id, "timestamp", author, message, state, approved_timestamp) VALUES ('4e16a0ae-a985-4da3-b81c-8a37d9209753', '2020-11-19 17:03:03.993361', 'CKAN_ADMIN_NAME', 'REST API: Update object alcohol', 'active', NULL);
INSERT INTO public.revision (id, "timestamp", author, message, state, approved_timestamp) VALUES ('31d70317-122d-4ffb-a9bf-a81b69817313', '2020-11-23 17:03:01.454714', NULL, 'Set ckan.welcome_page_description setting in system_info table', 'active', NULL);
INSERT INTO public.revision (id, "timestamp", author, message, state, approved_timestamp) VALUES ('36fa8c9b-6aff-4ccf-aa87-24a42b26125e', '2020-11-23 17:03:24.849044', NULL, 'Set ckan.config_update setting in system_info table', 'active', NULL);
INSERT INTO public.revision (id, "timestamp", author, message, state, approved_timestamp) VALUES ('da926bc7-1475-4f5d-802b-4fcd143d1aaf', '2020-12-08 15:15:43.307497', 'CKAN_ADMIN_NAME', 'REST API: Update object other-steps-data', 'active', NULL);
INSERT INTO public.revision (id, "timestamp", author, message, state, approved_timestamp) VALUES ('a1e7d2f9-dc39-4d79-bd86-dae882200852', '2020-11-25 14:04:59.439913', 'CKAN_ADMIN_NAME', 'REST API: Update object alcohol', 'active', NULL);
INSERT INTO public.revision (id, "timestamp", author, message, state, approved_timestamp) VALUES ('78a13f40-40dd-4db4-9e01-d9d16ab03b0e', '2020-11-30 19:33:09.94867', 'CKAN_ADMIN_NAME', 'REST API: Update object alcohol', 'active', NULL);
INSERT INTO public.revision (id, "timestamp", author, message, state, approved_timestamp) VALUES ('0f36e4dc-7d4c-4bad-be09-9f72ffb36d3a', '2020-12-08 15:37:04.388146', 'CKAN_ADMIN_NAME', 'REST API: Update object alcohol', 'active', NULL);
INSERT INTO public.revision (id, "timestamp", author, message, state, approved_timestamp) VALUES ('6c0e3bcb-4f5e-4008-b888-70747d5b98e7', '2020-11-30 19:34:35.256575', 'CKAN_ADMIN_NAME', 'REST API: Update object alcohol', 'active', NULL);
INSERT INTO public.revision (id, "timestamp", author, message, state, approved_timestamp) VALUES ('82658f96-da3f-4848-9d5c-3d1741710cc1', '2020-11-30 19:35:13.233604', 'CKAN_ADMIN_NAME', 'REST API: Update object alcohol', 'active', NULL);
INSERT INTO public.revision (id, "timestamp", author, message, state, approved_timestamp) VALUES ('00bf8069-f350-45b5-bcf5-03d64bb78cb8', '2020-12-08 18:50:47.532992', 'CKAN_ADMIN_NAME', 'REST API: Update object other-steps-data', 'active', NULL);
INSERT INTO public.revision (id, "timestamp", author, message, state, approved_timestamp) VALUES ('cfa4b2a1-c7f3-4f65-ba7b-69a063dc1a07', '2020-11-30 19:36:40.21004', 'CKAN_ADMIN_NAME', 'REST API: Update object alcohol', 'active', NULL);
INSERT INTO public.revision (id, "timestamp", author, message, state, approved_timestamp) VALUES ('e7cb865e-e3a5-4a52-b0db-a5cd2a130123', '2020-12-01 15:14:54.978066', 'CKAN_ADMIN_NAME', 'REST API: Update object alcohol', 'active', NULL);
INSERT INTO public.revision (id, "timestamp", author, message, state, approved_timestamp) VALUES ('22af801b-d537-433d-8d5a-f338411be682', '2020-12-08 18:52:00.428957', 'CKAN_ADMIN_NAME', 'REST API: Update object other-steps-data', 'active', NULL);
INSERT INTO public.revision (id, "timestamp", author, message, state, approved_timestamp) VALUES ('b72c15c3-e9e2-4cc3-9381-3ccc0f7e9b68', '2020-12-01 15:19:25.514697', 'CKAN_ADMIN_NAME', 'REST API: Update object cholesterol', 'active', NULL);
INSERT INTO public.revision (id, "timestamp", author, message, state, approved_timestamp) VALUES ('fa9ecb45-cfb4-4146-b8c3-981a1c6d00ed', '2020-12-01 15:21:28.932371', NULL, 'Set ckan.welcome_page_description setting in system_info table', 'active', NULL);
INSERT INTO public.revision (id, "timestamp", author, message, state, approved_timestamp) VALUES ('17bb0897-7664-4136-bf5f-36a4486d2f4a', '2020-12-01 15:21:28.945815', NULL, 'Set ckan.config_update setting in system_info table', 'active', NULL);
INSERT INTO public.revision (id, "timestamp", author, message, state, approved_timestamp) VALUES ('c47a82c2-210e-4df8-89d8-3b9cbd896ae1', '2020-12-01 15:26:11.827086', 'CKAN_ADMIN_NAME', 'REST API: Update object cholesterol', 'active', NULL);
INSERT INTO public.revision (id, "timestamp", author, message, state, approved_timestamp) VALUES ('09ea0c63-cec7-4687-961a-507df9f73f45', '2020-12-08 18:54:35.808199', 'CKAN_ADMIN_NAME', 'REST API: Update object other-steps-data', 'active', NULL);
INSERT INTO public.revision (id, "timestamp", author, message, state, approved_timestamp) VALUES ('0c808ce4-5bba-4d43-b868-b0a214beedc8', '2020-12-01 15:27:10.301507', 'CKAN_ADMIN_NAME', 'REST API: Update object alcohol', 'active', NULL);
INSERT INTO public.revision (id, "timestamp", author, message, state, approved_timestamp) VALUES ('bd5804c6-9ee9-40f1-8baf-67b2f82700c6', '2020-12-03 15:17:42.020218', 'CKAN_ADMIN_NAME', 'REST API: Update object alcohol', 'active', NULL);
INSERT INTO public.revision (id, "timestamp", author, message, state, approved_timestamp) VALUES ('294e7666-82a1-4a1a-bd93-ade85e48ce01', '2020-12-08 19:04:27.214844', 'CKAN_ADMIN_NAME', 'REST API: Update object other-steps-data', 'active', NULL);
INSERT INTO public.revision (id, "timestamp", author, message, state, approved_timestamp) VALUES ('1fdc4f81-a713-44fe-8e41-8275eb5f5d83', '2020-12-03 15:18:01.069225', 'CKAN_ADMIN_NAME', 'REST API: Update object alcohol', 'active', NULL);
INSERT INTO public.revision (id, "timestamp", author, message, state, approved_timestamp) VALUES ('ae639539-8788-4e3a-90b4-ded09a08da7b', '2020-12-03 15:22:12.344195', 'CKAN_ADMIN_NAME', 'REST API: Update object cholesterol', 'active', NULL);
INSERT INTO public.revision (id, "timestamp", author, message, state, approved_timestamp) VALUES ('72f6decb-b947-44d6-83e1-de7e0730e34f', '2020-12-08 19:06:55.453693', 'CKAN_ADMIN_NAME', 'REST API: Update object overweight-and-obesity', 'active', NULL);
INSERT INTO public.revision (id, "timestamp", author, message, state, approved_timestamp) VALUES ('0107cad0-76e0-4d89-b00b-6253a4adc1c5', '2020-12-03 15:29:48.298928', 'CKAN_ADMIN_NAME', 'REST API: Update object cholesterol', 'active', NULL);
INSERT INTO public.revision (id, "timestamp", author, message, state, approved_timestamp) VALUES ('35a1caa8-8edc-42f0-93fb-e45f5f54d2f4', '2020-12-03 15:39:02.481488', 'CKAN_ADMIN_NAME', 'REST API: Update object alcohol', 'active', NULL);
INSERT INTO public.revision (id, "timestamp", author, message, state, approved_timestamp) VALUES ('94649434-a9b9-4dc5-8c75-055547c72660', '2020-12-08 19:15:41.96082', 'CKAN_ADMIN_NAME', 'REST API: Update object overweight-and-obesity', 'active', NULL);
INSERT INTO public.revision (id, "timestamp", author, message, state, approved_timestamp) VALUES ('70fad531-565e-463a-9709-d3ccaff91b1f', '2020-12-03 15:52:54.008191', 'CKAN_ADMIN_NAME', 'REST API: Update object diabetes', 'active', NULL);
INSERT INTO public.revision (id, "timestamp", author, message, state, approved_timestamp) VALUES ('bc90b5d9-ab26-457e-82e5-9bfdd1e01021', '2020-12-03 15:53:00.824431', 'CKAN_ADMIN_NAME', 'REST API: Update object alcohol', 'active', NULL);
INSERT INTO public.revision (id, "timestamp", author, message, state, approved_timestamp) VALUES ('e0fa3e55-55ad-463f-96f5-d6ec00fdfcde', '2020-12-08 19:15:53.060981', 'CKAN_ADMIN_NAME', 'REST API: Update object overweight-and-obesity', 'active', NULL);
INSERT INTO public.revision (id, "timestamp", author, message, state, approved_timestamp) VALUES ('dbfa949a-8bcc-482a-93c4-4a453cd7bf2c', '2020-12-03 15:56:04.006533', 'CKAN_ADMIN_NAME', 'REST API: Update object diabetes', 'active', NULL);
INSERT INTO public.revision (id, "timestamp", author, message, state, approved_timestamp) VALUES ('07a575f2-f2ff-424f-9ed8-f4439f243c85', '2020-12-03 16:13:30.187701', 'CKAN_ADMIN_NAME', 'REST API: Update object diabetes', 'active', NULL);
INSERT INTO public.revision (id, "timestamp", author, message, state, approved_timestamp) VALUES ('3b67bcb6-4ee5-4274-bb81-48420983a928', '2020-12-08 19:28:19.278426', 'CKAN_ADMIN_NAME', '', 'active', NULL);
INSERT INTO public.revision (id, "timestamp", author, message, state, approved_timestamp) VALUES ('124fa3fb-5b1f-4869-be7f-f9ad5bea1db4', '2020-12-03 16:25:03.973636', 'CKAN_ADMIN_NAME', 'REST API: Update object other-steps-data', 'active', NULL);
INSERT INTO public.revision (id, "timestamp", author, message, state, approved_timestamp) VALUES ('5b60d5e9-f601-4843-b372-e9ca01475000', '2020-12-03 16:25:51.912137', 'CKAN_ADMIN_NAME', 'REST API: Update object other-steps-data', 'active', NULL);
INSERT INTO public.revision (id, "timestamp", author, message, state, approved_timestamp) VALUES ('c8554d6d-8e10-4664-bc9b-0f7eb4f02f80', '2020-12-08 19:38:27.259914', 'CKAN_ADMIN_NAME', '', 'active', NULL);
INSERT INTO public.revision (id, "timestamp", author, message, state, approved_timestamp) VALUES ('eb750c6c-d88f-468c-8a28-0cf91a8299af', '2020-12-03 16:26:58.094539', 'CKAN_ADMIN_NAME', 'REST API: Update object other-steps-data', 'active', NULL);
INSERT INTO public.revision (id, "timestamp", author, message, state, approved_timestamp) VALUES ('72e8597b-86a6-4cca-9b2f-ebf701cd7429', '2020-12-03 16:35:43.154765', 'CKAN_ADMIN_NAME', 'REST API: Update object other-steps-data', 'active', NULL);
INSERT INTO public.revision (id, "timestamp", author, message, state, approved_timestamp) VALUES ('cc4eb844-ca0a-47da-aa68-dc44d9cd95d0', '2020-12-08 20:47:01.023455', 'CKAN_ADMIN_NAME', 'REST API: Update object tobacco', 'active', NULL);
INSERT INTO public.revision (id, "timestamp", author, message, state, approved_timestamp) VALUES ('7cd8ea87-ff79-432e-a3dd-b1ab524fd819', '2020-12-03 17:07:18.771478', 'CKAN_ADMIN_NAME', 'REST API: Update object other-steps-data', 'active', NULL);
INSERT INTO public.revision (id, "timestamp", author, message, state, approved_timestamp) VALUES ('04f9065d-58ff-4c71-b2ff-e01ab00781c1', '2020-12-03 18:50:24.067978', 'CKAN_ADMIN_NAME', 'REST API: Update object alcohol', 'active', NULL);
INSERT INTO public.revision (id, "timestamp", author, message, state, approved_timestamp) VALUES ('4e62d780-d3c8-4ca2-8f12-b8a940eb9863', '2020-12-08 20:50:23.904063', 'CKAN_ADMIN_NAME', 'REST API: Update object tobacco', 'active', NULL);
INSERT INTO public.revision (id, "timestamp", author, message, state, approved_timestamp) VALUES ('56fe51b2-d64a-45c2-8dbb-90a9a581bb04', '2020-12-03 19:36:28.570805', 'CKAN_ADMIN_NAME', 'REST API: Update object other-steps-data', 'active', NULL);
INSERT INTO public.revision (id, "timestamp", author, message, state, approved_timestamp) VALUES ('f22cc6da-63d1-46b8-8ab0-5bd88a77ec19', '2020-12-07 14:55:15.187153', 'CKAN_ADMIN_NAME', 'REST API: Update object hypertension', 'active', NULL);
INSERT INTO public.revision (id, "timestamp", author, message, state, approved_timestamp) VALUES ('cd856800-e3e0-4115-82a9-50b0aaafdb10', '2020-12-15 18:30:23.195174', 'CKAN_ADMIN_NAME', 'REST API: Update object physical-activity', 'active', NULL);
INSERT INTO public.revision (id, "timestamp", author, message, state, approved_timestamp) VALUES ('a4e0d182-9a2c-4584-b6bf-fcf4804a80ca', '2020-12-07 19:18:38.589289', 'CKAN_ADMIN_NAME', 'REST API: Update object cholesterol', 'active', NULL);
INSERT INTO public.revision (id, "timestamp", author, message, state, approved_timestamp) VALUES ('31b34fbb-f08f-48a3-836e-a8264549c715', '2020-12-07 19:20:45.838063', 'CKAN_ADMIN_NAME', 'REST API: Update object other-steps-data', 'active', NULL);
INSERT INTO public.revision (id, "timestamp", author, message, state, approved_timestamp) VALUES ('e86b9671-2ab2-42e5-be8c-2e7dce137eed', '2020-12-15 18:31:46.818197', 'CKAN_ADMIN_NAME', 'REST API: Update object diet', 'active', NULL);
INSERT INTO public.revision (id, "timestamp", author, message, state, approved_timestamp) VALUES ('0d9b1020-c48e-4c4b-93c7-51e2cb00f2fb', '2020-12-15 18:32:24.307419', 'CKAN_ADMIN_NAME', 'REST API: Update object hypertension', 'active', NULL);
INSERT INTO public.revision (id, "timestamp", author, message, state, approved_timestamp) VALUES ('ca231aff-79ed-4166-9e08-b1b0f7baf6c6', '2020-12-17 18:59:05.375388', 'CKAN_ADMIN_NAME', 'REST API: Update object diabetes', 'active', NULL);
INSERT INTO public.revision (id, "timestamp", author, message, state, approved_timestamp) VALUES ('80123099-2ad8-4fa3-9b1b-99eb50e922b5', '2020-12-17 19:58:24.842167', 'CKAN_ADMIN_NAME', 'REST API: Update object diabetes', 'active', NULL);
INSERT INTO public.revision (id, "timestamp", author, message, state, approved_timestamp) VALUES ('7238b094-1f7f-4997-8174-885bc607a1c7', '2020-11-19 15:07:56.465585', 'CKAN_ADMIN_NAME', '', 'active', NULL);
INSERT INTO public.revision (id, "timestamp", author, message, state, approved_timestamp) VALUES ('78f54e23-1450-465b-8054-60d5ede4df79', '2020-11-19 15:08:15.045907', 'CKAN_ADMIN_NAME', 'REST API: Update object physical-activity', 'active', NULL);
INSERT INTO public.revision (id, "timestamp", author, message, state, approved_timestamp) VALUES ('d7fd4ca9-00c0-49bc-b585-abef1a2c579b', '2020-11-19 19:37:58.432242', 'CKAN_ADMIN_NAME', 'REST API: Update object tobacco', 'active', NULL);
INSERT INTO public.revision (id, "timestamp", author, message, state, approved_timestamp) VALUES ('86f093f0-55a0-48de-b99e-3423b390e18a', '2020-11-19 15:08:15.684829', 'CKAN_ADMIN_NAME', 'REST API: Update object physical-activity', 'active', NULL);
INSERT INTO public.revision (id, "timestamp", author, message, state, approved_timestamp) VALUES ('44bbfb6d-57f6-4cd9-b35c-90ddeb30c5c0', '2020-12-08 15:19:55.450446', 'CKAN_ADMIN_NAME', 'REST API: Update object other-steps-data', 'active', NULL);
INSERT INTO public.revision (id, "timestamp", author, message, state, approved_timestamp) VALUES ('50ee1324-e54e-4573-9d87-cd765626fdb6', '2020-11-19 15:40:54.825449', 'CKAN_ADMIN_NAME', 'REST API: Update object alcohol', 'active', NULL);
INSERT INTO public.revision (id, "timestamp", author, message, state, approved_timestamp) VALUES ('394e2e18-af74-48a9-b167-d35607ecfb59', '2020-11-19 19:40:55.908582', 'CKAN_ADMIN_NAME', 'REST API: Update object diabetes', 'active', NULL);
INSERT INTO public.revision (id, "timestamp", author, message, state, approved_timestamp) VALUES ('11f605fa-82c7-4689-b900-0b7b8f7484f7', '2020-11-19 15:54:57.800101', 'CKAN_ADMIN_NAME', 'REST API: Update object alcohol', 'active', NULL);
INSERT INTO public.revision (id, "timestamp", author, message, state, approved_timestamp) VALUES ('99d64a36-40b9-483e-8e8e-7ae2076484e7', '2020-11-19 19:02:30.824979', 'CKAN_ADMIN_NAME', 'REST API: Update object cholesterol', 'active', NULL);
INSERT INTO public.revision (id, "timestamp", author, message, state, approved_timestamp) VALUES ('a5581014-0e49-42f2-8ced-8fd23727698b', '2020-11-19 19:41:21.38207', 'CKAN_ADMIN_NAME', 'REST API: Update object hypertension', 'active', NULL);
INSERT INTO public.revision (id, "timestamp", author, message, state, approved_timestamp) VALUES ('7f13745c-4d86-4949-87a8-ed205461b1d2', '2020-11-19 19:02:32.516847', 'CKAN_ADMIN_NAME', 'REST API: Update object alcohol', 'active', NULL);
INSERT INTO public.revision (id, "timestamp", author, message, state, approved_timestamp) VALUES ('ef48cc4a-d5fe-418d-ade1-63eb19a38a0c', '2020-11-23 17:03:01.472637', NULL, 'Set ckan.config_update setting in system_info table', 'active', NULL);
INSERT INTO public.revision (id, "timestamp", author, message, state, approved_timestamp) VALUES ('618fee2a-137b-47c1-8578-3d355fd7b968', '2020-12-08 15:20:06.092112', 'CKAN_ADMIN_NAME', 'REST API: Update object other-steps-data', 'active', NULL);
INSERT INTO public.revision (id, "timestamp", author, message, state, approved_timestamp) VALUES ('8e141989-cb14-4281-ac1e-0898a5d00304', '2020-11-30 19:19:17.246265', 'CKAN_ADMIN_NAME', 'REST API: Update object alcohol', 'active', NULL);
INSERT INTO public.revision (id, "timestamp", author, message, state, approved_timestamp) VALUES ('3e8fd27e-a7e1-460d-8f4f-0aa972f5af5a', '2020-11-30 19:32:19.263273', 'CKAN_ADMIN_NAME', 'REST API: Update object alcohol', 'active', NULL);
INSERT INTO public.revision (id, "timestamp", author, message, state, approved_timestamp) VALUES ('c151f8e4-6c7d-4de5-8c11-644353c8b1bb', '2020-12-08 15:27:07.611834', 'CKAN_ADMIN_NAME', 'REST API: Update object other-steps-data', 'active', NULL);
INSERT INTO public.revision (id, "timestamp", author, message, state, approved_timestamp) VALUES ('c91e8c87-8293-4c99-8671-5beb2af96ddd', '2020-11-30 19:32:44.172743', 'CKAN_ADMIN_NAME', 'REST API: Update object alcohol', 'active', NULL);
INSERT INTO public.revision (id, "timestamp", author, message, state, approved_timestamp) VALUES ('4521aaf2-5488-4130-9c25-4761cccd8587', '2020-12-01 15:11:16.27276', 'CKAN_ADMIN_NAME', 'REST API: Update object cholesterol', 'active', NULL);
INSERT INTO public.revision (id, "timestamp", author, message, state, approved_timestamp) VALUES ('ff2ccadc-0955-4b63-af49-f53cab8057db', '2020-12-08 15:59:41.325153', 'CKAN_ADMIN_NAME', 'REST API: Update object alcohol', 'active', NULL);
INSERT INTO public.revision (id, "timestamp", author, message, state, approved_timestamp) VALUES ('b36b1940-3723-4e5e-931b-5e183c7ab603', '2020-12-01 15:21:00.65258', 'CKAN_ADMIN_NAME', '', 'active', NULL);
INSERT INTO public.revision (id, "timestamp", author, message, state, approved_timestamp) VALUES ('204d5b9f-5ee2-4d3b-9dfb-7334cb2ea6ee', '2020-12-01 15:21:48.310454', NULL, 'Set ckan.welcome_page_description setting in system_info table', 'active', NULL);
INSERT INTO public.revision (id, "timestamp", author, message, state, approved_timestamp) VALUES ('254fc74e-7d94-4e05-be91-fe4819cb8906', '2020-12-01 15:23:10.656149', 'CKAN_ADMIN_NAME', 'REST API: Update object cholesterol', 'active', NULL);
INSERT INTO public.revision (id, "timestamp", author, message, state, approved_timestamp) VALUES ('1720fac8-a572-4650-a0dc-f9fdbbc55ef1', '2020-12-08 18:48:46.247158', 'CKAN_ADMIN_NAME', 'REST API: Update object other-steps-data', 'active', NULL);
INSERT INTO public.revision (id, "timestamp", author, message, state, approved_timestamp) VALUES ('c6cb1623-8e29-4c3e-affd-ef9b1d841b1c', '2020-12-01 15:23:59.876042', 'CKAN_ADMIN_NAME', 'REST API: Update object cholesterol', 'active', NULL);
INSERT INTO public.revision (id, "timestamp", author, message, state, approved_timestamp) VALUES ('9c5ba38b-13a0-4b83-8813-7cce00c88d41', '2020-12-01 15:24:17.486339', 'CKAN_ADMIN_NAME', 'REST API: Update object cholesterol', 'active', NULL);
INSERT INTO public.revision (id, "timestamp", author, message, state, approved_timestamp) VALUES ('6e374e8f-a82e-4224-9016-feb11614b314', '2020-12-08 18:51:50.852435', 'CKAN_ADMIN_NAME', 'REST API: Update object other-steps-data', 'active', NULL);
INSERT INTO public.revision (id, "timestamp", author, message, state, approved_timestamp) VALUES ('96cf7879-df51-4c9d-b4f9-2e1e7a3f1c6e', '2020-12-01 15:25:04.058786', 'CKAN_ADMIN_NAME', 'REST API: Update object cholesterol', 'active', NULL);
INSERT INTO public.revision (id, "timestamp", author, message, state, approved_timestamp) VALUES ('99c5cdc3-693c-4faf-a712-e3bda44fa801', '2020-12-01 15:26:28.210567', 'CKAN_ADMIN_NAME', 'REST API: Update object cholesterol', 'active', NULL);
INSERT INTO public.revision (id, "timestamp", author, message, state, approved_timestamp) VALUES ('81ee5491-6b0e-4733-b104-00d0470e0a49', '2020-12-08 19:04:46.078789', 'CKAN_ADMIN_NAME', 'REST API: Update object other-steps-data', 'active', NULL);
INSERT INTO public.revision (id, "timestamp", author, message, state, approved_timestamp) VALUES ('69d773a1-8d14-40d1-b39f-b23ede6d6c8d', '2020-12-03 15:30:00.067547', 'CKAN_ADMIN_NAME', 'REST API: Update object cholesterol', 'active', NULL);
INSERT INTO public.revision (id, "timestamp", author, message, state, approved_timestamp) VALUES ('8e9e3acf-d001-492a-a865-690a94f52beb', '2020-12-03 15:44:19.821624', 'CKAN_ADMIN_NAME', 'REST API: Update object alcohol', 'active', NULL);
INSERT INTO public.revision (id, "timestamp", author, message, state, approved_timestamp) VALUES ('223cb59c-caa1-4727-8543-08bd496a891b', '2020-12-08 19:19:51.823478', 'CKAN_ADMIN_NAME', 'REST API: Update object overweight-and-obesity', 'active', NULL);
INSERT INTO public.revision (id, "timestamp", author, message, state, approved_timestamp) VALUES ('66d57d36-541e-435f-a7ac-e226196942f2', '2020-12-03 16:16:40.726676', 'CKAN_ADMIN_NAME', 'REST API: Update object diabetes', 'active', NULL);
INSERT INTO public.revision (id, "timestamp", author, message, state, approved_timestamp) VALUES ('d0408b7f-d7cf-4b26-a84c-b702b4b94afe', '2020-12-03 17:05:52.127066', 'CKAN_ADMIN_NAME', 'REST API: Update object diabetes', 'active', NULL);
INSERT INTO public.revision (id, "timestamp", author, message, state, approved_timestamp) VALUES ('8546b083-e611-41a5-bc2f-620f9966129e', '2020-12-08 19:24:37.822967', 'CKAN_ADMIN_NAME', 'REST API: Update object alcohol', 'active', NULL);
INSERT INTO public.revision (id, "timestamp", author, message, state, approved_timestamp) VALUES ('3d1e94fa-efa3-461f-acaa-81942f0dd8fc', '2020-12-03 17:06:07.817961', 'CKAN_ADMIN_NAME', 'REST API: Update object diabetes', 'active', NULL);
INSERT INTO public.revision (id, "timestamp", author, message, state, approved_timestamp) VALUES ('2b182af1-c501-444d-82db-85fc57c048c7', '2020-12-03 18:50:55.306998', 'CKAN_ADMIN_NAME', 'REST API: Update object cholesterol', 'active', NULL);
INSERT INTO public.revision (id, "timestamp", author, message, state, approved_timestamp) VALUES ('58503950-f255-436a-ab2e-260d92e813c8', '2020-12-08 19:36:10.599202', 'CKAN_ADMIN_NAME', '', 'active', NULL);
INSERT INTO public.revision (id, "timestamp", author, message, state, approved_timestamp) VALUES ('04a2ecf6-d2ee-42d9-9005-121e296951e3', '2020-12-03 18:51:18.358966', 'CKAN_ADMIN_NAME', 'REST API: Update object diabetes', 'active', NULL);
INSERT INTO public.revision (id, "timestamp", author, message, state, approved_timestamp) VALUES ('dc227db5-0235-4098-b082-3094abbbee05', '2020-12-03 19:37:12.529041', 'CKAN_ADMIN_NAME', 'REST API: Update object other-steps-data', 'active', NULL);
INSERT INTO public.revision (id, "timestamp", author, message, state, approved_timestamp) VALUES ('bab9d967-b867-4e9a-811b-5fbd46a44160', '2020-12-08 19:36:44.366613', 'CKAN_ADMIN_NAME', '', 'active', NULL);
INSERT INTO public.revision (id, "timestamp", author, message, state, approved_timestamp) VALUES ('b6b1901f-79cf-4689-9af6-4d28799c44d7', '2020-12-03 19:37:24.206851', 'CKAN_ADMIN_NAME', 'REST API: Update object other-steps-data', 'active', NULL);
INSERT INTO public.revision (id, "timestamp", author, message, state, approved_timestamp) VALUES ('4caca48b-2092-4732-8f27-aa7bba69d7bd', '2020-12-07 18:59:27.689619', 'CKAN_ADMIN_NAME', 'REST API: Update object hypertension', 'active', NULL);
INSERT INTO public.revision (id, "timestamp", author, message, state, approved_timestamp) VALUES ('f4b353f5-dd64-4483-b802-b5a104dcb73c', '2020-12-08 19:36:58.768823', 'CKAN_ADMIN_NAME', '', 'active', NULL);
INSERT INTO public.revision (id, "timestamp", author, message, state, approved_timestamp) VALUES ('5c45e9eb-4bd5-43b1-8ef7-cada8befd0da', '2020-12-07 19:19:33.652252', 'CKAN_ADMIN_NAME', 'REST API: Update object cholesterol', 'active', NULL);
INSERT INTO public.revision (id, "timestamp", author, message, state, approved_timestamp) VALUES ('aa6c2903-6b0f-4712-9252-9f04747ca3f8', '2020-12-08 19:37:11.972955', 'CKAN_ADMIN_NAME', '', 'active', NULL);
INSERT INTO public.revision (id, "timestamp", author, message, state, approved_timestamp) VALUES ('a59486eb-6ee6-4f75-a920-3b2dc542db5b', '2020-12-08 19:37:26.155871', 'CKAN_ADMIN_NAME', '', 'active', NULL);
INSERT INTO public.revision (id, "timestamp", author, message, state, approved_timestamp) VALUES ('c6b61611-4c05-4f1c-b9d7-6ea672672fc2', '2020-12-08 19:37:56.84916', 'CKAN_ADMIN_NAME', '', 'active', NULL);
INSERT INTO public.revision (id, "timestamp", author, message, state, approved_timestamp) VALUES ('c2fcba25-1d13-40bd-bbfa-3382151b9849', '2020-12-08 19:40:03.609761', 'CKAN_ADMIN_NAME', 'REST API: Update object other-steps-data', 'active', NULL);
INSERT INTO public.revision (id, "timestamp", author, message, state, approved_timestamp) VALUES ('86de0caa-bdfb-427b-9732-abc61e6f1eb6', '2020-12-08 20:35:45.731679', 'CKAN_ADMIN_NAME', 'REST API: Update object other-steps-data', 'active', NULL);
INSERT INTO public.revision (id, "timestamp", author, message, state, approved_timestamp) VALUES ('60758a2c-170b-4f49-9b5d-131a9158fac5', '2020-12-08 20:46:20.93758', 'CKAN_ADMIN_NAME', 'REST API: Update object physical-activity', 'active', NULL);
INSERT INTO public.revision (id, "timestamp", author, message, state, approved_timestamp) VALUES ('3e1a1c4b-eebf-413b-94ba-8bdfebdee992', '2020-12-09 15:58:45.993262', 'CKAN_ADMIN_NAME', 'REST API: Update object alcohol', 'active', NULL);
INSERT INTO public.revision (id, "timestamp", author, message, state, approved_timestamp) VALUES ('8616f090-e3a0-4acc-bd10-f13b4966b332', '2020-12-09 17:07:34.287678', 'CKAN_ADMIN_NAME', '', 'active', NULL);
INSERT INTO public.revision (id, "timestamp", author, message, state, approved_timestamp) VALUES ('0f75e5f0-f92b-4830-9064-29133f6cc282', '2020-12-09 17:07:56.776702', 'CKAN_ADMIN_NAME', 'REST API: Update object other-steps-data', 'active', NULL);
INSERT INTO public.revision (id, "timestamp", author, message, state, approved_timestamp) VALUES ('b3af5b43-83ab-433a-8e61-846cd94c2b2a', '2020-12-09 17:08:59.095356', 'CKAN_ADMIN_NAME', '', 'active', NULL);
INSERT INTO public.revision (id, "timestamp", author, message, state, approved_timestamp) VALUES ('022e6ba1-53a3-46f0-9442-2aaca93dcd94', '2020-12-09 17:10:42.400341', 'CKAN_ADMIN_NAME', '', 'active', NULL);
INSERT INTO public.revision (id, "timestamp", author, message, state, approved_timestamp) VALUES ('b4625cc0-7265-4791-99b7-7e97be40b6ea', '2020-12-09 17:44:17.446418', 'CKAN_ADMIN_NAME', '', 'active', NULL);
INSERT INTO public.revision (id, "timestamp", author, message, state, approved_timestamp) VALUES ('7a926de6-c7b0-47bd-90ca-e17251739702', '2020-12-15 18:30:41.623218', 'CKAN_ADMIN_NAME', 'REST API: Update object overweight-and-obesity', 'active', NULL);
INSERT INTO public.revision (id, "timestamp", author, message, state, approved_timestamp) VALUES ('0b835786-3621-4feb-a090-17aa0ff1a741', '2020-12-15 18:31:18.725796', 'CKAN_ADMIN_NAME', 'REST API: Update object diabetes', 'active', NULL);
INSERT INTO public.revision (id, "timestamp", author, message, state, approved_timestamp) VALUES ('72ffd68e-1f34-463d-ba37-b086cc2b33d2', '2020-12-15 18:32:04.979338', 'CKAN_ADMIN_NAME', 'REST API: Update object cholesterol', 'active', NULL);
INSERT INTO public.revision (id, "timestamp", author, message, state, approved_timestamp) VALUES ('b4e76bd6-3306-40ed-9321-e5741b9b5fa5', '2020-12-17 18:34:38.965401', 'CKAN_ADMIN_NAME', 'REST API: Update object diabetes', 'active', NULL);
INSERT INTO public.revision (id, "timestamp", author, message, state, approved_timestamp) VALUES ('f24e9a8e-e02e-4cbd-8e39-9060a2a09e0a', '2020-12-17 18:55:03.265184', 'CKAN_ADMIN_NAME', 'REST API: Update object diabetes', 'active', NULL);
INSERT INTO public.revision (id, "timestamp", author, message, state, approved_timestamp) VALUES ('1c6618f1-8f36-4fd5-9f63-88790e97f4b4', '2021-01-06 17:37:42.094879', 'CKAN_ADMIN_NAME', 'REST API: Update object diabetes', 'active', NULL);
INSERT INTO public.revision (id, "timestamp", author, message, state, approved_timestamp) VALUES ('7c1dfbdc-c9eb-4646-a0b4-c5b4ccb4562a', '2021-01-21 02:22:04.76859', 'CKAN_ADMIN_NAME', 'REST API: Update object hypertension', 'active', NULL);
INSERT INTO public.revision (id, "timestamp", author, message, state, approved_timestamp) VALUES ('0bc83073-57ae-4d3c-8aad-69b5a48dd555', '2021-01-20 17:10:36.698283', 'CKAN_ADMIN_NAME', 'REST API: Update object alcohol', 'active', NULL);
INSERT INTO public.revision (id, "timestamp", author, message, state, approved_timestamp) VALUES ('4d6c2263-0afd-486e-aee0-48498d2cf5d3', '2021-01-20 17:11:24.954075', 'CKAN_ADMIN_NAME', 'REST API: Update object alcohol', 'active', NULL);
INSERT INTO public.revision (id, "timestamp", author, message, state, approved_timestamp) VALUES ('2529e51f-8bdd-4b69-a4b3-6bbf1348ede2', '2021-01-21 02:26:58.496515', 'CKAN_ADMIN_NAME', 'REST API: Update object overweight-and-obesity', 'active', NULL);
INSERT INTO public.revision (id, "timestamp", author, message, state, approved_timestamp) VALUES ('9cc5d7d7-9b17-44b6-bdd2-397ec677cf59', '2021-01-20 17:30:31.497191', 'CKAN_ADMIN_NAME', 'REST API: Update object alcohol', 'active', NULL);
INSERT INTO public.revision (id, "timestamp", author, message, state, approved_timestamp) VALUES ('38d0c603-9a4f-4106-a5e1-642e55eb388b', '2021-01-20 18:15:27.470537', 'CKAN_ADMIN_NAME', 'REST API: Update object alcohol', 'active', NULL);
INSERT INTO public.revision (id, "timestamp", author, message, state, approved_timestamp) VALUES ('f397fa0a-1154-4d3b-9d00-8010e395449e', '2021-01-21 02:32:38.302072', 'CKAN_ADMIN_NAME', 'REST API: Update object physical-activity', 'active', NULL);
INSERT INTO public.revision (id, "timestamp", author, message, state, approved_timestamp) VALUES ('38092bf1-8fca-4ef9-acd5-e14f22703823', '2021-01-20 18:35:54.505071', 'CKAN_ADMIN_NAME', 'REST API: Update object alcohol', 'active', NULL);
INSERT INTO public.revision (id, "timestamp", author, message, state, approved_timestamp) VALUES ('5d5a6c74-3cd4-44ab-888b-761802271fac', '2021-01-20 18:40:34.953505', 'CKAN_ADMIN_NAME', 'REST API: Update object alcohol', 'active', NULL);
INSERT INTO public.revision (id, "timestamp", author, message, state, approved_timestamp) VALUES ('a81cd76c-cce1-48eb-83bb-9c2df0272e66', '2021-01-21 02:39:35.449669', 'CKAN_ADMIN_NAME', 'REST API: Update object other-steps-data', 'active', NULL);
INSERT INTO public.revision (id, "timestamp", author, message, state, approved_timestamp) VALUES ('20476474-8d46-40ae-8d0d-1fa0f68c6fc0', '2021-01-20 18:51:09.334109', 'CKAN_ADMIN_NAME', 'REST API: Update object cholesterol', 'active', NULL);
INSERT INTO public.revision (id, "timestamp", author, message, state, approved_timestamp) VALUES ('32736234-3cdc-49a6-af43-92aa29dd49ef', '2021-01-20 18:52:42.048563', 'CKAN_ADMIN_NAME', 'REST API: Update object cholesterol', 'active', NULL);
INSERT INTO public.revision (id, "timestamp", author, message, state, approved_timestamp) VALUES ('2e58f324-727c-408e-8133-a3b2e5d034fd', '2021-01-21 02:47:04.060312', 'CKAN_ADMIN_NAME', 'REST API: Update object other-steps-data', 'active', NULL);
INSERT INTO public.revision (id, "timestamp", author, message, state, approved_timestamp) VALUES ('548e2325-9e28-423f-bcb5-bda7f3fd71e4', '2021-01-20 19:33:15.460686', 'CKAN_ADMIN_NAME', 'REST API: Update object cholesterol', 'active', NULL);
INSERT INTO public.revision (id, "timestamp", author, message, state, approved_timestamp) VALUES ('e9f68680-e759-4e0d-9b61-7199003be374', '2021-01-20 19:34:37.722419', 'CKAN_ADMIN_NAME', 'REST API: Update object cholesterol', 'active', NULL);
INSERT INTO public.revision (id, "timestamp", author, message, state, approved_timestamp) VALUES ('98c0f794-7587-435d-b9a5-e7f701d57a76', '2021-01-21 03:40:57.390073', 'CKAN_ADMIN_NAME', 'REST API: Update object alcohol', 'active', NULL);
INSERT INTO public.revision (id, "timestamp", author, message, state, approved_timestamp) VALUES ('f9af2492-770e-486d-8797-0d640ef06ef4', '2021-01-20 19:34:44.823448', 'CKAN_ADMIN_NAME', 'REST API: Update object cholesterol', 'active', NULL);
INSERT INTO public.revision (id, "timestamp", author, message, state, approved_timestamp) VALUES ('570cff1b-a54d-4571-9dc5-af0cdc6c3d3c', '2021-01-20 19:44:25.072459', 'CKAN_ADMIN_NAME', 'REST API: Update object cholesterol', 'active', NULL);
INSERT INTO public.revision (id, "timestamp", author, message, state, approved_timestamp) VALUES ('f4ea9406-dddb-4a8b-9195-4b1157956a82', '2021-01-21 04:08:29.462416', 'CKAN_ADMIN_NAME', 'REST API: Update object other-steps-data', 'active', NULL);
INSERT INTO public.revision (id, "timestamp", author, message, state, approved_timestamp) VALUES ('0a082970-c480-4bc7-884d-e2d99683d379', '2021-01-20 22:02:07.387876', 'CKAN_ADMIN_NAME', '', 'active', NULL);
INSERT INTO public.revision (id, "timestamp", author, message, state, approved_timestamp) VALUES ('2ea7ab1a-5ed5-46f6-aa13-880b0a2c26d4', '2021-01-20 22:02:14.759705', 'CKAN_ADMIN_NAME', 'REST API: Update object test-altered-dataset', 'active', NULL);
INSERT INTO public.revision (id, "timestamp", author, message, state, approved_timestamp) VALUES ('135d9024-dfcb-4fce-bd6a-23ea734bbf8b', '2021-01-21 04:08:48.378417', 'CKAN_ADMIN_NAME', 'REST API: Update object physical-activity', 'active', NULL);
INSERT INTO public.revision (id, "timestamp", author, message, state, approved_timestamp) VALUES ('4e10fd02-c85f-4dcb-81d5-e4f8167e3de2', '2021-01-20 22:02:15.560469', 'CKAN_ADMIN_NAME', 'REST API: Update object test-altered-dataset', 'active', NULL);
INSERT INTO public.revision (id, "timestamp", author, message, state, approved_timestamp) VALUES ('35cbabdf-4e9f-4664-ad5a-b958fda48cc3', '2021-01-20 22:02:42.624826', 'CKAN_ADMIN_NAME', '', 'active', NULL);
INSERT INTO public.revision (id, "timestamp", author, message, state, approved_timestamp) VALUES ('dd47b837-5305-416c-b64e-62fed02f2184', '2021-01-21 04:09:06.655879', 'CKAN_ADMIN_NAME', 'REST API: Update object overweight-and-obesity', 'active', NULL);
INSERT INTO public.revision (id, "timestamp", author, message, state, approved_timestamp) VALUES ('91787617-6884-4205-a8fd-60fd6af28b09', '2021-01-20 22:03:50.97996', 'CKAN_ADMIN_NAME', 'REST API: Update object test-altered-dataset', 'active', NULL);
INSERT INTO public.revision (id, "timestamp", author, message, state, approved_timestamp) VALUES ('ead22975-3fe1-4c21-abfe-f8385d1a48e6', '2021-01-20 22:05:59.813503', 'CKAN_ADMIN_NAME', 'REST API: Update object test-altered-dataset', 'active', NULL);
INSERT INTO public.revision (id, "timestamp", author, message, state, approved_timestamp) VALUES ('8171b247-d9b8-4875-983d-7ece82c21ebb', '2021-01-21 04:09:27.432149', 'CKAN_ADMIN_NAME', 'REST API: Update object hypertension', 'active', NULL);
INSERT INTO public.revision (id, "timestamp", author, message, state, approved_timestamp) VALUES ('9dd74ffe-11cc-46c9-b764-9d6cdef056d5', '2021-01-21 01:16:20.483655', 'CKAN_ADMIN_NAME', 'REST API: Update object diabetes', 'active', NULL);
INSERT INTO public.revision (id, "timestamp", author, message, state, approved_timestamp) VALUES ('11134cfc-cadd-4536-92dd-c374faa04186', '2021-01-21 01:18:14.271059', 'CKAN_ADMIN_NAME', 'REST API: Update object diet', 'active', NULL);
INSERT INTO public.revision (id, "timestamp", author, message, state, approved_timestamp) VALUES ('032ff638-dad7-47a0-bc0e-e80a4f1f656b', '2021-01-21 04:09:44.382368', 'CKAN_ADMIN_NAME', 'REST API: Update object diet', 'active', NULL);
INSERT INTO public.revision (id, "timestamp", author, message, state, approved_timestamp) VALUES ('482b3456-2156-4282-83ff-04ca35abec9b', '2021-01-21 01:18:53.889708', 'CKAN_ADMIN_NAME', 'REST API: Update object hypertension', 'active', NULL);
INSERT INTO public.revision (id, "timestamp", author, message, state, approved_timestamp) VALUES ('3e005203-a338-4fe4-a259-61c8863b8279', '2021-01-21 01:19:24.635817', 'CKAN_ADMIN_NAME', 'REST API: Update object other-steps-data', 'active', NULL);
INSERT INTO public.revision (id, "timestamp", author, message, state, approved_timestamp) VALUES ('6805c6f4-119e-4282-82f7-cc31c3541035', '2021-01-21 04:10:04.817175', 'CKAN_ADMIN_NAME', 'REST API: Update object diabetes', 'active', NULL);
INSERT INTO public.revision (id, "timestamp", author, message, state, approved_timestamp) VALUES ('1ba3fb6f-62b8-4a59-b5d5-462a6f947104', '2021-01-21 01:19:57.988092', 'CKAN_ADMIN_NAME', 'REST API: Update object overweight-and-obesity', 'active', NULL);
INSERT INTO public.revision (id, "timestamp", author, message, state, approved_timestamp) VALUES ('a8295982-dac1-4b5e-971a-2ad8481d2bfe', '2021-01-21 01:20:37.09918', 'CKAN_ADMIN_NAME', 'REST API: Update object physical-activity', 'active', NULL);
INSERT INTO public.revision (id, "timestamp", author, message, state, approved_timestamp) VALUES ('61233f61-94c5-4479-bcd7-a9acfbc3d27e', '2021-01-21 04:10:25.176961', 'CKAN_ADMIN_NAME', 'REST API: Update object cholesterol', 'active', NULL);
INSERT INTO public.revision (id, "timestamp", author, message, state, approved_timestamp) VALUES ('f6763c35-7b98-46fa-9615-6fcc8ab39f79', '2021-01-21 01:21:19.885823', 'CKAN_ADMIN_NAME', 'REST API: Update object diabetes', 'active', NULL);
INSERT INTO public.revision (id, "timestamp", author, message, state, approved_timestamp) VALUES ('17dbb026-2525-4cfb-9c64-2cadd52cf901', '2021-01-21 13:49:39.237767', 'CKAN_ADMIN_NAME', 'REST API: Update object test-altered-dataset', 'active', NULL);
INSERT INTO public.revision (id, "timestamp", author, message, state, approved_timestamp) VALUES ('9c02e905-f2e3-44f1-bee4-36a6edbfd5ed', '2021-01-21 13:56:44.928045', 'CKAN_ADMIN_NAME', 'REST API: Update object test-altered-dataset', 'active', NULL);
INSERT INTO public.revision (id, "timestamp", author, message, state, approved_timestamp) VALUES ('774c7b9e-fd8b-440f-af95-f90e3a3e814c', '2021-01-21 13:58:18.696172', 'CKAN_ADMIN_NAME', 'REST API: Update object test-altered-dataset', 'active', NULL);
INSERT INTO public.revision (id, "timestamp", author, message, state, approved_timestamp) VALUES ('c6530f9d-a757-4fe2-aa65-65c2752c346d', '2021-01-21 14:02:33.146151', 'CKAN_ADMIN_NAME', 'REST API: Update object test-altered-dataset', 'active', NULL);
INSERT INTO public.revision (id, "timestamp", author, message, state, approved_timestamp) VALUES ('4726d42d-957a-4f96-9f17-b7aa8e3edca8', '2021-01-21 14:13:35.219996', 'CKAN_ADMIN_NAME', 'REST API: Update object test-altered-dataset', 'active', NULL);
INSERT INTO public.revision (id, "timestamp", author, message, state, approved_timestamp) VALUES ('133cd30b-c2f2-4dc0-9ae8-6a0386d39b3a', '2021-01-21 14:15:49.752214', 'CKAN_ADMIN_NAME', 'REST API: Update object test-altered-dataset', 'active', NULL);
INSERT INTO public.revision (id, "timestamp", author, message, state, approved_timestamp) VALUES ('00a70da3-1177-41ca-b695-0130356bc819', '2021-01-21 14:19:33.186649', 'CKAN_ADMIN_NAME', 'REST API: Update object test-altered-dataset', 'active', NULL);
INSERT INTO public.revision (id, "timestamp", author, message, state, approved_timestamp) VALUES ('f05169ff-292e-41f4-aa44-0c0f4322a481', '2021-01-21 14:24:14.838413', 'CKAN_ADMIN_NAME', 'REST API: Update object test-altered-dataset', 'active', NULL);
INSERT INTO public.revision (id, "timestamp", author, message, state, approved_timestamp) VALUES ('112e22cd-4703-4ff0-88ba-20dd069f6ac1', '2021-01-21 15:01:45.50306', 'CKAN_ADMIN_NAME', 'REST API: Update object test-altered-dataset', 'active', NULL);
INSERT INTO public.revision (id, "timestamp", author, message, state, approved_timestamp) VALUES ('860f8ff6-355d-42b0-a0db-d5f4fec77624', '2021-01-21 15:27:25.456054', 'CKAN_ADMIN_NAME', 'REST API: Update object test-altered-dataset', 'active', NULL);
INSERT INTO public.revision (id, "timestamp", author, message, state, approved_timestamp) VALUES ('ddc7d4b5-8001-4eeb-9848-12b037f2071e', '2021-01-21 15:29:36.279283', 'CKAN_ADMIN_NAME', 'REST API: Update object test-altered-dataset', 'active', NULL);
INSERT INTO public.revision (id, "timestamp", author, message, state, approved_timestamp) VALUES ('24a2a56a-30b3-407b-b169-cb9e121d7971', '2021-01-21 15:33:26.268825', 'CKAN_ADMIN_NAME', 'REST API: Update object test-altered-dataset', 'active', NULL);
INSERT INTO public.revision (id, "timestamp", author, message, state, approved_timestamp) VALUES ('7d3d22ec-e0b6-4f5d-b172-39c16b4d2b90', '2021-01-21 15:37:51.55758', 'CKAN_ADMIN_NAME', 'REST API: Update object test-altered-dataset', 'active', NULL);
INSERT INTO public.revision (id, "timestamp", author, message, state, approved_timestamp) VALUES ('79e50dec-b160-45fd-86c3-f59e660ccdba', '2021-01-21 15:55:15.100424', 'CKAN_ADMIN_NAME', 'REST API: Update object test-altered-dataset', 'active', NULL);
INSERT INTO public.revision (id, "timestamp", author, message, state, approved_timestamp) VALUES ('c372c86e-c03f-4b71-8377-0ef0f4d10955', '2021-01-22 12:59:31.841285', 'CKAN_ADMIN_NAME', 'REST API: Update object test-altered-dataset', 'active', NULL);
INSERT INTO public.revision (id, "timestamp", author, message, state, approved_timestamp) VALUES ('01b78ceb-a3b4-4ab1-af1c-128afdb1f2fa', '2021-01-22 12:59:59.191977', 'CKAN_ADMIN_NAME', 'REST API: Update object test-altered-dataset', 'active', NULL);
INSERT INTO public.revision (id, "timestamp", author, message, state, approved_timestamp) VALUES ('3b3c28d6-efed-49cf-9a85-7e1d3e373a66', '2021-01-22 13:03:17.158179', 'CKAN_ADMIN_NAME', 'REST API: Update object test-altered-dataset', 'active', NULL);
INSERT INTO public.revision (id, "timestamp", author, message, state, approved_timestamp) VALUES ('f01dd7c6-0ba3-412a-bf4d-d3576d0218c6', '2021-01-22 13:03:36.626865', 'CKAN_ADMIN_NAME', 'REST API: Update object test-altered-dataset', 'active', NULL);
INSERT INTO public.revision (id, "timestamp", author, message, state, approved_timestamp) VALUES ('ffd3f11a-bdf8-44db-95ee-36b9138371bb', '2021-01-22 15:21:49.400144', 'CKAN_ADMIN_NAME', 'REST API: Delete Package: test-altered-dataset', 'active', NULL);
INSERT INTO public.revision (id, "timestamp", author, message, state, approved_timestamp) VALUES ('effcfc8d-a12f-4539-942e-aab1fb5a59c4', '2021-01-22 16:13:40.339922', 'CKAN_ADMIN_NAME', '', 'active', NULL);
INSERT INTO public.revision (id, "timestamp", author, message, state, approved_timestamp) VALUES ('61eec8a8-064d-4239-a2df-b58d4027a1bd', '2021-01-22 16:14:38.145938', 'CKAN_ADMIN_NAME', 'REST API: Update object test-altered-dataset-2', 'active', NULL);
INSERT INTO public.revision (id, "timestamp", author, message, state, approved_timestamp) VALUES ('cc6dc390-1fa4-4659-abb3-287b07e459eb', '2021-01-22 16:14:38.692784', 'CKAN_ADMIN_NAME', 'REST API: Update object test-altered-dataset-2', 'active', NULL);
INSERT INTO public.revision (id, "timestamp", author, message, state, approved_timestamp) VALUES ('f205f084-9980-4010-96dd-9ee74591f4a6', '2021-01-22 16:14:32.598189', 'CKAN_ADMIN_NAME', '', 'active', NULL);
INSERT INTO public.revision (id, "timestamp", author, message, state, approved_timestamp) VALUES ('49b5e792-ae4c-4da0-89f7-214872a28570', '2021-01-22 16:15:18.504941', 'CKAN_ADMIN_NAME', 'REST API: Update object test-altered-dataset-2', 'active', NULL);
INSERT INTO public.revision (id, "timestamp", author, message, state, approved_timestamp) VALUES ('1e41d468-37e8-4001-98c0-67f23613470f', '2021-01-22 17:02:06.335886', 'CKAN_ADMIN_NAME', 'REST API: Delete Package: test-altered-dataset-2', 'active', NULL);
INSERT INTO public.revision (id, "timestamp", author, message, state, approved_timestamp) VALUES ('197dd58e-9706-407f-88ae-6fc9f05a0eb2', '2021-01-25 13:09:07.023549', 'CKAN_ADMIN_NAME', 'REST API: Update object diabetes', 'active', NULL);
INSERT INTO public.revision (id, "timestamp", author, message, state, approved_timestamp) VALUES ('b8e2b687-7326-4a07-bf69-540a00e79558', '2021-01-25 13:10:49.148269', 'CKAN_ADMIN_NAME', 'REST API: Update object cholesterol', 'active', NULL);
INSERT INTO public.revision (id, "timestamp", author, message, state, approved_timestamp) VALUES ('92a9cd42-b6a9-4aec-b202-63e169301d0e', '2021-01-25 13:15:41.52631', 'CKAN_ADMIN_NAME', '', 'active', NULL);
INSERT INTO public.revision (id, "timestamp", author, message, state, approved_timestamp) VALUES ('6f6e451d-82dc-4133-9e79-cdb88f7d69e8', '2021-01-25 13:15:51.241637', 'CKAN_ADMIN_NAME', 'REST API: Update object testing-altered-csv-3', 'active', NULL);
INSERT INTO public.revision (id, "timestamp", author, message, state, approved_timestamp) VALUES ('c36349dc-45b6-45c1-a292-85a5fb2c6038', '2021-01-25 13:15:51.628118', 'CKAN_ADMIN_NAME', 'REST API: Update object testing-altered-csv-3', 'active', NULL);
INSERT INTO public.revision (id, "timestamp", author, message, state, approved_timestamp) VALUES ('446bf2e9-f81f-49c2-8f05-2c0db4cd5ac6', '2021-01-25 13:16:37.718793', 'CKAN_ADMIN_NAME', 'REST API: Update object testing-altered-csv-3', 'active', NULL);
INSERT INTO public.revision (id, "timestamp", author, message, state, approved_timestamp) VALUES ('8af15dfa-5108-4798-bd1f-f72e760fde00', '2021-01-25 13:18:19.744357', 'CKAN_ADMIN_NAME', 'REST API: Update object testing-altered-csv-3', 'active', NULL);
INSERT INTO public.revision (id, "timestamp", author, message, state, approved_timestamp) VALUES ('d703510b-5cea-4017-a59b-aa9e044ec854', '2021-01-25 13:19:33.76291', 'CKAN_ADMIN_NAME', 'REST API: Update object testing-altered-csv-3', 'active', NULL);
INSERT INTO public.revision (id, "timestamp", author, message, state, approved_timestamp) VALUES ('f5ccb831-471d-4770-91d0-52be2b1511ea', '2021-01-25 13:19:57.386909', 'CKAN_ADMIN_NAME', 'REST API: Update object testing-altered-csv-3', 'active', NULL);
INSERT INTO public.revision (id, "timestamp", author, message, state, approved_timestamp) VALUES ('4c8746df-bebd-49cb-ae78-188ed85bde57', '2021-01-25 15:10:41.883884', 'CKAN_ADMIN_NAME', 'REST API: Delete Package: testing-altered-csv-3', 'active', NULL);
INSERT INTO public.revision (id, "timestamp", author, message, state, approved_timestamp) VALUES ('f1740772-9594-4785-b967-6bf3b0b88dca', '2021-01-25 19:28:17.090176', 'CKAN_ADMIN_NAME', 'REST API: Update object alcohol', 'active', NULL);
INSERT INTO public.revision (id, "timestamp", author, message, state, approved_timestamp) VALUES ('e6bc5add-a80b-4460-8b3b-fc1caee8ecfc', '2021-01-25 19:31:02.00941', 'CKAN_ADMIN_NAME', 'REST API: Update object alcohol', 'active', NULL);
INSERT INTO public.revision (id, "timestamp", author, message, state, approved_timestamp) VALUES ('0b4193b0-8f43-4e48-9d47-7505b4fb05d0', '2021-01-25 19:31:44.927477', 'CKAN_ADMIN_NAME', 'REST API: Update object alcohol', 'active', NULL);
INSERT INTO public.revision (id, "timestamp", author, message, state, approved_timestamp) VALUES ('8d97e061-9482-4b68-b95f-c85f789db223', '2021-01-25 19:32:25.437328', 'CKAN_ADMIN_NAME', 'REST API: Update object alcohol', 'active', NULL);
INSERT INTO public.revision (id, "timestamp", author, message, state, approved_timestamp) VALUES ('f30d6997-1723-4e5d-87b7-07f84859fa58', '2021-01-25 22:01:49.262727', 'CKAN_ADMIN_NAME', 'REST API: Update object alcohol', 'active', NULL);
INSERT INTO public.revision (id, "timestamp", author, message, state, approved_timestamp) VALUES ('f954310c-cdd5-4bbd-9024-3361bd520a7f', '2021-01-25 22:02:44.334474', 'CKAN_ADMIN_NAME', 'REST API: Update object cholesterol', 'active', NULL);
INSERT INTO public.revision (id, "timestamp", author, message, state, approved_timestamp) VALUES ('68be91f7-efe3-44fe-b3f7-dd1b32866588', '2021-01-25 22:02:59.485751', 'CKAN_ADMIN_NAME', 'REST API: Update object diabetes', 'active', NULL);
INSERT INTO public.revision (id, "timestamp", author, message, state, approved_timestamp) VALUES ('e15f0eb2-5a95-45e3-a782-008ca1edaf02', '2021-01-25 22:03:10.32442', 'CKAN_ADMIN_NAME', 'REST API: Update object diet', 'active', NULL);
INSERT INTO public.revision (id, "timestamp", author, message, state, approved_timestamp) VALUES ('4381c4e9-38f6-4b74-bb81-abf8faa9e19a', '2021-01-25 22:03:21.551021', 'CKAN_ADMIN_NAME', 'REST API: Update object hypertension', 'active', NULL);
INSERT INTO public.revision (id, "timestamp", author, message, state, approved_timestamp) VALUES ('361314f4-b325-4ca8-aea1-92f263f8d6c0', '2021-01-25 22:03:34.186931', 'CKAN_ADMIN_NAME', 'REST API: Update object overweight-and-obesity', 'active', NULL);
INSERT INTO public.revision (id, "timestamp", author, message, state, approved_timestamp) VALUES ('6b62e6d1-249c-4578-b388-e25a8f6cb33b', '2021-01-25 22:03:58.658369', 'CKAN_ADMIN_NAME', 'REST API: Update object overweight-and-obesity', 'active', NULL);
INSERT INTO public.revision (id, "timestamp", author, message, state, approved_timestamp) VALUES ('035f09eb-4250-4d7a-ad51-430826943df6', '2021-01-25 22:04:11.948515', 'CKAN_ADMIN_NAME', 'REST API: Update object physical-activity', 'active', NULL);
INSERT INTO public.revision (id, "timestamp", author, message, state, approved_timestamp) VALUES ('0099534a-35b6-487f-aca9-427d35c99054', '2021-01-25 22:04:24.946081', 'CKAN_ADMIN_NAME', 'REST API: Update object tobacco', 'active', NULL);
INSERT INTO public.revision (id, "timestamp", author, message, state, approved_timestamp) VALUES ('199a5263-51b0-4841-805a-0eca26bfe947', '2021-01-25 22:04:40.20837', 'CKAN_ADMIN_NAME', 'REST API: Update object other-steps-data', 'active', NULL);
INSERT INTO public.revision (id, "timestamp", author, message, state, approved_timestamp) VALUES ('91279781-1c96-4b2e-9159-b243b522889f', '2021-01-25 22:04:48.410111', 'CKAN_ADMIN_NAME', 'REST API: Update object other-steps-data', 'active', NULL);
INSERT INTO public.revision (id, "timestamp", author, message, state, approved_timestamp) VALUES ('20e17575-18cb-4711-8428-c68cfde62c2b', '2021-01-28 15:38:07.257718', 'CKAN_ADMIN_NAME', 'REST API: Update object cholesterol', 'active', NULL);
INSERT INTO public.revision (id, "timestamp", author, message, state, approved_timestamp) VALUES ('05699fb0-88e0-4c05-ad7c-03afc82848d5', '2021-01-28 15:38:28.223826', 'CKAN_ADMIN_NAME', 'REST API: Update object diabetes', 'active', NULL);
INSERT INTO public.revision (id, "timestamp", author, message, state, approved_timestamp) VALUES ('c014ee7c-2039-4985-bd1f-d08d47f2f09e', '2021-01-28 15:38:43.901762', 'CKAN_ADMIN_NAME', 'REST API: Update object diet', 'active', NULL);
INSERT INTO public.revision (id, "timestamp", author, message, state, approved_timestamp) VALUES ('3e6e7219-f6d8-4fc6-b9de-a875198e3c60', '2021-01-28 15:39:00.49788', 'CKAN_ADMIN_NAME', 'REST API: Update object hypertension', 'active', NULL);
INSERT INTO public.revision (id, "timestamp", author, message, state, approved_timestamp) VALUES ('24869b78-8e0d-4368-9bea-9de882d550f4', '2021-01-28 15:39:17.858587', 'CKAN_ADMIN_NAME', 'REST API: Update object overweight-and-obesity', 'active', NULL);
INSERT INTO public.revision (id, "timestamp", author, message, state, approved_timestamp) VALUES ('14e0c936-b424-4e9e-be99-b90c5fa53562', '2021-01-28 15:39:32.641375', 'CKAN_ADMIN_NAME', 'REST API: Update object physical-activity', 'active', NULL);
INSERT INTO public.revision (id, "timestamp", author, message, state, approved_timestamp) VALUES ('20e8df7c-ec3f-4174-8c88-3c6c628c02f7', '2021-01-28 15:40:04.848751', 'CKAN_ADMIN_NAME', 'REST API: Update object tobacco', 'active', NULL);
INSERT INTO public.revision (id, "timestamp", author, message, state, approved_timestamp) VALUES ('9c8f5929-266d-4b87-b98b-a9b3180baed8', '2021-01-28 15:40:19.40716', 'CKAN_ADMIN_NAME', 'REST API: Update object other-steps-data', 'active', NULL);
INSERT INTO public.revision (id, "timestamp", author, message, state, approved_timestamp) VALUES ('2bda90f9-90df-43e0-869e-6cb848dc0d27', '2021-01-28 15:40:53.239938', 'CKAN_ADMIN_NAME', 'REST API: Update object tobacco', 'active', NULL);
INSERT INTO public.revision (id, "timestamp", author, message, state, approved_timestamp) VALUES ('898e8166-631b-42c6-845a-8d73604dbadf', '2021-01-28 15:41:40.478244', 'CKAN_ADMIN_NAME', 'REST API: Update object tobacco', 'active', NULL);
INSERT INTO public.revision (id, "timestamp", author, message, state, approved_timestamp) VALUES ('4f7e996d-8989-49ce-8f3d-8def78e35dc1', '2021-02-02 15:24:15.915616', 'CKAN_ADMIN_NAME', 'REST API: Update object alcohol', 'active', NULL);
INSERT INTO public.revision (id, "timestamp", author, message, state, approved_timestamp) VALUES ('2389bd7c-8100-4a00-8635-afae60035c91', '2021-02-02 15:24:35.239512', 'CKAN_ADMIN_NAME', 'REST API: Update object alcohol', 'active', NULL);
INSERT INTO public.revision (id, "timestamp", author, message, state, approved_timestamp) VALUES ('07cd475b-cf26-4226-a9e3-3fe518bedb08', '2021-02-02 15:24:56.117084', 'CKAN_ADMIN_NAME', 'REST API: Update object alcohol', 'active', NULL);
INSERT INTO public.revision (id, "timestamp", author, message, state, approved_timestamp) VALUES ('637fa248-e10c-4d13-afba-064f5cb5f557', '2021-02-03 02:38:37.405534', 'CKAN_ADMIN_NAME', 'REST API: Update object alcohol', 'active', NULL);
INSERT INTO public.revision (id, "timestamp", author, message, state, approved_timestamp) VALUES ('08d3c882-8ff2-42a3-a1d7-b434a8089113', '2021-02-03 02:39:15.808314', 'CKAN_ADMIN_NAME', 'REST API: Update object alcohol', 'active', NULL);
INSERT INTO public.revision (id, "timestamp", author, message, state, approved_timestamp) VALUES ('7cf5ef78-7d31-4c4d-b689-aac20a089cb7', '2021-02-03 02:41:00.307652', 'CKAN_ADMIN_NAME', 'REST API: Update object cholesterol', 'active', NULL);
INSERT INTO public.revision (id, "timestamp", author, message, state, approved_timestamp) VALUES ('b8c828f4-7965-46c1-8f14-6b75a2b3cb0b', '2021-02-03 02:42:46.872788', 'CKAN_ADMIN_NAME', 'REST API: Update object diabetes', 'active', NULL);
INSERT INTO public.revision (id, "timestamp", author, message, state, approved_timestamp) VALUES ('7102f818-54ea-413e-85ba-b50ad6a07672', '2021-02-03 02:44:34.506239', 'CKAN_ADMIN_NAME', 'REST API: Update object diet', 'active', NULL);
INSERT INTO public.revision (id, "timestamp", author, message, state, approved_timestamp) VALUES ('f499bed2-3db1-4428-9aae-6845b1093f74', '2021-02-03 02:47:21.117782', 'CKAN_ADMIN_NAME', 'REST API: Update object hypertension', 'active', NULL);
INSERT INTO public.revision (id, "timestamp", author, message, state, approved_timestamp) VALUES ('62cc2cc1-deed-4903-8942-ccab8e2b555e', '2021-02-03 02:48:51.565042', 'CKAN_ADMIN_NAME', 'REST API: Update object overweight-and-obesity', 'active', NULL);
INSERT INTO public.revision (id, "timestamp", author, message, state, approved_timestamp) VALUES ('0f170efa-b3bd-4311-9470-e35018016821', '2021-02-03 02:50:28.604135', 'CKAN_ADMIN_NAME', 'REST API: Update object physical-activity', 'active', NULL);
INSERT INTO public.revision (id, "timestamp", author, message, state, approved_timestamp) VALUES ('f718d76a-247a-443d-9172-67ca50e87c84', '2021-02-03 02:52:54.286107', 'CKAN_ADMIN_NAME', 'REST API: Update object tobacco', 'active', NULL);
INSERT INTO public.revision (id, "timestamp", author, message, state, approved_timestamp) VALUES ('6940e955-7cca-4f2e-80ce-69089073c1ef', '2021-02-05 19:05:18.492006', 'CKAN_ADMIN_NAME', 'REST API: Update object alcohol', 'active', NULL);
INSERT INTO public.revision (id, "timestamp", author, message, state, approved_timestamp) VALUES ('5732632f-5f88-4536-a07b-4ddaab498320', '2021-02-05 19:05:33.636492', 'CKAN_ADMIN_NAME', 'REST API: Update object cholesterol', 'active', NULL);
INSERT INTO public.revision (id, "timestamp", author, message, state, approved_timestamp) VALUES ('b01ef716-5506-4e3d-9c09-e67e416edae7', '2021-02-05 19:05:44.713439', 'CKAN_ADMIN_NAME', 'REST API: Update object diet', 'active', NULL);
INSERT INTO public.revision (id, "timestamp", author, message, state, approved_timestamp) VALUES ('305e83d1-b773-4b8b-81b9-073fd815bdd1', '2021-02-05 19:05:57.656655', 'CKAN_ADMIN_NAME', 'REST API: Update object overweight-and-obesity', 'active', NULL);
INSERT INTO public.revision (id, "timestamp", author, message, state, approved_timestamp) VALUES ('6572a68e-7cff-441c-ab5a-568c1883c41b', '2021-02-05 19:06:12.775333', 'CKAN_ADMIN_NAME', 'REST API: Update object physical-activity', 'active', NULL);
INSERT INTO public.revision (id, "timestamp", author, message, state, approved_timestamp) VALUES ('83433d1b-725e-4e78-8d1e-86162f747092', '2021-02-05 19:06:23.754057', 'CKAN_ADMIN_NAME', 'REST API: Update object tobacco', 'active', NULL);
INSERT INTO public.revision (id, "timestamp", author, message, state, approved_timestamp) VALUES ('bc7c82cb-8766-4632-8b8c-2b23d32df560', '2021-02-05 19:06:36.188852', 'CKAN_ADMIN_NAME', 'REST API: Update object other-steps-data', 'active', NULL);
INSERT INTO public.revision (id, "timestamp", author, message, state, approved_timestamp) VALUES ('893cf93d-ddef-4589-9af3-232023a690eb', '2021-02-05 19:06:43.950177', 'CKAN_ADMIN_NAME', 'REST API: Update object other-steps-data', 'active', NULL);
INSERT INTO public.revision (id, "timestamp", author, message, state, approved_timestamp) VALUES ('bd14bdce-9b40-4220-af97-3510298ab98c', '2021-02-19 23:11:45.808592', 'CKAN_ADMIN_NAME', 'REST API: Update object other-steps-data', 'active', NULL);
INSERT INTO public.revision (id, "timestamp", author, message, state, approved_timestamp) VALUES ('59a20744-f0a0-42da-a89f-31496d7b89cb', '2021-03-02 14:25:12.584861', 'CKAN_ADMIN_NAME', 'REST API: Update object cholesterol', 'active', NULL);
INSERT INTO public.revision (id, "timestamp", author, message, state, approved_timestamp) VALUES ('deaa3d77-224d-47fb-be05-1a8849c0beca', '2021-03-02 20:21:36.275297', 'CKAN_ADMIN_NAME', 'REST API: Update object cholesterol', 'active', NULL);
INSERT INTO public.revision (id, "timestamp", author, message, state, approved_timestamp) VALUES ('78a4935c-bf99-42a2-a797-319b2a88feee', '2021-03-10 13:51:43.972407', 'CKAN_ADMIN_NAME', 'REST API: Update object cholesterol', 'active', NULL);
INSERT INTO public.revision (id, "timestamp", author, message, state, approved_timestamp) VALUES ('36e6dd9b-c7e4-439a-9332-594b8bdb8532', '2021-03-18 14:03:07.608731', 'CKAN_ADMIN_NAME', 'REST API: Update object diabetes', 'active', NULL);
INSERT INTO public.revision (id, "timestamp", author, message, state, approved_timestamp) VALUES ('c5f6c3a0-2937-4c3b-a916-ae9dbaa20840', '2021-03-18 14:03:24.184314', 'CKAN_ADMIN_NAME', 'REST API: Update object hypertension', 'active', NULL);
INSERT INTO public.revision (id, "timestamp", author, message, state, approved_timestamp) VALUES ('7b1a418e-d103-440a-991b-991c9a80e8be', '2021-03-18 14:03:47.074674', 'CKAN_ADMIN_NAME', 'REST API: Update object alcohol', 'active', NULL);
INSERT INTO public.revision (id, "timestamp", author, message, state, approved_timestamp) VALUES ('93ff3a47-1f5e-4d6b-8cd5-9a566c8d7ce6', '2021-03-18 14:04:06.606354', 'CKAN_ADMIN_NAME', 'REST API: Update object tobacco', 'active', NULL);
INSERT INTO public.revision (id, "timestamp", author, message, state, approved_timestamp) VALUES ('605d3f2f-66e9-45d1-92a9-edfc33e5c8c9', '2021-03-18 14:07:30.167465', 'CKAN_ADMIN_NAME', 'REST API: Update object tobacco', 'active', NULL);
INSERT INTO public.revision (id, "timestamp", author, message, state, approved_timestamp) VALUES ('2ee8960b-063a-434b-8311-f828384922d7', '2021-03-18 14:09:51.545651', 'CKAN_ADMIN_NAME', 'REST API: Update object alcohol', 'active', NULL);
INSERT INTO public.revision (id, "timestamp", author, message, state, approved_timestamp) VALUES ('eee5d077-1f05-40c6-bc25-9d01a6283cea', '2021-03-18 14:17:56.832735', 'CKAN_ADMIN_NAME', 'REST API: Update object alcohol', 'active', NULL);
INSERT INTO public.revision (id, "timestamp", author, message, state, approved_timestamp) VALUES ('d1988162-8e16-4ca8-b780-547e5336efaa', '2021-03-18 14:19:09.076687', 'CKAN_ADMIN_NAME', 'REST API: Update object alcohol', 'active', NULL);
INSERT INTO public.revision (id, "timestamp", author, message, state, approved_timestamp) VALUES ('ecf4c050-de50-4bcb-8498-e49c8b482165', '2021-03-18 15:28:13.581025', 'CKAN_ADMIN_NAME', 'REST API: Update object alcohol', 'active', NULL);
INSERT INTO public.revision (id, "timestamp", author, message, state, approved_timestamp) VALUES ('647176fe-2d10-410b-95df-5491fc2c3c53', '2021-03-18 15:30:06.749875', 'CKAN_ADMIN_NAME', 'REST API: Update object alcohol', 'active', NULL);
INSERT INTO public.revision (id, "timestamp", author, message, state, approved_timestamp) VALUES ('552c1f01-53cc-42ac-b866-1181fc1bc123', '2021-04-13 14:43:26.665659', 'CKAN_ADMIN_NAME', 'REST API: Update object alcohol', 'active', NULL);


--
-- Data for Name: group; Type: TABLE DATA; Schema: public; Owner: ckan
--

INSERT INTO public."group" (id, name, title, description, created, state, revision_id, type, approval_status, image_url, is_organization) VALUES ('ca2decc8-d8b6-4eee-9478-c4c1479daff1', 'hypertension', 'Hypertension', 'Information on the percentage of survey participants who had their blood pressure measured in the past, were diagnosed with hypertension and are on treatment. The use of traditional healers and medication for hypertension is also presented.', '2020-11-18 18:35:28.687107', 'active', 'a59486eb-6ee6-4f75-a920-3b2dc542db5b', 'group', 'approved', '', false);
INSERT INTO public."group" (id, name, title, description, created, state, revision_id, type, approval_status, image_url, is_organization) VALUES ('e279a8e8-f0ec-4b0e-989b-4bb72fa69e03', 'steps-survey', 'STEPS Survey', 'WHO STEPwise approach to noncommunicable disease (NCD) risk factor surveillance.', '2020-11-18 15:40:12.377591', 'active', 'a2ba7ae8-d636-46b7-8e2b-f6c831bc00de', 'organization', 'approved', '', true);
INSERT INTO public."group" (id, name, title, description, created, state, revision_id, type, approval_status, image_url, is_organization) VALUES ('e5dd68df-db4f-4d39-89cd-62c7e3388d5b', 'overweight-and-obesity', 'Overweight and obesity', 'Information on the height, weight and waist circumference of survey participants as well as the distribution of participants according to their body mass index (BMI).   ', '2020-11-18 18:40:46.584479', 'active', 'c6b61611-4c05-4f1c-b9d7-6ea672672fc2', 'group', 'approved', '', false);
INSERT INTO public."group" (id, name, title, description, created, state, revision_id, type, approval_status, image_url, is_organization) VALUES ('be5924e5-93c7-4cc8-9b87-1e81337201b8', 'physical-activity', 'Physical activity', 'Information on the level of physical activity of survey participants and the amount of time they are engaged in different physical activities.   ', '2020-11-18 18:40:22.371247', 'active', '8bc14866-057c-4452-b272-bb7605a00f2a', 'group', 'approved', '', false);
INSERT INTO public."group" (id, name, title, description, created, state, revision_id, type, approval_status, image_url, is_organization) VALUES ('fe45de92-23ef-485e-9a03-c669f774ac68', 'alcohol', 'Alcohol Consumption', 'Information on current and previous alcohol consumption, frequency and quantity of drinking, and heavy episodic use.', '2020-11-18 18:32:59.738911', 'active', '58503950-f255-436a-ab2e-260d92e813c8', 'group', 'approved', '', false);
INSERT INTO public."group" (id, name, title, description, created, state, revision_id, type, approval_status, image_url, is_organization) VALUES ('5fa29828-ee4d-4f61-9bbe-ede5b538cd1d', 'cholesterol', 'Cholesterol', 'Information on the percentage of survey participants who had their cholesterol measured in the past, were diagnosed with raised cholesterol, and are on treatment. The use of traditional healers and medication for raised cholesterol is also presented. ', '2020-11-18 18:39:42.918757', 'active', 'bab9d967-b867-4e9a-811b-5fbd46a44160', 'group', 'approved', '', false);
INSERT INTO public."group" (id, name, title, description, created, state, revision_id, type, approval_status, image_url, is_organization) VALUES ('df585a77-e359-44ab-86b5-a5e867b11bd7', 'diabetes', 'Diabetes', 'Information on the percentage of survey participants who had their blood glucose measured in the past, were diagnosed with diabetes, are on treatment and whether they use insulin. The use of traditional healers and medication for diabetes is also presented. ', '2020-11-18 18:37:28.130897', 'active', 'f4b353f5-dd64-4483-b802-b5a104dcb73c', 'group', 'approved', '', false);
INSERT INTO public."group" (id, name, title, description, created, state, revision_id, type, approval_status, image_url, is_organization) VALUES ('55c407c0-a0f7-40f9-a765-2905986bb3ae', 'diet', 'Diet', 'Information on fruit and vegetable consumption and servings, use of oil or fat when preparing food, and salt usage. The opinion of survey participants on the importance of reducing salt in their diet as well as the specific actions they have taken to do so are also presented. ', '2020-11-18 18:40:03.466558', 'active', 'aa6c2903-6b0f-4712-9252-9f04747ca3f8', 'group', 'approved', '', false);
INSERT INTO public."group" (id, name, title, description, created, state, revision_id, type, approval_status, image_url, is_organization) VALUES ('c648b1d5-d198-47a3-93c4-0ec6a0ef96fc', 'tobacco-use', 'Tobacco use', 'Information on current and previous tobacco use, types of tobacco products used and the amount of daily use. This is presented for both tobacco that is smoked as well as smokeless tobacco. ', '2020-11-18 18:33:33.467758', 'active', 'c8554d6d-8e10-4664-bc9b-0f7eb4f02f80', 'group', 'approved', '', false);
INSERT INTO public."group" (id, name, title, description, created, state, revision_id, type, approval_status, image_url, is_organization) VALUES ('709ab180-c215-437b-87fc-b7959d3d4307', 'other', 'Other Data', 'Information on survey participants history of cardiovascular disease, the type of lifestyle advice they received from health workers, and whether female participants had been screened for cervical cancer. The total number of risk factors are also presented. ', '2020-11-18 18:41:05.981403', 'active', 'b4625cc0-7265-4791-99b7-7e97be40b6ea', 'group', 'approved', '', false);


--
-- Data for Name: group_extra; Type: TABLE DATA; Schema: public; Owner: ckan
--

INSERT INTO public.group_extra (id, group_id, key, value, state, revision_id) VALUES ('58468c05-8dab-4945-b9fd-d96ddc37e899', 'fe45de92-23ef-485e-9a03-c669f774ac68', 'additional_description', '', 'active', 'c2858ca9-a583-48df-9001-46f1e85fab99');
INSERT INTO public.group_extra (id, group_id, key, value, state, revision_id) VALUES ('b5aab752-a1df-401f-9502-8ed4d07f424d', 'c648b1d5-d198-47a3-93c4-0ec6a0ef96fc', 'additional_description', '', 'active', '16ff8d9e-087f-444f-8c11-1907c98c1b97');
INSERT INTO public.group_extra (id, group_id, key, value, state, revision_id) VALUES ('988c5397-c582-4413-9c70-4dc2b64457a5', 'ca2decc8-d8b6-4eee-9478-c4c1479daff1', 'additional_description', '', 'active', '2762beb8-a6ef-46b6-ade7-f5b402e1eb7d');
INSERT INTO public.group_extra (id, group_id, key, value, state, revision_id) VALUES ('024862f8-a378-4c6b-8d14-f3d08500f460', 'df585a77-e359-44ab-86b5-a5e867b11bd7', 'additional_description', '', 'active', '13d6c904-39df-42ea-a935-f9a4c59fbaea');
INSERT INTO public.group_extra (id, group_id, key, value, state, revision_id) VALUES ('87f72db0-0848-4a5d-94a3-9f99fbeba164', '5fa29828-ee4d-4f61-9bbe-ede5b538cd1d', 'additional_description', 'Additional information on cholesterol readings that were taken during the survey and whether these were found to be abnormal.    ', 'active', '43ca6f23-c516-497e-97f4-365c7d2e7ca4');
INSERT INTO public.group_extra (id, group_id, key, value, state, revision_id) VALUES ('6afd3c89-17c6-4d77-a06d-9bbf895fc967', '55c407c0-a0f7-40f9-a765-2905986bb3ae', 'additional_description', '', 'active', '6fe1b621-4bf1-4709-8862-d42996187364');
INSERT INTO public.group_extra (id, group_id, key, value, state, revision_id) VALUES ('47b93e6d-43c8-4a17-9021-05a36ab3639f', 'be5924e5-93c7-4cc8-9b87-1e81337201b8', 'additional_description', '', 'active', 'd426f490-3b85-4b3b-9287-2724ae9cd3fd');
INSERT INTO public.group_extra (id, group_id, key, value, state, revision_id) VALUES ('8fbaa050-f721-4243-9261-27d459d2b0d2', 'e5dd68df-db4f-4d39-89cd-62c7e3388d5b', 'additional_description', '', 'active', '593e0a5c-4539-48ba-9ada-9d10b4f2009a');
INSERT INTO public.group_extra (id, group_id, key, value, state, revision_id) VALUES ('b2839375-21c2-4876-9a7f-4b381e8bffda', '709ab180-c215-437b-87fc-b7959d3d4307', 'additional_description', '', 'active', 'be198f63-244f-4d3b-9c52-96078002ded1');



--
-- Data for Name: group_extra_revision; Type: TABLE DATA; Schema: public; Owner: ckan
--

INSERT INTO public.group_extra_revision (id, group_id, key, value, state, revision_id, continuity_id, expired_id, revision_timestamp, expired_timestamp, current) VALUES ('58468c05-8dab-4945-b9fd-d96ddc37e899', 'fe45de92-23ef-485e-9a03-c669f774ac68', 'additional_description', '', 'active', 'c2858ca9-a583-48df-9001-46f1e85fab99', '58468c05-8dab-4945-b9fd-d96ddc37e899', NULL, '2020-11-18 18:32:59.727714', '9999-12-31 00:00:00', NULL);
INSERT INTO public.group_extra_revision (id, group_id, key, value, state, revision_id, continuity_id, expired_id, revision_timestamp, expired_timestamp, current) VALUES ('b5aab752-a1df-401f-9502-8ed4d07f424d', 'c648b1d5-d198-47a3-93c4-0ec6a0ef96fc', 'additional_description', '', 'active', '16ff8d9e-087f-444f-8c11-1907c98c1b97', 'b5aab752-a1df-401f-9502-8ed4d07f424d', NULL, '2020-11-18 18:33:33.455649', '9999-12-31 00:00:00', NULL);
INSERT INTO public.group_extra_revision (id, group_id, key, value, state, revision_id, continuity_id, expired_id, revision_timestamp, expired_timestamp, current) VALUES ('988c5397-c582-4413-9c70-4dc2b64457a5', 'ca2decc8-d8b6-4eee-9478-c4c1479daff1', 'additional_description', '', 'active', '2762beb8-a6ef-46b6-ade7-f5b402e1eb7d', '988c5397-c582-4413-9c70-4dc2b64457a5', NULL, '2020-11-18 18:35:28.67111', '9999-12-31 00:00:00', NULL);
INSERT INTO public.group_extra_revision (id, group_id, key, value, state, revision_id, continuity_id, expired_id, revision_timestamp, expired_timestamp, current) VALUES ('024862f8-a378-4c6b-8d14-f3d08500f460', 'df585a77-e359-44ab-86b5-a5e867b11bd7', 'additional_description', '', 'active', '13d6c904-39df-42ea-a935-f9a4c59fbaea', '024862f8-a378-4c6b-8d14-f3d08500f460', NULL, '2020-11-18 18:37:28.120861', '9999-12-31 00:00:00', NULL);
INSERT INTO public.group_extra_revision (id, group_id, key, value, state, revision_id, continuity_id, expired_id, revision_timestamp, expired_timestamp, current) VALUES ('87f72db0-0848-4a5d-94a3-9f99fbeba164', '5fa29828-ee4d-4f61-9bbe-ede5b538cd1d', 'additional_description', 'Additional information on cholesterol readings that were taken during the survey and whether these were found to be abnormal.    ', 'active', '43ca6f23-c516-497e-97f4-365c7d2e7ca4', '87f72db0-0848-4a5d-94a3-9f99fbeba164', NULL, '2020-11-18 18:39:42.910239', '9999-12-31 00:00:00', NULL);
INSERT INTO public.group_extra_revision (id, group_id, key, value, state, revision_id, continuity_id, expired_id, revision_timestamp, expired_timestamp, current) VALUES ('6afd3c89-17c6-4d77-a06d-9bbf895fc967', '55c407c0-a0f7-40f9-a765-2905986bb3ae', 'additional_description', '', 'active', '6fe1b621-4bf1-4709-8862-d42996187364', '6afd3c89-17c6-4d77-a06d-9bbf895fc967', NULL, '2020-11-18 18:40:03.457475', '9999-12-31 00:00:00', NULL);
INSERT INTO public.group_extra_revision (id, group_id, key, value, state, revision_id, continuity_id, expired_id, revision_timestamp, expired_timestamp, current) VALUES ('47b93e6d-43c8-4a17-9021-05a36ab3639f', 'be5924e5-93c7-4cc8-9b87-1e81337201b8', 'additional_description', '', 'active', 'd426f490-3b85-4b3b-9287-2724ae9cd3fd', '47b93e6d-43c8-4a17-9021-05a36ab3639f', NULL, '2020-11-18 18:40:22.358506', '9999-12-31 00:00:00', NULL);
INSERT INTO public.group_extra_revision (id, group_id, key, value, state, revision_id, continuity_id, expired_id, revision_timestamp, expired_timestamp, current) VALUES ('8fbaa050-f721-4243-9261-27d459d2b0d2', 'e5dd68df-db4f-4d39-89cd-62c7e3388d5b', 'additional_description', '', 'active', '593e0a5c-4539-48ba-9ada-9d10b4f2009a', '8fbaa050-f721-4243-9261-27d459d2b0d2', NULL, '2020-11-18 18:40:46.574518', '9999-12-31 00:00:00', NULL);
INSERT INTO public.group_extra_revision (id, group_id, key, value, state, revision_id, continuity_id, expired_id, revision_timestamp, expired_timestamp, current) VALUES ('b2839375-21c2-4876-9a7f-4b381e8bffda', '709ab180-c215-437b-87fc-b7959d3d4307', 'additional_description', '', 'active', 'be198f63-244f-4d3b-9c52-96078002ded1', 'b2839375-21c2-4876-9a7f-4b381e8bffda', NULL, '2020-11-18 18:41:05.972914', '9999-12-31 00:00:00', NULL);


--
-- Data for Name: group_revision; Type: TABLE DATA; Schema: public; Owner: ckan
--

INSERT INTO public.group_revision (id, name, title, description, created, state, revision_id, continuity_id, expired_id, revision_timestamp, expired_timestamp, current, type, approval_status, image_url, is_organization) VALUES ('ca2decc8-d8b6-4eee-9478-c4c1479daff1', 'hypertension', 'Hypertension', 'Information on the percentage of survey participants who had their blood pressure measured in the past, were diagnosed with hypertension and are on treatment. The use of traditional healers and medication for hypertension is also presented.', '2020-11-18 18:35:28.687107', 'active', '2762beb8-a6ef-46b6-ade7-f5b402e1eb7d', 'ca2decc8-d8b6-4eee-9478-c4c1479daff1', NULL, '2020-11-18 18:35:28.67111', '2020-11-18 18:35:37.771116', NULL, 'group', 'approved', '', false);
INSERT INTO public.group_revision (id, name, title, description, created, state, revision_id, continuity_id, expired_id, revision_timestamp, expired_timestamp, current, type, approval_status, image_url, is_organization) VALUES ('ca2decc8-d8b6-4eee-9478-c4c1479daff1', 'hypertension', 'Hypertension', 'Information on the percentage of survey participants who had their blood pressure measured in the past, were diagnosed with hypertension and are on treatment. The use of traditional healers and medication for hypertension is also presented.', '2020-11-18 18:35:28.687107', 'active', 'a7ad4f6f-2c4d-4b53-9bf6-cb1afa1aa4f8', 'ca2decc8-d8b6-4eee-9478-c4c1479daff1', NULL, '2020-11-18 18:35:37.771116', '2020-11-18 18:37:00.979325', NULL, 'group', 'approved', '', false);
INSERT INTO public.group_revision (id, name, title, description, created, state, revision_id, continuity_id, expired_id, revision_timestamp, expired_timestamp, current, type, approval_status, image_url, is_organization) VALUES ('e279a8e8-f0ec-4b0e-989b-4bb72fa69e03', 'steps-survey', 'STEPS Survey', 'WHO STEPwise approach to noncommunicable disease (NCD) risk factor surveillance.', '2020-11-18 15:40:12.377591', 'active', 'a2ba7ae8-d636-46b7-8e2b-f6c831bc00de', 'e279a8e8-f0ec-4b0e-989b-4bb72fa69e03', NULL, '2020-11-18 18:43:05.400737', '9999-12-31 00:00:00', NULL, 'organization', 'approved', '', true);
INSERT INTO public.group_revision (id, name, title, description, created, state, revision_id, continuity_id, expired_id, revision_timestamp, expired_timestamp, current, type, approval_status, image_url, is_organization) VALUES ('e279a8e8-f0ec-4b0e-989b-4bb72fa69e03', 'steps-survey', 'STEPS Survey', '', '2020-11-18 15:40:12.377591', 'active', '47a06fc1-d618-4610-9fb5-b719d1ad3cf6', 'e279a8e8-f0ec-4b0e-989b-4bb72fa69e03', NULL, '2020-11-18 15:40:12.366584', '2020-11-18 18:43:05.400737', NULL, 'organization', 'approved', '', true);
INSERT INTO public.group_revision (id, name, title, description, created, state, revision_id, continuity_id, expired_id, revision_timestamp, expired_timestamp, current, type, approval_status, image_url, is_organization) VALUES ('fe45de92-23ef-485e-9a03-c669f774ac68', 'alcohol', 'Alcohol Consumption', 'Information on current and previous alcohol consumption, frequency and quantity of drinking, and heavy episodic use.', '2020-11-18 18:32:59.738911', 'active', 'c2858ca9-a583-48df-9001-46f1e85fab99', 'fe45de92-23ef-485e-9a03-c669f774ac68', NULL, '2020-11-18 18:32:59.727714', '2020-12-01 15:20:31.411939', NULL, 'group', 'approved', '', false);
INSERT INTO public.group_revision (id, name, title, description, created, state, revision_id, continuity_id, expired_id, revision_timestamp, expired_timestamp, current, type, approval_status, image_url, is_organization) VALUES ('fe45de92-23ef-485e-9a03-c669f774ac68', 'alcohol', 'Alcohol Consumption', '###Information on current and previous alcohol consumption, frequency and quantity of drinking, and heavy episodic use.', '2020-11-18 18:32:59.738911', 'active', 'bb2befe0-f23e-4138-a023-199783658eb0', 'fe45de92-23ef-485e-9a03-c669f774ac68', NULL, '2020-12-01 15:20:31.411939', '2020-12-01 15:21:00.65258', NULL, 'group', 'approved', '', false);
INSERT INTO public.group_revision (id, name, title, description, created, state, revision_id, continuity_id, expired_id, revision_timestamp, expired_timestamp, current, type, approval_status, image_url, is_organization) VALUES ('fe45de92-23ef-485e-9a03-c669f774ac68', 'alcohol', 'Alcohol Consumption', 'Information on current and previous alcohol consumption, frequency and quantity of drinking, and heavy episodic use.', '2020-11-18 18:32:59.738911', 'active', 'b36b1940-3723-4e5e-931b-5e183c7ab603', 'fe45de92-23ef-485e-9a03-c669f774ac68', NULL, '2020-12-01 15:21:00.65258', '2020-12-08 19:28:19.278426', NULL, 'group', 'approved', '', false);
INSERT INTO public.group_revision (id, name, title, description, created, state, revision_id, continuity_id, expired_id, revision_timestamp, expired_timestamp, current, type, approval_status, image_url, is_organization) VALUES ('fe45de92-23ef-485e-9a03-c669f774ac68', 'alcohol', 'Alcohol Consumption', 'Information on current and previous alcohol consumption, frequency and quantity of drinking, and heavy episodic use.', '2020-11-18 18:32:59.738911', 'active', '58503950-f255-436a-ab2e-260d92e813c8', 'fe45de92-23ef-485e-9a03-c669f774ac68', NULL, '2020-12-08 19:36:10.599202', '9999-12-31 00:00:00', NULL, 'group', 'approved', '', false);
INSERT INTO public.group_revision (id, name, title, description, created, state, revision_id, continuity_id, expired_id, revision_timestamp, expired_timestamp, current, type, approval_status, image_url, is_organization) VALUES ('5fa29828-ee4d-4f61-9bbe-ede5b538cd1d', 'cholesterol', 'Cholesterol', 'Information on the percentage of survey participants who had their cholesterol measured in the past, were diagnosed with raised cholesterol, and are on treatment. The use of traditional healers and medication for raised cholesterol is also presented. ', '2020-11-18 18:39:42.918757', 'active', '43ca6f23-c516-497e-97f4-365c7d2e7ca4', '5fa29828-ee4d-4f61-9bbe-ede5b538cd1d', NULL, '2020-11-18 18:39:42.910239', '2020-12-08 19:36:44.366613', NULL, 'group', 'approved', '', false);
INSERT INTO public.group_revision (id, name, title, description, created, state, revision_id, continuity_id, expired_id, revision_timestamp, expired_timestamp, current, type, approval_status, image_url, is_organization) VALUES ('df585a77-e359-44ab-86b5-a5e867b11bd7', 'diabetes', 'Diabetes', 'Information on the percentage of survey participants who had their blood glucose measured in the past, were diagnosed with diabetes, are on treatment and whether they use insulin. The use of traditional healers and medication for diabetes is also presented. ', '2020-11-18 18:37:28.130897', 'active', '13d6c904-39df-42ea-a935-f9a4c59fbaea', 'df585a77-e359-44ab-86b5-a5e867b11bd7', NULL, '2020-11-18 18:37:28.120861', '2020-12-08 19:36:58.768823', NULL, 'group', 'approved', '', false);
INSERT INTO public.group_revision (id, name, title, description, created, state, revision_id, continuity_id, expired_id, revision_timestamp, expired_timestamp, current, type, approval_status, image_url, is_organization) VALUES ('55c407c0-a0f7-40f9-a765-2905986bb3ae', 'diet', 'Diet', 'Information on fruit and vegetable consumption and servings, use of oil or fat when preparing food, and salt usage. The opinion of survey participants on the importance of reducing salt in their diet as well as the specific actions they have taken to do so are also presented. ', '2020-11-18 18:40:03.466558', 'active', '6fe1b621-4bf1-4709-8862-d42996187364', '55c407c0-a0f7-40f9-a765-2905986bb3ae', NULL, '2020-11-18 18:40:03.457475', '2020-12-08 19:37:11.972955', NULL, 'group', 'approved', '', false);
INSERT INTO public.group_revision (id, name, title, description, created, state, revision_id, continuity_id, expired_id, revision_timestamp, expired_timestamp, current, type, approval_status, image_url, is_organization) VALUES ('ca2decc8-d8b6-4eee-9478-c4c1479daff1', 'hypertension', 'Hypertension', 'Information on the percentage of survey participants who had their blood pressure measured in the past, were diagnosed with hypertension and are on treatment. The use of traditional healers and medication for hypertension is also presented.', '2020-11-18 18:35:28.687107', 'active', '5bdb31bb-fb16-469c-a37d-acd798ce755e', 'ca2decc8-d8b6-4eee-9478-c4c1479daff1', NULL, '2020-11-18 18:37:00.979325', '2020-12-08 19:37:26.155871', NULL, 'group', 'approved', '', false);
INSERT INTO public.group_revision (id, name, title, description, created, state, revision_id, continuity_id, expired_id, revision_timestamp, expired_timestamp, current, type, approval_status, image_url, is_organization) VALUES ('709ab180-c215-437b-87fc-b7959d3d4307', 'other', 'Other', 'Information on survey participants history of cardiovascular disease, the type of lifestyle advice they received from health workers, and whether female participants had been screened for cervical cancer. The total number of risk factors are also presented. ', '2020-11-18 18:41:05.981403', 'active', 'be198f63-244f-4d3b-9c52-96078002ded1', '709ab180-c215-437b-87fc-b7959d3d4307', NULL, '2020-11-18 18:41:05.972914', '2020-12-08 19:37:41.8237', NULL, 'group', 'approved', '', false);
INSERT INTO public.group_revision (id, name, title, description, created, state, revision_id, continuity_id, expired_id, revision_timestamp, expired_timestamp, current, type, approval_status, image_url, is_organization) VALUES ('e5dd68df-db4f-4d39-89cd-62c7e3388d5b', 'overweight-and-obesity', 'Overweight and obesity', 'Information on the height, weight and waist circumference of survey participants as well as the distribution of participants according to their body mass index (BMI).   ', '2020-11-18 18:40:46.584479', 'active', '593e0a5c-4539-48ba-9ada-9d10b4f2009a', 'e5dd68df-db4f-4d39-89cd-62c7e3388d5b', NULL, '2020-11-18 18:40:46.574518', '2020-12-08 19:37:56.84916', NULL, 'group', 'approved', '', false);
INSERT INTO public.group_revision (id, name, title, description, created, state, revision_id, continuity_id, expired_id, revision_timestamp, expired_timestamp, current, type, approval_status, image_url, is_organization) VALUES ('be5924e5-93c7-4cc8-9b87-1e81337201b8', 'physical-activity', 'Physical activity', 'Information on the level of physical activity of survey participants and the amount of time they are engaged in different physical activities.   ', '2020-11-18 18:40:22.371247', 'active', 'd426f490-3b85-4b3b-9287-2724ae9cd3fd', 'be5924e5-93c7-4cc8-9b87-1e81337201b8', NULL, '2020-11-18 18:40:22.358506', '2020-12-08 19:38:12.076002', NULL, 'group', 'approved', '', false);
INSERT INTO public.group_revision (id, name, title, description, created, state, revision_id, continuity_id, expired_id, revision_timestamp, expired_timestamp, current, type, approval_status, image_url, is_organization) VALUES ('c648b1d5-d198-47a3-93c4-0ec6a0ef96fc', 'tobacco-use', 'Tobacco use', 'Information on current and previous tobacco use, types of tobacco products used and the amount of daily use. This is presented for both tobacco that is smoked as well as smokeless tobacco. ', '2020-11-18 18:33:33.467758', 'active', '16ff8d9e-087f-444f-8c11-1907c98c1b97', 'c648b1d5-d198-47a3-93c4-0ec6a0ef96fc', NULL, '2020-11-18 18:33:33.455649', '2020-12-08 19:38:27.259914', NULL, 'group', 'approved', '', false);
INSERT INTO public.group_revision (id, name, title, description, created, state, revision_id, continuity_id, expired_id, revision_timestamp, expired_timestamp, current, type, approval_status, image_url, is_organization) VALUES ('fe45de92-23ef-485e-9a03-c669f774ac68', 'alcohol', 'Alcohol Consumption', 'Information on current and previous alcohol consumption, frequency and quantity of drinking, and heavy episodic use.', '2020-11-18 18:32:59.738911', 'active', '3b67bcb6-4ee5-4274-bb81-48420983a928', 'fe45de92-23ef-485e-9a03-c669f774ac68', NULL, '2020-12-08 19:28:19.278426', '2020-12-08 19:36:10.599202', NULL, 'group', 'approved', '', false);
INSERT INTO public.group_revision (id, name, title, description, created, state, revision_id, continuity_id, expired_id, revision_timestamp, expired_timestamp, current, type, approval_status, image_url, is_organization) VALUES ('5fa29828-ee4d-4f61-9bbe-ede5b538cd1d', 'cholesterol', 'Cholesterol', 'Information on the percentage of survey participants who had their cholesterol measured in the past, were diagnosed with raised cholesterol, and are on treatment. The use of traditional healers and medication for raised cholesterol is also presented. ', '2020-11-18 18:39:42.918757', 'active', 'bab9d967-b867-4e9a-811b-5fbd46a44160', '5fa29828-ee4d-4f61-9bbe-ede5b538cd1d', NULL, '2020-12-08 19:36:44.366613', '9999-12-31 00:00:00', NULL, 'group', 'approved', '', false);
INSERT INTO public.group_revision (id, name, title, description, created, state, revision_id, continuity_id, expired_id, revision_timestamp, expired_timestamp, current, type, approval_status, image_url, is_organization) VALUES ('df585a77-e359-44ab-86b5-a5e867b11bd7', 'diabetes', 'Diabetes', 'Information on the percentage of survey participants who had their blood glucose measured in the past, were diagnosed with diabetes, are on treatment and whether they use insulin. The use of traditional healers and medication for diabetes is also presented. ', '2020-11-18 18:37:28.130897', 'active', 'f4b353f5-dd64-4483-b802-b5a104dcb73c', 'df585a77-e359-44ab-86b5-a5e867b11bd7', NULL, '2020-12-08 19:36:58.768823', '9999-12-31 00:00:00', NULL, 'group', 'approved', '', false);
INSERT INTO public.group_revision (id, name, title, description, created, state, revision_id, continuity_id, expired_id, revision_timestamp, expired_timestamp, current, type, approval_status, image_url, is_organization) VALUES ('55c407c0-a0f7-40f9-a765-2905986bb3ae', 'diet', 'Diet', 'Information on fruit and vegetable consumption and servings, use of oil or fat when preparing food, and salt usage. The opinion of survey participants on the importance of reducing salt in their diet as well as the specific actions they have taken to do so are also presented. ', '2020-11-18 18:40:03.466558', 'active', 'aa6c2903-6b0f-4712-9252-9f04747ca3f8', '55c407c0-a0f7-40f9-a765-2905986bb3ae', NULL, '2020-12-08 19:37:11.972955', '9999-12-31 00:00:00', NULL, 'group', 'approved', '', false);
INSERT INTO public.group_revision (id, name, title, description, created, state, revision_id, continuity_id, expired_id, revision_timestamp, expired_timestamp, current, type, approval_status, image_url, is_organization) VALUES ('ca2decc8-d8b6-4eee-9478-c4c1479daff1', 'hypertension', 'Hypertension', 'Information on the percentage of survey participants who had their blood pressure measured in the past, were diagnosed with hypertension and are on treatment. The use of traditional healers and medication for hypertension is also presented.', '2020-11-18 18:35:28.687107', 'active', 'a59486eb-6ee6-4f75-a920-3b2dc542db5b', 'ca2decc8-d8b6-4eee-9478-c4c1479daff1', NULL, '2020-12-08 19:37:26.155871', '9999-12-31 00:00:00', NULL, 'group', 'approved', '', false);
INSERT INTO public.group_revision (id, name, title, description, created, state, revision_id, continuity_id, expired_id, revision_timestamp, expired_timestamp, current, type, approval_status, image_url, is_organization) VALUES ('e5dd68df-db4f-4d39-89cd-62c7e3388d5b', 'overweight-and-obesity', 'Overweight and obesity', 'Information on the height, weight and waist circumference of survey participants as well as the distribution of participants according to their body mass index (BMI).   ', '2020-11-18 18:40:46.584479', 'active', 'c6b61611-4c05-4f1c-b9d7-6ea672672fc2', 'e5dd68df-db4f-4d39-89cd-62c7e3388d5b', NULL, '2020-12-08 19:37:56.84916', '9999-12-31 00:00:00', NULL, 'group', 'approved', '', false);
INSERT INTO public.group_revision (id, name, title, description, created, state, revision_id, continuity_id, expired_id, revision_timestamp, expired_timestamp, current, type, approval_status, image_url, is_organization) VALUES ('be5924e5-93c7-4cc8-9b87-1e81337201b8', 'physical-activity', 'Physical activity', 'Information on the level of physical activity of survey participants and the amount of time they are engaged in different physical activities.   ', '2020-11-18 18:40:22.371247', 'active', '8bc14866-057c-4452-b272-bb7605a00f2a', 'be5924e5-93c7-4cc8-9b87-1e81337201b8', NULL, '2020-12-08 19:38:12.076002', '9999-12-31 00:00:00', NULL, 'group', 'approved', '', false);
INSERT INTO public.group_revision (id, name, title, description, created, state, revision_id, continuity_id, expired_id, revision_timestamp, expired_timestamp, current, type, approval_status, image_url, is_organization) VALUES ('c648b1d5-d198-47a3-93c4-0ec6a0ef96fc', 'tobacco-use', 'Tobacco use', 'Information on current and previous tobacco use, types of tobacco products used and the amount of daily use. This is presented for both tobacco that is smoked as well as smokeless tobacco. ', '2020-11-18 18:33:33.467758', 'active', 'c8554d6d-8e10-4664-bc9b-0f7eb4f02f80', 'c648b1d5-d198-47a3-93c4-0ec6a0ef96fc', NULL, '2020-12-08 19:38:27.259914', '9999-12-31 00:00:00', NULL, 'group', 'approved', '', false);
INSERT INTO public.group_revision (id, name, title, description, created, state, revision_id, continuity_id, expired_id, revision_timestamp, expired_timestamp, current, type, approval_status, image_url, is_organization) VALUES ('709ab180-c215-437b-87fc-b7959d3d4307', 'other', 'Other', 'Information on survey participants history of cardiovascular disease, the type of lifestyle advice they received from health workers, and whether female participants had been screened for cervical cancer. The total number of risk factors are also presented. ', '2020-11-18 18:41:05.981403', 'active', '449d660d-3328-4f36-8795-026289a0e02b', '709ab180-c215-437b-87fc-b7959d3d4307', NULL, '2020-12-08 19:37:41.8237', '2020-12-09 17:07:34.287678', NULL, 'group', 'approved', '', false);
INSERT INTO public.group_revision (id, name, title, description, created, state, revision_id, continuity_id, expired_id, revision_timestamp, expired_timestamp, current, type, approval_status, image_url, is_organization) VALUES ('709ab180-c215-437b-87fc-b7959d3d4307', 'other', 'Other Data', 'Information on survey participants history of cardiovascular disease, the type of lifestyle advice they received from health workers, and whether female participants had been screened for cervical cancer. The total number of risk factors are also presented. ', '2020-11-18 18:41:05.981403', 'active', '8616f090-e3a0-4acc-bd10-f13b4966b332', '709ab180-c215-437b-87fc-b7959d3d4307', NULL, '2020-12-09 17:07:34.287678', '2020-12-09 17:08:59.095356', NULL, 'group', 'approved', '', false);
INSERT INTO public.group_revision (id, name, title, description, created, state, revision_id, continuity_id, expired_id, revision_timestamp, expired_timestamp, current, type, approval_status, image_url, is_organization) VALUES ('709ab180-c215-437b-87fc-b7959d3d4307', 'other', '_Other Data', 'Information on survey participants history of cardiovascular disease, the type of lifestyle advice they received from health workers, and whether female participants had been screened for cervical cancer. The total number of risk factors are also presented. ', '2020-11-18 18:41:05.981403', 'active', 'b3af5b43-83ab-433a-8e61-846cd94c2b2a', '709ab180-c215-437b-87fc-b7959d3d4307', NULL, '2020-12-09 17:08:59.095356', '2020-12-09 17:10:42.400341', NULL, 'group', 'approved', '', false);
INSERT INTO public.group_revision (id, name, title, description, created, state, revision_id, continuity_id, expired_id, revision_timestamp, expired_timestamp, current, type, approval_status, image_url, is_organization) VALUES ('709ab180-c215-437b-87fc-b7959d3d4307', 'other', '`Other Data', 'Information on survey participants history of cardiovascular disease, the type of lifestyle advice they received from health workers, and whether female participants had been screened for cervical cancer. The total number of risk factors are also presented. ', '2020-11-18 18:41:05.981403', 'active', '022e6ba1-53a3-46f0-9442-2aaca93dcd94', '709ab180-c215-437b-87fc-b7959d3d4307', NULL, '2020-12-09 17:10:42.400341', '2020-12-09 17:11:02.354481', NULL, 'group', 'approved', '', false);
INSERT INTO public.group_revision (id, name, title, description, created, state, revision_id, continuity_id, expired_id, revision_timestamp, expired_timestamp, current, type, approval_status, image_url, is_organization) VALUES ('709ab180-c215-437b-87fc-b7959d3d4307', 'other', '''Other Data', 'Information on survey participants history of cardiovascular disease, the type of lifestyle advice they received from health workers, and whether female participants had been screened for cervical cancer. The total number of risk factors are also presented. ', '2020-11-18 18:41:05.981403', 'active', 'f9efc085-7920-483a-a04c-87f0cb27efcc', '709ab180-c215-437b-87fc-b7959d3d4307', NULL, '2020-12-09 17:11:02.354481', '2020-12-09 17:44:17.446418', NULL, 'group', 'approved', '', false);
INSERT INTO public.group_revision (id, name, title, description, created, state, revision_id, continuity_id, expired_id, revision_timestamp, expired_timestamp, current, type, approval_status, image_url, is_organization) VALUES ('709ab180-c215-437b-87fc-b7959d3d4307', 'other', 'Other Data', 'Information on survey participants history of cardiovascular disease, the type of lifestyle advice they received from health workers, and whether female participants had been screened for cervical cancer. The total number of risk factors are also presented. ', '2020-11-18 18:41:05.981403', 'active', 'b4625cc0-7265-4791-99b7-7e97be40b6ea', '709ab180-c215-437b-87fc-b7959d3d4307', NULL, '2020-12-09 17:44:17.446418', '9999-12-31 00:00:00', NULL, 'group', 'approved', '', false);


--
-- Data for Name: member; Type: TABLE DATA; Schema: public; Owner: ckan_vitals
--

INSERT INTO public.member (id, table_id, group_id, state, revision_id, table_name, capacity) VALUES ('c535dcdc-dc3f-4e66-8f76-a1d977862435', 'CKAN_ADMIN_ID', 'e279a8e8-f0ec-4b0e-989b-4bb72fa69e03', 'active', '47a06fc1-d618-4610-9fb5-b719d1ad3cf6', 'user', 'admin');
INSERT INTO public.member (id, table_id, group_id, state, revision_id, table_name, capacity) VALUES ('19310f3b-9a78-454d-adbd-3c5b6781d016', 'CKAN_ADMIN_ID', 'fe45de92-23ef-485e-9a03-c669f774ac68', 'active', 'c2858ca9-a583-48df-9001-46f1e85fab99', 'user', 'admin');
INSERT INTO public.member (id, table_id, group_id, state, revision_id, table_name, capacity) VALUES ('35ca9f51-ce73-4ab0-890a-6a3a5955e0a0', 'CKAN_ADMIN_ID', 'c648b1d5-d198-47a3-93c4-0ec6a0ef96fc', 'active', '16ff8d9e-087f-444f-8c11-1907c98c1b97', 'user', 'admin');
INSERT INTO public.member (id, table_id, group_id, state, revision_id, table_name, capacity) VALUES ('551b1e24-750c-466d-90af-85f800f19a2b', 'CKAN_ADMIN_ID', 'ca2decc8-d8b6-4eee-9478-c4c1479daff1', 'active', '2762beb8-a6ef-46b6-ade7-f5b402e1eb7d', 'user', 'admin');
INSERT INTO public.member (id, table_id, group_id, state, revision_id, table_name, capacity) VALUES ('52066ccc-9c50-406c-a01c-9e502a3b519e', 'CKAN_ADMIN_ID', 'df585a77-e359-44ab-86b5-a5e867b11bd7', 'active', '13d6c904-39df-42ea-a935-f9a4c59fbaea', 'user', 'admin');
INSERT INTO public.member (id, table_id, group_id, state, revision_id, table_name, capacity) VALUES ('ae04d021-87ef-4bde-bc55-aef1dba8198e', 'CKAN_ADMIN_ID', '5fa29828-ee4d-4f61-9bbe-ede5b538cd1d', 'active', '43ca6f23-c516-497e-97f4-365c7d2e7ca4', 'user', 'admin');
INSERT INTO public.member (id, table_id, group_id, state, revision_id, table_name, capacity) VALUES ('50524b76-92b0-48ca-b31f-043d72005c90', 'CKAN_ADMIN_ID', '55c407c0-a0f7-40f9-a765-2905986bb3ae', 'active', '6fe1b621-4bf1-4709-8862-d42996187364', 'user', 'admin');
INSERT INTO public.member (id, table_id, group_id, state, revision_id, table_name, capacity) VALUES ('0796aee6-17b0-4f45-83ee-d1f11390a7ef', 'CKAN_ADMIN_ID', 'be5924e5-93c7-4cc8-9b87-1e81337201b8', 'active', 'd426f490-3b85-4b3b-9287-2724ae9cd3fd', 'user', 'admin');
INSERT INTO public.member (id, table_id, group_id, state, revision_id, table_name, capacity) VALUES ('8ba1055e-427b-4ed8-9f65-5bd4db2c0799', 'CKAN_ADMIN_ID', 'e5dd68df-db4f-4d39-89cd-62c7e3388d5b', 'active', '593e0a5c-4539-48ba-9ada-9d10b4f2009a', 'user', 'admin');
INSERT INTO public.member (id, table_id, group_id, state, revision_id, table_name, capacity) VALUES ('dde07745-2ea5-4b8c-94f9-db68fd1fb3e4', 'CKAN_ADMIN_ID', '709ab180-c215-437b-87fc-b7959d3d4307', 'active', 'be198f63-244f-4d3b-9c52-96078002ded1', 'user', 'admin');
INSERT INTO public.member (id, table_id, group_id, state, revision_id, table_name, capacity) VALUES ('beee7a11-1e37-4557-9148-3118d10d9886', '7e8c592f-22df-4b5d-8166-0c7188af052c', 'e279a8e8-f0ec-4b0e-989b-4bb72fa69e03', 'active', '285f7c2f-6e01-4ea7-89de-d1f308d313b8', 'package', 'organization');
INSERT INTO public.member (id, table_id, group_id, state, revision_id, table_name, capacity) VALUES ('5d6b17f4-6c85-4010-bf56-82c471c98401', '5903a1ce-550f-4981-9142-d17fa0c7d454', 'e279a8e8-f0ec-4b0e-989b-4bb72fa69e03', 'active', 'd52e03f2-82e0-4ab3-b67a-2238d47279cf', 'package', 'organization');
INSERT INTO public.member (id, table_id, group_id, state, revision_id, table_name, capacity) VALUES ('53e46306-e3f8-4b70-a639-8e81dc944961', 'dde4d112-f458-4630-96ec-e4dc7ded854d', 'e279a8e8-f0ec-4b0e-989b-4bb72fa69e03', 'active', 'b50a77dd-d9ec-4e0b-baba-d12e2f2e402c', 'package', 'organization');
INSERT INTO public.member (id, table_id, group_id, state, revision_id, table_name, capacity) VALUES ('7954a20f-95d5-44e1-9862-d18e63253b45', '907d2d06-083a-4d53-907b-45766a5253e1', 'e279a8e8-f0ec-4b0e-989b-4bb72fa69e03', 'active', '94ed005d-5edf-4ab9-a644-504a7e6d6870', 'package', 'organization');
INSERT INTO public.member (id, table_id, group_id, state, revision_id, table_name, capacity) VALUES ('f90d44c8-421e-41af-873b-3f5117bdae8a', '088d4d99-0a46-47b5-adc5-e0742fa31389', 'e279a8e8-f0ec-4b0e-989b-4bb72fa69e03', 'active', 'eb4a0291-bd33-475c-a4a1-97ff4ed5264f', 'package', 'organization');
INSERT INTO public.member (id, table_id, group_id, state, revision_id, table_name, capacity) VALUES ('fc1d5889-40f2-4753-afec-8962ac7c771f', 'e06d5766-d134-45a4-9079-82b9875b907a', 'e279a8e8-f0ec-4b0e-989b-4bb72fa69e03', 'active', '60da5852-0b42-4888-9d80-16d351c86fb7', 'package', 'organization');
INSERT INTO public.member (id, table_id, group_id, state, revision_id, table_name, capacity) VALUES ('ef65ed83-e3b1-45ca-a41f-fcd67d0ad3f5', '4ff5d87a-d222-47ea-8400-f1f65b13fad5', 'e279a8e8-f0ec-4b0e-989b-4bb72fa69e03', 'active', 'eb9a48b8-45e8-4664-80c5-d7b862a4817f', 'package', 'organization');
INSERT INTO public.member (id, table_id, group_id, state, revision_id, table_name, capacity) VALUES ('41d23fd4-9ea7-4ba0-9587-d251760cd598', 'a9a21387-1e16-43e2-802a-18c6febba6af', 'e279a8e8-f0ec-4b0e-989b-4bb72fa69e03', 'active', '1d5d3fa2-0ef5-483f-a80c-7f5ed79b6739', 'package', 'organization');
INSERT INTO public.member (id, table_id, group_id, state, revision_id, table_name, capacity) VALUES ('854a9767-8425-42e5-b68a-2c80b32a5169', '4cef2643-9fcd-4d16-9a9a-78b23d6c2699', 'e279a8e8-f0ec-4b0e-989b-4bb72fa69e03', 'active', '7238b094-1f7f-4997-8174-885bc607a1c7', 'package', 'organization');
INSERT INTO public.member (id, table_id, group_id, state, revision_id, table_name, capacity) VALUES ('ebc4592b-c9c8-4536-b72c-2fa6ee570448', '7e8c592f-22df-4b5d-8166-0c7188af052c', 'fe45de92-23ef-485e-9a03-c669f774ac68', 'active', '50ee1324-e54e-4573-9d87-cd765626fdb6', 'package', 'public');
INSERT INTO public.member (id, table_id, group_id, state, revision_id, table_name, capacity) VALUES ('e7364a84-2551-4e6a-b6de-7cc41cf3e3a8', '4cef2643-9fcd-4d16-9a9a-78b23d6c2699', 'be5924e5-93c7-4cc8-9b87-1e81337201b8', 'active', '44c7ffd2-7764-4785-8ca9-7df34fb870ad', 'package', 'public');
INSERT INTO public.member (id, table_id, group_id, state, revision_id, table_name, capacity) VALUES ('176bdcab-b436-4e01-9c51-8c2459a3370d', '5903a1ce-550f-4981-9142-d17fa0c7d454', 'c648b1d5-d198-47a3-93c4-0ec6a0ef96fc', 'active', '4e62d780-d3c8-4ca2-8f12-b8a940eb9863', 'package', 'public');
INSERT INTO public.member (id, table_id, group_id, state, revision_id, table_name, capacity) VALUES ('931997a7-c14e-4318-a510-70c7b25a4727', 'dde4d112-f458-4630-96ec-e4dc7ded854d', 'ca2decc8-d8b6-4eee-9478-c4c1479daff1', 'active', 'f22cc6da-63d1-46b8-8ab0-5bd88a77ec19', 'package', 'public');
INSERT INTO public.member (id, table_id, group_id, state, revision_id, table_name, capacity) VALUES ('aab5de6f-6ab6-438e-86c5-15ebc6432f2e', 'e06d5766-d134-45a4-9079-82b9875b907a', '55c407c0-a0f7-40f9-a765-2905986bb3ae', 'active', '70309ee8-f5f9-45db-a542-9e4c5b8f7ff8', 'package', 'public');
INSERT INTO public.member (id, table_id, group_id, state, revision_id, table_name, capacity) VALUES ('df1b8e18-8a97-474a-b845-0ce27e920e0f', '4ff5d87a-d222-47ea-8400-f1f65b13fad5', '709ab180-c215-437b-87fc-b7959d3d4307', 'active', '81ee5491-6b0e-4733-b104-00d0470e0a49', 'package', 'public');
INSERT INTO public.member (id, table_id, group_id, state, revision_id, table_name, capacity) VALUES ('73f5c0ff-afa4-4264-a593-bfdea05e1688', 'a9a21387-1e16-43e2-802a-18c6febba6af', 'e5dd68df-db4f-4d39-89cd-62c7e3388d5b', 'active', '72f6decb-b947-44d6-83e1-de7e0730e34f', 'package', 'public');
INSERT INTO public.member (id, table_id, group_id, state, revision_id, table_name, capacity) VALUES ('47b58524-4e78-40e2-834f-571e5d64e576', '088d4d99-0a46-47b5-adc5-e0742fa31389', 'df585a77-e359-44ab-86b5-a5e867b11bd7', 'active', '68be91f7-efe3-44fe-b3f7-dd1b32866588', 'package', 'public');
INSERT INTO public.member (id, table_id, group_id, state, revision_id, table_name, capacity) VALUES ('92e56671-1ade-4d06-934b-cb43c351d976', '907d2d06-083a-4d53-907b-45766a5253e1', '5fa29828-ee4d-4f61-9bbe-ede5b538cd1d', 'active', '78a4935c-bf99-42a2-a797-319b2a88feee', 'package', 'public');


--
-- Data for Name: member_revision; Type: TABLE DATA; Schema: public; Owner: ckan
--

INSERT INTO public.member_revision (id, table_id, group_id, state, revision_id, continuity_id, expired_id, revision_timestamp, expired_timestamp, current, table_name, capacity) VALUES ('c535dcdc-dc3f-4e66-8f76-a1d977862435', 'CKAN_ADMIN_ID', 'e279a8e8-f0ec-4b0e-989b-4bb72fa69e03', 'active', '47a06fc1-d618-4610-9fb5-b719d1ad3cf6', 'c535dcdc-dc3f-4e66-8f76-a1d977862435', NULL, '2020-11-18 15:40:12.366584', '9999-12-31 00:00:00', NULL, 'user', 'admin');
INSERT INTO public.member_revision (id, table_id, group_id, state, revision_id, continuity_id, expired_id, revision_timestamp, expired_timestamp, current, table_name, capacity) VALUES ('19310f3b-9a78-454d-adbd-3c5b6781d016', 'CKAN_ADMIN_ID', 'fe45de92-23ef-485e-9a03-c669f774ac68', 'active', 'c2858ca9-a583-48df-9001-46f1e85fab99', '19310f3b-9a78-454d-adbd-3c5b6781d016', NULL, '2020-11-18 18:32:59.727714', '9999-12-31 00:00:00', NULL, 'user', 'admin');
INSERT INTO public.member_revision (id, table_id, group_id, state, revision_id, continuity_id, expired_id, revision_timestamp, expired_timestamp, current, table_name, capacity) VALUES ('35ca9f51-ce73-4ab0-890a-6a3a5955e0a0', 'CKAN_ADMIN_ID', 'c648b1d5-d198-47a3-93c4-0ec6a0ef96fc', 'active', '16ff8d9e-087f-444f-8c11-1907c98c1b97', '35ca9f51-ce73-4ab0-890a-6a3a5955e0a0', NULL, '2020-11-18 18:33:33.455649', '9999-12-31 00:00:00', NULL, 'user', 'admin');
INSERT INTO public.member_revision (id, table_id, group_id, state, revision_id, continuity_id, expired_id, revision_timestamp, expired_timestamp, current, table_name, capacity) VALUES ('551b1e24-750c-466d-90af-85f800f19a2b', 'CKAN_ADMIN_ID', 'ca2decc8-d8b6-4eee-9478-c4c1479daff1', 'active', '2762beb8-a6ef-46b6-ade7-f5b402e1eb7d', '551b1e24-750c-466d-90af-85f800f19a2b', NULL, '2020-11-18 18:35:28.67111', '9999-12-31 00:00:00', NULL, 'user', 'admin');
INSERT INTO public.member_revision (id, table_id, group_id, state, revision_id, continuity_id, expired_id, revision_timestamp, expired_timestamp, current, table_name, capacity) VALUES ('52066ccc-9c50-406c-a01c-9e502a3b519e', 'CKAN_ADMIN_ID', 'df585a77-e359-44ab-86b5-a5e867b11bd7', 'active', '13d6c904-39df-42ea-a935-f9a4c59fbaea', '52066ccc-9c50-406c-a01c-9e502a3b519e', NULL, '2020-11-18 18:37:28.120861', '9999-12-31 00:00:00', NULL, 'user', 'admin');
INSERT INTO public.member_revision (id, table_id, group_id, state, revision_id, continuity_id, expired_id, revision_timestamp, expired_timestamp, current, table_name, capacity) VALUES ('ae04d021-87ef-4bde-bc55-aef1dba8198e', 'CKAN_ADMIN_ID', '5fa29828-ee4d-4f61-9bbe-ede5b538cd1d', 'active', '43ca6f23-c516-497e-97f4-365c7d2e7ca4', 'ae04d021-87ef-4bde-bc55-aef1dba8198e', NULL, '2020-11-18 18:39:42.910239', '9999-12-31 00:00:00', NULL, 'user', 'admin');
INSERT INTO public.member_revision (id, table_id, group_id, state, revision_id, continuity_id, expired_id, revision_timestamp, expired_timestamp, current, table_name, capacity) VALUES ('50524b76-92b0-48ca-b31f-043d72005c90', 'CKAN_ADMIN_ID', '55c407c0-a0f7-40f9-a765-2905986bb3ae', 'active', '6fe1b621-4bf1-4709-8862-d42996187364', '50524b76-92b0-48ca-b31f-043d72005c90', NULL, '2020-11-18 18:40:03.457475', '9999-12-31 00:00:00', NULL, 'user', 'admin');
INSERT INTO public.member_revision (id, table_id, group_id, state, revision_id, continuity_id, expired_id, revision_timestamp, expired_timestamp, current, table_name, capacity) VALUES ('0796aee6-17b0-4f45-83ee-d1f11390a7ef', 'CKAN_ADMIN_ID', 'be5924e5-93c7-4cc8-9b87-1e81337201b8', 'active', 'd426f490-3b85-4b3b-9287-2724ae9cd3fd', '0796aee6-17b0-4f45-83ee-d1f11390a7ef', NULL, '2020-11-18 18:40:22.358506', '9999-12-31 00:00:00', NULL, 'user', 'admin');
INSERT INTO public.member_revision (id, table_id, group_id, state, revision_id, continuity_id, expired_id, revision_timestamp, expired_timestamp, current, table_name, capacity) VALUES ('8ba1055e-427b-4ed8-9f65-5bd4db2c0799', 'CKAN_ADMIN_ID', 'e5dd68df-db4f-4d39-89cd-62c7e3388d5b', 'active', '593e0a5c-4539-48ba-9ada-9d10b4f2009a', '8ba1055e-427b-4ed8-9f65-5bd4db2c0799', NULL, '2020-11-18 18:40:46.574518', '9999-12-31 00:00:00', NULL, 'user', 'admin');
INSERT INTO public.member_revision (id, table_id, group_id, state, revision_id, continuity_id, expired_id, revision_timestamp, expired_timestamp, current, table_name, capacity) VALUES ('dde07745-2ea5-4b8c-94f9-db68fd1fb3e4', 'CKAN_ADMIN_ID', '709ab180-c215-437b-87fc-b7959d3d4307', 'active', 'be198f63-244f-4d3b-9c52-96078002ded1', 'dde07745-2ea5-4b8c-94f9-db68fd1fb3e4', NULL, '2020-11-18 18:41:05.972914', '9999-12-31 00:00:00', NULL, 'user', 'admin');
INSERT INTO public.member_revision (id, table_id, group_id, state, revision_id, continuity_id, expired_id, revision_timestamp, expired_timestamp, current, table_name, capacity) VALUES ('beee7a11-1e37-4557-9148-3118d10d9886', '7e8c592f-22df-4b5d-8166-0c7188af052c', 'e279a8e8-f0ec-4b0e-989b-4bb72fa69e03', 'active', '285f7c2f-6e01-4ea7-89de-d1f308d313b8', 'beee7a11-1e37-4557-9148-3118d10d9886', NULL, '2020-11-18 18:42:15.071349', '9999-12-31 00:00:00', NULL, 'package', 'organization');
INSERT INTO public.member_revision (id, table_id, group_id, state, revision_id, continuity_id, expired_id, revision_timestamp, expired_timestamp, current, table_name, capacity) VALUES ('5d6b17f4-6c85-4010-bf56-82c471c98401', '5903a1ce-550f-4981-9142-d17fa0c7d454', 'e279a8e8-f0ec-4b0e-989b-4bb72fa69e03', 'active', 'd52e03f2-82e0-4ab3-b67a-2238d47279cf', '5d6b17f4-6c85-4010-bf56-82c471c98401', NULL, '2020-11-18 18:45:35.142213', '9999-12-31 00:00:00', NULL, 'package', 'organization');
INSERT INTO public.member_revision (id, table_id, group_id, state, revision_id, continuity_id, expired_id, revision_timestamp, expired_timestamp, current, table_name, capacity) VALUES ('53e46306-e3f8-4b70-a639-8e81dc944961', 'dde4d112-f458-4630-96ec-e4dc7ded854d', 'e279a8e8-f0ec-4b0e-989b-4bb72fa69e03', 'active', 'b50a77dd-d9ec-4e0b-baba-d12e2f2e402c', '53e46306-e3f8-4b70-a639-8e81dc944961', NULL, '2020-11-18 18:48:09.000519', '9999-12-31 00:00:00', NULL, 'package', 'organization');
INSERT INTO public.member_revision (id, table_id, group_id, state, revision_id, continuity_id, expired_id, revision_timestamp, expired_timestamp, current, table_name, capacity) VALUES ('7954a20f-95d5-44e1-9862-d18e63253b45', '907d2d06-083a-4d53-907b-45766a5253e1', 'e279a8e8-f0ec-4b0e-989b-4bb72fa69e03', 'active', '94ed005d-5edf-4ab9-a644-504a7e6d6870', '7954a20f-95d5-44e1-9862-d18e63253b45', NULL, '2020-11-19 15:02:23.710389', '9999-12-31 00:00:00', NULL, 'package', 'organization');
INSERT INTO public.member_revision (id, table_id, group_id, state, revision_id, continuity_id, expired_id, revision_timestamp, expired_timestamp, current, table_name, capacity) VALUES ('f90d44c8-421e-41af-873b-3f5117bdae8a', '088d4d99-0a46-47b5-adc5-e0742fa31389', 'e279a8e8-f0ec-4b0e-989b-4bb72fa69e03', 'active', 'eb4a0291-bd33-475c-a4a1-97ff4ed5264f', 'f90d44c8-421e-41af-873b-3f5117bdae8a', NULL, '2020-11-19 15:03:19.851756', '9999-12-31 00:00:00', NULL, 'package', 'organization');
INSERT INTO public.member_revision (id, table_id, group_id, state, revision_id, continuity_id, expired_id, revision_timestamp, expired_timestamp, current, table_name, capacity) VALUES ('fc1d5889-40f2-4753-afec-8962ac7c771f', 'e06d5766-d134-45a4-9079-82b9875b907a', 'e279a8e8-f0ec-4b0e-989b-4bb72fa69e03', 'active', '60da5852-0b42-4888-9d80-16d351c86fb7', 'fc1d5889-40f2-4753-afec-8962ac7c771f', NULL, '2020-11-19 15:04:58.066906', '9999-12-31 00:00:00', NULL, 'package', 'organization');
INSERT INTO public.member_revision (id, table_id, group_id, state, revision_id, continuity_id, expired_id, revision_timestamp, expired_timestamp, current, table_name, capacity) VALUES ('ef65ed83-e3b1-45ca-a41f-fcd67d0ad3f5', '4ff5d87a-d222-47ea-8400-f1f65b13fad5', 'e279a8e8-f0ec-4b0e-989b-4bb72fa69e03', 'active', 'eb9a48b8-45e8-4664-80c5-d7b862a4817f', 'ef65ed83-e3b1-45ca-a41f-fcd67d0ad3f5', NULL, '2020-11-19 15:05:52.574422', '9999-12-31 00:00:00', NULL, 'package', 'organization');
INSERT INTO public.member_revision (id, table_id, group_id, state, revision_id, continuity_id, expired_id, revision_timestamp, expired_timestamp, current, table_name, capacity) VALUES ('41d23fd4-9ea7-4ba0-9587-d251760cd598', 'a9a21387-1e16-43e2-802a-18c6febba6af', 'e279a8e8-f0ec-4b0e-989b-4bb72fa69e03', 'active', '1d5d3fa2-0ef5-483f-a80c-7f5ed79b6739', '41d23fd4-9ea7-4ba0-9587-d251760cd598', NULL, '2020-11-19 15:06:54.227761', '9999-12-31 00:00:00', NULL, 'package', 'organization');
INSERT INTO public.member_revision (id, table_id, group_id, state, revision_id, continuity_id, expired_id, revision_timestamp, expired_timestamp, current, table_name, capacity) VALUES ('854a9767-8425-42e5-b68a-2c80b32a5169', '4cef2643-9fcd-4d16-9a9a-78b23d6c2699', 'e279a8e8-f0ec-4b0e-989b-4bb72fa69e03', 'active', '7238b094-1f7f-4997-8174-885bc607a1c7', '854a9767-8425-42e5-b68a-2c80b32a5169', NULL, '2020-11-19 15:07:56.465585', '9999-12-31 00:00:00', NULL, 'package', 'organization');
INSERT INTO public.member_revision (id, table_id, group_id, state, revision_id, continuity_id, expired_id, revision_timestamp, expired_timestamp, current, table_name, capacity) VALUES ('ebc4592b-c9c8-4536-b72c-2fa6ee570448', '7e8c592f-22df-4b5d-8166-0c7188af052c', 'fe45de92-23ef-485e-9a03-c669f774ac68', 'active', '50ee1324-e54e-4573-9d87-cd765626fdb6', 'ebc4592b-c9c8-4536-b72c-2fa6ee570448', NULL, '2020-11-19 15:40:54.825449', '9999-12-31 00:00:00', NULL, 'package', 'public');
INSERT INTO public.member_revision (id, table_id, group_id, state, revision_id, continuity_id, expired_id, revision_timestamp, expired_timestamp, current, table_name, capacity) VALUES ('92e56671-1ade-4d06-934b-cb43c351d976', '907d2d06-083a-4d53-907b-45766a5253e1', 'fe45de92-23ef-485e-9a03-c669f774ac68', 'active', '0107cad0-76e0-4d89-b00b-6253a4adc1c5', '92e56671-1ade-4d06-934b-cb43c351d976', NULL, '2020-12-03 15:29:48.298928', '2020-12-03 15:30:00.067547', NULL, 'package', 'public');
INSERT INTO public.member_revision (id, table_id, group_id, state, revision_id, continuity_id, expired_id, revision_timestamp, expired_timestamp, current, table_name, capacity) VALUES ('92e56671-1ade-4d06-934b-cb43c351d976', '907d2d06-083a-4d53-907b-45766a5253e1', 'fe45de92-23ef-485e-9a03-c669f774ac68', 'active', '4521aaf2-5488-4130-9c25-4761cccd8587', '92e56671-1ade-4d06-934b-cb43c351d976', NULL, '2020-12-01 15:11:16.27276', '2020-12-01 15:11:35.433806', NULL, 'package', 'public');
INSERT INTO public.member_revision (id, table_id, group_id, state, revision_id, continuity_id, expired_id, revision_timestamp, expired_timestamp, current, table_name, capacity) VALUES ('47b58524-4e78-40e2-834f-571e5d64e576', '088d4d99-0a46-47b5-adc5-e0742fa31389', 'df585a77-e359-44ab-86b5-a5e867b11bd7', 'active', '70fad531-565e-463a-9709-d3ccaff91b1f', '47b58524-4e78-40e2-834f-571e5d64e576', NULL, '2020-12-03 15:52:54.008191', '2021-01-25 13:09:07.023549', NULL, 'package', 'public');
INSERT INTO public.member_revision (id, table_id, group_id, state, revision_id, continuity_id, expired_id, revision_timestamp, expired_timestamp, current, table_name, capacity) VALUES ('92e56671-1ade-4d06-934b-cb43c351d976', '907d2d06-083a-4d53-907b-45766a5253e1', 'fe45de92-23ef-485e-9a03-c669f774ac68', 'active', '3b495a03-8ba6-4386-a8de-743f5cfe7655', '92e56671-1ade-4d06-934b-cb43c351d976', NULL, '2020-12-03 15:30:39.12605', '2020-12-03 15:38:50.585429', NULL, 'package', 'public');
INSERT INTO public.member_revision (id, table_id, group_id, state, revision_id, continuity_id, expired_id, revision_timestamp, expired_timestamp, current, table_name, capacity) VALUES ('92e56671-1ade-4d06-934b-cb43c351d976', '907d2d06-083a-4d53-907b-45766a5253e1', 'fe45de92-23ef-485e-9a03-c669f774ac68', 'active', '654eda73-b889-4c5f-a66c-3f3bfb488774', '92e56671-1ade-4d06-934b-cb43c351d976', NULL, '2020-12-01 15:13:20.515785', '2020-12-01 15:13:28.71864', NULL, 'package', 'public');
INSERT INTO public.member_revision (id, table_id, group_id, state, revision_id, continuity_id, expired_id, revision_timestamp, expired_timestamp, current, table_name, capacity) VALUES ('92e56671-1ade-4d06-934b-cb43c351d976', '907d2d06-083a-4d53-907b-45766a5253e1', 'fe45de92-23ef-485e-9a03-c669f774ac68', 'active', 'c6cb1623-8e29-4c3e-affd-ef9b1d841b1c', '92e56671-1ade-4d06-934b-cb43c351d976', NULL, '2020-12-01 15:23:59.876042', '2020-12-01 15:24:17.486339', NULL, 'package', 'public');
INSERT INTO public.member_revision (id, table_id, group_id, state, revision_id, continuity_id, expired_id, revision_timestamp, expired_timestamp, current, table_name, capacity) VALUES ('df1b8e18-8a97-474a-b845-0ce27e920e0f', '4ff5d87a-d222-47ea-8400-f1f65b13fad5', '709ab180-c215-437b-87fc-b7959d3d4307', 'active', '124fa3fb-5b1f-4869-be7f-f9ad5bea1db4', 'df1b8e18-8a97-474a-b845-0ce27e920e0f', NULL, '2020-12-03 16:25:03.973636', '2020-12-03 19:37:12.529041', NULL, 'package', 'public');
INSERT INTO public.member_revision (id, table_id, group_id, state, revision_id, continuity_id, expired_id, revision_timestamp, expired_timestamp, current, table_name, capacity) VALUES ('931997a7-c14e-4318-a510-70c7b25a4727', 'dde4d112-f458-4630-96ec-e4dc7ded854d', 'ca2decc8-d8b6-4eee-9478-c4c1479daff1', 'active', 'f22cc6da-63d1-46b8-8ab0-5bd88a77ec19', '931997a7-c14e-4318-a510-70c7b25a4727', NULL, '2020-12-07 14:55:15.187153', '9999-12-31 00:00:00', NULL, 'package', 'public');
INSERT INTO public.member_revision (id, table_id, group_id, state, revision_id, continuity_id, expired_id, revision_timestamp, expired_timestamp, current, table_name, capacity) VALUES ('aab5de6f-6ab6-438e-86c5-15ebc6432f2e', 'e06d5766-d134-45a4-9079-82b9875b907a', '55c407c0-a0f7-40f9-a765-2905986bb3ae', 'active', '70309ee8-f5f9-45db-a542-9e4c5b8f7ff8', 'aab5de6f-6ab6-438e-86c5-15ebc6432f2e', NULL, '2020-12-07 20:56:48.462593', '9999-12-31 00:00:00', NULL, 'package', 'public');
INSERT INTO public.member_revision (id, table_id, group_id, state, revision_id, continuity_id, expired_id, revision_timestamp, expired_timestamp, current, table_name, capacity) VALUES ('df1b8e18-8a97-474a-b845-0ce27e920e0f', '4ff5d87a-d222-47ea-8400-f1f65b13fad5', '709ab180-c215-437b-87fc-b7959d3d4307', 'active', 'b6b1901f-79cf-4689-9af6-4d28799c44d7', 'df1b8e18-8a97-474a-b845-0ce27e920e0f', NULL, '2020-12-03 19:37:24.206851', '2020-12-08 15:19:55.450446', NULL, 'package', 'public');
INSERT INTO public.member_revision (id, table_id, group_id, state, revision_id, continuity_id, expired_id, revision_timestamp, expired_timestamp, current, table_name, capacity) VALUES ('df1b8e18-8a97-474a-b845-0ce27e920e0f', '4ff5d87a-d222-47ea-8400-f1f65b13fad5', '709ab180-c215-437b-87fc-b7959d3d4307', 'active', '618fee2a-137b-47c1-8578-3d355fd7b968', 'df1b8e18-8a97-474a-b845-0ce27e920e0f', NULL, '2020-12-08 15:20:06.092112', '2020-12-08 18:51:50.852435', NULL, 'package', 'public');
INSERT INTO public.member_revision (id, table_id, group_id, state, revision_id, continuity_id, expired_id, revision_timestamp, expired_timestamp, current, table_name, capacity) VALUES ('df1b8e18-8a97-474a-b845-0ce27e920e0f', '4ff5d87a-d222-47ea-8400-f1f65b13fad5', '709ab180-c215-437b-87fc-b7959d3d4307', 'active', '22af801b-d537-433d-8d5a-f338411be682', 'df1b8e18-8a97-474a-b845-0ce27e920e0f', NULL, '2020-12-08 18:52:00.428957', '2020-12-08 19:04:27.214844', NULL, 'package', 'public');
INSERT INTO public.member_revision (id, table_id, group_id, state, revision_id, continuity_id, expired_id, revision_timestamp, expired_timestamp, current, table_name, capacity) VALUES ('df1b8e18-8a97-474a-b845-0ce27e920e0f', '4ff5d87a-d222-47ea-8400-f1f65b13fad5', '709ab180-c215-437b-87fc-b7959d3d4307', 'active', '81ee5491-6b0e-4733-b104-00d0470e0a49', 'df1b8e18-8a97-474a-b845-0ce27e920e0f', NULL, '2020-12-08 19:04:46.078789', '9999-12-31 00:00:00', NULL, 'package', 'public');
INSERT INTO public.member_revision (id, table_id, group_id, state, revision_id, continuity_id, expired_id, revision_timestamp, expired_timestamp, current, table_name, capacity) VALUES ('73f5c0ff-afa4-4264-a593-bfdea05e1688', 'a9a21387-1e16-43e2-802a-18c6febba6af', 'e5dd68df-db4f-4d39-89cd-62c7e3388d5b', 'active', '72f6decb-b947-44d6-83e1-de7e0730e34f', '73f5c0ff-afa4-4264-a593-bfdea05e1688', NULL, '2020-12-08 19:06:55.453693', '9999-12-31 00:00:00', NULL, 'package', 'public');
INSERT INTO public.member_revision (id, table_id, group_id, state, revision_id, continuity_id, expired_id, revision_timestamp, expired_timestamp, current, table_name, capacity) VALUES ('e7364a84-2551-4e6a-b6de-7cc41cf3e3a8', '4cef2643-9fcd-4d16-9a9a-78b23d6c2699', 'be5924e5-93c7-4cc8-9b87-1e81337201b8', 'active', '44c7ffd2-7764-4785-8ca9-7df34fb870ad', 'e7364a84-2551-4e6a-b6de-7cc41cf3e3a8', NULL, '2020-12-08 20:40:32.6206', '9999-12-31 00:00:00', NULL, 'package', 'public');
INSERT INTO public.member_revision (id, table_id, group_id, state, revision_id, continuity_id, expired_id, revision_timestamp, expired_timestamp, current, table_name, capacity) VALUES ('176bdcab-b436-4e01-9c51-8c2459a3370d', '5903a1ce-550f-4981-9142-d17fa0c7d454', 'c648b1d5-d198-47a3-93c4-0ec6a0ef96fc', 'active', '4e62d780-d3c8-4ca2-8f12-b8a940eb9863', '176bdcab-b436-4e01-9c51-8c2459a3370d', NULL, '2020-12-08 20:50:23.904063', '9999-12-31 00:00:00', NULL, 'package', 'public');
INSERT INTO public.member_revision (id, table_id, group_id, state, revision_id, continuity_id, expired_id, revision_timestamp, expired_timestamp, current, table_name, capacity) VALUES ('92e56671-1ade-4d06-934b-cb43c351d976', '907d2d06-083a-4d53-907b-45766a5253e1', 'fe45de92-23ef-485e-9a03-c669f774ac68', 'active', 'b8e2b687-7326-4a07-bf69-540a00e79558', '92e56671-1ade-4d06-934b-cb43c351d976', NULL, '2021-01-25 13:10:49.148269', '2021-01-25 22:02:44.334474', NULL, 'package', 'public');
INSERT INTO public.member_revision (id, table_id, group_id, state, revision_id, continuity_id, expired_id, revision_timestamp, expired_timestamp, current, table_name, capacity) VALUES ('47b58524-4e78-40e2-834f-571e5d64e576', '088d4d99-0a46-47b5-adc5-e0742fa31389', 'df585a77-e359-44ab-86b5-a5e867b11bd7', 'active', '68be91f7-efe3-44fe-b3f7-dd1b32866588', '47b58524-4e78-40e2-834f-571e5d64e576', NULL, '2021-01-25 22:02:59.485751', '9999-12-31 00:00:00', NULL, 'package', 'public');
INSERT INTO public.member_revision (id, table_id, group_id, state, revision_id, continuity_id, expired_id, revision_timestamp, expired_timestamp, current, table_name, capacity) VALUES ('92e56671-1ade-4d06-934b-cb43c351d976', '907d2d06-083a-4d53-907b-45766a5253e1', 'fe45de92-23ef-485e-9a03-c669f774ac68', 'active', '78a4935c-bf99-42a2-a797-319b2a88feee', '92e56671-1ade-4d06-934b-cb43c351d976', NULL, '2021-03-10 13:51:43.972407', '9999-12-31 00:00:00', NULL, 'package', 'public');


--
-- Data for Name: package; Type: TABLE DATA; Schema: public; Owner: ckan_vitals
--

INSERT INTO public.package (id, name, title, version, url, notes, license_id, revision_id, author, author_email, maintainer, maintainer_email, state, type, owner_org, private, metadata_modified, creator_user_id, metadata_created) VALUES ('5903a1ce-550f-4981-9142-d17fa0c7d454', 'tobacco', 'Tobacco Use', NULL, 'https://www.who.int/ncds/surveillance/steps/en/', '', 'cc-by', 'c73c3aa9-d9bc-4987-aaff-1e432decedf7', 'World Health Organization', '', '', '', 'active', 'dataset', 'e279a8e8-f0ec-4b0e-989b-4bb72fa69e03', false, '2021-03-18 14:07:30.16807', 'CKAN_ADMIN_ID', '2020-11-18 18:45:35.147986');
INSERT INTO public.package (id, name, title, version, url, notes, license_id, revision_id, author, author_email, maintainer, maintainer_email, state, type, owner_org, private, metadata_modified, creator_user_id, metadata_created) VALUES ('e06d5766-d134-45a4-9079-82b9875b907a', 'diet', 'Diet', NULL, 'https://www.who.int/ncds/surveillance/steps/en/', '', 'cc-by-sa', '89db609e-1249-4c63-88c9-7b09ea94d048', 'World Health Organization', '', '', '', 'active', 'dataset', 'e279a8e8-f0ec-4b0e-989b-4bb72fa69e03', false, '2021-02-05 19:05:44.714046', 'CKAN_ADMIN_ID', '2020-11-19 15:04:58.075877');
INSERT INTO public.package (id, name, title, version, url, notes, license_id, revision_id, author, author_email, maintainer, maintainer_email, state, type, owner_org, private, metadata_modified, creator_user_id, metadata_created) VALUES ('a9a21387-1e16-43e2-802a-18c6febba6af', 'overweight-and-obesity', 'Overweight and Obesity', NULL, 'https://www.who.int/ncds/surveillance/steps/en/', '', 'cc-by-sa', '32f6bcae-44e2-4d90-87f5-702be924004a', 'World Health Organization', '', '', '', 'active', 'dataset', 'e279a8e8-f0ec-4b0e-989b-4bb72fa69e03', false, '2021-02-05 19:05:57.657295', 'CKAN_ADMIN_ID', '2020-11-19 15:06:54.241154');
INSERT INTO public.package (id, name, title, version, url, notes, license_id, revision_id, author, author_email, maintainer, maintainer_email, state, type, owner_org, private, metadata_modified, creator_user_id, metadata_created) VALUES ('4ff5d87a-d222-47ea-8400-f1f65b13fad5', 'other-steps-data', 'Other STEPS Data', NULL, 'https://www.who.int/ncds/surveillance/steps/en/', '', 'cc-by-sa', '9b0dc543-2a96-4e93-8c09-f43c76ba3886', 'World Health Organization', '', '', '', 'active', 'dataset', 'e279a8e8-f0ec-4b0e-989b-4bb72fa69e03', false, '2021-02-19 23:11:45.810414', 'CKAN_ADMIN_ID', '2020-11-19 15:05:52.58128');
INSERT INTO public.package (id, name, title, version, url, notes, license_id, revision_id, author, author_email, maintainer, maintainer_email, state, type, owner_org, private, metadata_modified, creator_user_id, metadata_created) VALUES ('7e8c592f-22df-4b5d-8166-0c7188af052c', 'alcohol', 'Alcohol Consumption', NULL, 'https://www.who.int/ncds/surveillance/steps/en/', '', 'cc-by-sa', '3ced0f2b-b180-419e-96db-6abb5fc536c5', 'World Health Organization', '', '', '', 'active', 'dataset', 'e279a8e8-f0ec-4b0e-989b-4bb72fa69e03', false, '2021-04-13 14:43:26.676251', 'CKAN_ADMIN_ID', '2020-11-18 18:42:15.086596');
INSERT INTO public.package (id, name, title, version, url, notes, license_id, revision_id, author, author_email, maintainer, maintainer_email, state, type, owner_org, private, metadata_modified, creator_user_id, metadata_created) VALUES ('907d2d06-083a-4d53-907b-45766a5253e1', 'cholesterol', 'Cholesterol', NULL, 'https://www.who.int/ncds/surveillance/steps/en/', '', 'cc-by-sa', '5c21aa0f-5588-45f3-841f-e58532a917da', 'World Health Organization', '', '', '', 'active', 'dataset', 'e279a8e8-f0ec-4b0e-989b-4bb72fa69e03', false, '2021-03-10 13:51:43.976704', 'CKAN_ADMIN_ID', '2020-11-19 15:02:23.715308');
INSERT INTO public.package (id, name, title, version, url, notes, license_id, revision_id, author, author_email, maintainer, maintainer_email, state, type, owner_org, private, metadata_modified, creator_user_id, metadata_created) VALUES ('088d4d99-0a46-47b5-adc5-e0742fa31389', 'diabetes', 'Diabetes', NULL, 'https://www.who.int/ncds/surveillance/steps/en/', '', 'cc-by-sa', 'f5781c2c-216c-4319-b1b4-2af58239ca33', 'World Health Organization', '', '', '', 'active', 'dataset', 'e279a8e8-f0ec-4b0e-989b-4bb72fa69e03', false, '2021-03-18 14:03:07.614146', 'CKAN_ADMIN_ID', '2020-11-19 15:03:19.858318');
INSERT INTO public.package (id, name, title, version, url, notes, license_id, revision_id, author, author_email, maintainer, maintainer_email, state, type, owner_org, private, metadata_modified, creator_user_id, metadata_created) VALUES ('dde4d112-f458-4630-96ec-e4dc7ded854d', 'hypertension', 'Hypertension', NULL, 'https://www.who.int/ncds/surveillance/steps/en/', '', 'cc-by', '558f6706-831c-4c21-993d-ac7029c9d004', 'World Health Organization', '', '', '', 'active', 'dataset', 'e279a8e8-f0ec-4b0e-989b-4bb72fa69e03', false, '2021-03-18 14:03:24.185605', 'CKAN_ADMIN_ID', '2020-11-18 18:48:09.005047');
INSERT INTO public.package (id, name, title, version, url, notes, license_id, revision_id, author, author_email, maintainer, maintainer_email, state, type, owner_org, private, metadata_modified, creator_user_id, metadata_created) VALUES ('4cef2643-9fcd-4d16-9a9a-78b23d6c2699', 'physical-activity', 'Physical Activity', NULL, 'https://www.who.int/ncds/surveillance/steps/en/', '', 'cc-by-sa', '86f093f0-55a0-48de-b99e-3423b390e18a', 'World Health Organization', '', '', '', 'active', 'dataset', 'e279a8e8-f0ec-4b0e-989b-4bb72fa69e03', false, '2021-02-05 19:06:12.776074', 'CKAN_ADMIN_ID', '2020-11-19 15:07:56.472194');


--
-- Data for Name: package_revision; Type: TABLE DATA; Schema: public; Owner: ckan
--

INSERT INTO public.package_revision (id, name, title, version, url, notes, license_id, revision_id, continuity_id, author, author_email, maintainer, maintainer_email, state, expired_id, revision_timestamp, expired_timestamp, current, type, owner_org, private, metadata_modified, creator_user_id, metadata_created) VALUES ('7e8c592f-22df-4b5d-8166-0c7188af052c', 'alcohol', 'Alcohol Consumption', NULL, '', '', 'cc-by-sa', '285f7c2f-6e01-4ea7-89de-d1f308d313b8', '7e8c592f-22df-4b5d-8166-0c7188af052c', '', '', '', '', 'draft', NULL, '2020-11-18 18:42:15.071349', '2020-11-18 18:42:45.205305', NULL, 'dataset', 'e279a8e8-f0ec-4b0e-989b-4bb72fa69e03', false, '2020-11-18 18:42:15.086604', 'CKAN_ADMIN_ID', '2020-11-18 18:42:15.086596');
INSERT INTO public.package_revision (id, name, title, version, url, notes, license_id, revision_id, continuity_id, author, author_email, maintainer, maintainer_email, state, expired_id, revision_timestamp, expired_timestamp, current, type, owner_org, private, metadata_modified, creator_user_id, metadata_created) VALUES ('7e8c592f-22df-4b5d-8166-0c7188af052c', 'alcohol', 'Alcohol Consumption', NULL, 'https://www.who.int/ncds/surveillance/steps/en/', '', 'cc-by-sa', '3ced0f2b-b180-419e-96db-6abb5fc536c5', '7e8c592f-22df-4b5d-8166-0c7188af052c', 'World Health Organization', '', '', '', 'active', NULL, '2020-11-18 18:44:26.693147', '9999-12-31 00:00:00', NULL, 'dataset', 'e279a8e8-f0ec-4b0e-989b-4bb72fa69e03', false, '2020-11-18 18:44:26.693734', 'CKAN_ADMIN_ID', '2020-11-18 18:42:15.086596');
INSERT INTO public.package_revision (id, name, title, version, url, notes, license_id, revision_id, continuity_id, author, author_email, maintainer, maintainer_email, state, expired_id, revision_timestamp, expired_timestamp, current, type, owner_org, private, metadata_modified, creator_user_id, metadata_created) VALUES ('7e8c592f-22df-4b5d-8166-0c7188af052c', 'alcohol', 'Alcohol Consumption', NULL, '', '', 'cc-by-sa', '066d209d-fdb4-42ba-8a50-2b10ddbb9197', '7e8c592f-22df-4b5d-8166-0c7188af052c', '', '', '', '', 'active', NULL, '2020-11-18 18:42:45.205305', '2020-11-18 18:44:26.693147', NULL, 'dataset', 'e279a8e8-f0ec-4b0e-989b-4bb72fa69e03', false, '2020-11-18 18:42:45.206066', 'CKAN_ADMIN_ID', '2020-11-18 18:42:15.086596');
INSERT INTO public.package_revision (id, name, title, version, url, notes, license_id, revision_id, continuity_id, author, author_email, maintainer, maintainer_email, state, expired_id, revision_timestamp, expired_timestamp, current, type, owner_org, private, metadata_modified, creator_user_id, metadata_created) VALUES ('5903a1ce-550f-4981-9142-d17fa0c7d454', 'tobacco', 'Tobacco Consumption', NULL, 'https://www.who.int/ncds/surveillance/steps/en/', '', 'cc-by', 'd52e03f2-82e0-4ab3-b67a-2238d47279cf', '5903a1ce-550f-4981-9142-d17fa0c7d454', 'World Health Organization', '', '', '', 'draft', NULL, '2020-11-18 18:45:35.142213', '2020-11-18 18:46:09.34049', NULL, 'dataset', 'e279a8e8-f0ec-4b0e-989b-4bb72fa69e03', false, '2020-11-18 18:45:35.147992', 'CKAN_ADMIN_ID', '2020-11-18 18:45:35.147986');
INSERT INTO public.package_revision (id, name, title, version, url, notes, license_id, revision_id, continuity_id, author, author_email, maintainer, maintainer_email, state, expired_id, revision_timestamp, expired_timestamp, current, type, owner_org, private, metadata_modified, creator_user_id, metadata_created) VALUES ('dde4d112-f458-4630-96ec-e4dc7ded854d', 'hypertension', 'Hypertension', NULL, 'https://www.who.int/ncds/surveillance/steps/en/', '', 'cc-by', 'b50a77dd-d9ec-4e0b-baba-d12e2f2e402c', 'dde4d112-f458-4630-96ec-e4dc7ded854d', '', '', '', '', 'draft', NULL, '2020-11-18 18:48:09.000519', '2020-11-18 18:48:25.876433', NULL, 'dataset', 'e279a8e8-f0ec-4b0e-989b-4bb72fa69e03', true, '2020-11-18 18:48:09.005053', 'CKAN_ADMIN_ID', '2020-11-18 18:48:09.005047');
INSERT INTO public.package_revision (id, name, title, version, url, notes, license_id, revision_id, continuity_id, author, author_email, maintainer, maintainer_email, state, expired_id, revision_timestamp, expired_timestamp, current, type, owner_org, private, metadata_modified, creator_user_id, metadata_created) VALUES ('dde4d112-f458-4630-96ec-e4dc7ded854d', 'hypertension', 'Hypertension', NULL, 'https://www.who.int/ncds/surveillance/steps/en/', '', 'cc-by', '558f6706-831c-4c21-993d-ac7029c9d004', 'dde4d112-f458-4630-96ec-e4dc7ded854d', 'World Health Organization', '', '', '', 'active', NULL, '2020-11-18 18:48:48.934073', '9999-12-31 00:00:00', NULL, 'dataset', 'e279a8e8-f0ec-4b0e-989b-4bb72fa69e03', false, '2020-11-18 18:48:48.934712', 'CKAN_ADMIN_ID', '2020-11-18 18:48:09.005047');
INSERT INTO public.package_revision (id, name, title, version, url, notes, license_id, revision_id, continuity_id, author, author_email, maintainer, maintainer_email, state, expired_id, revision_timestamp, expired_timestamp, current, type, owner_org, private, metadata_modified, creator_user_id, metadata_created) VALUES ('dde4d112-f458-4630-96ec-e4dc7ded854d', 'hypertension', 'Hypertension', NULL, 'https://www.who.int/ncds/surveillance/steps/en/', '', 'cc-by', '4d42074a-8bb1-4b8c-bcb2-ba622242dd81', 'dde4d112-f458-4630-96ec-e4dc7ded854d', '', '', '', '', 'active', NULL, '2020-11-18 18:48:25.876433', '2020-11-18 18:48:48.934073', NULL, 'dataset', 'e279a8e8-f0ec-4b0e-989b-4bb72fa69e03', true, '2020-11-18 18:48:25.87714', 'CKAN_ADMIN_ID', '2020-11-18 18:48:09.005047');
INSERT INTO public.package_revision (id, name, title, version, url, notes, license_id, revision_id, continuity_id, author, author_email, maintainer, maintainer_email, state, expired_id, revision_timestamp, expired_timestamp, current, type, owner_org, private, metadata_modified, creator_user_id, metadata_created) VALUES ('907d2d06-083a-4d53-907b-45766a5253e1', 'cholesterol', 'Cholesterol', NULL, 'https://www.who.int/ncds/surveillance/steps/en/', '', 'cc-by-sa', '94ed005d-5edf-4ab9-a644-504a7e6d6870', '907d2d06-083a-4d53-907b-45766a5253e1', 'World Health Organization', '', '', '', 'draft', NULL, '2020-11-19 15:02:23.710389', '2020-11-19 15:02:44.868381', NULL, 'dataset', 'e279a8e8-f0ec-4b0e-989b-4bb72fa69e03', false, '2020-11-19 15:02:23.715314', 'CKAN_ADMIN_ID', '2020-11-19 15:02:23.715308');
INSERT INTO public.package_revision (id, name, title, version, url, notes, license_id, revision_id, continuity_id, author, author_email, maintainer, maintainer_email, state, expired_id, revision_timestamp, expired_timestamp, current, type, owner_org, private, metadata_modified, creator_user_id, metadata_created) VALUES ('907d2d06-083a-4d53-907b-45766a5253e1', 'cholesterol', 'Cholesterol', NULL, 'https://www.who.int/ncds/surveillance/steps/en/', '', 'cc-by-sa', '5c21aa0f-5588-45f3-841f-e58532a917da', '907d2d06-083a-4d53-907b-45766a5253e1', 'World Health Organization', '', '', '', 'active', NULL, '2020-11-19 15:02:44.868381', '9999-12-31 00:00:00', NULL, 'dataset', 'e279a8e8-f0ec-4b0e-989b-4bb72fa69e03', false, '2020-11-19 15:02:44.877704', 'CKAN_ADMIN_ID', '2020-11-19 15:02:23.715308');
INSERT INTO public.package_revision (id, name, title, version, url, notes, license_id, revision_id, continuity_id, author, author_email, maintainer, maintainer_email, state, expired_id, revision_timestamp, expired_timestamp, current, type, owner_org, private, metadata_modified, creator_user_id, metadata_created) VALUES ('088d4d99-0a46-47b5-adc5-e0742fa31389', 'diabetes', 'Diabetes', NULL, 'https://www.who.int/ncds/surveillance/steps/en/', '', 'cc-by-sa', 'eb4a0291-bd33-475c-a4a1-97ff4ed5264f', '088d4d99-0a46-47b5-adc5-e0742fa31389', 'World Health Organization', '', '', '', 'draft', NULL, '2020-11-19 15:03:19.851756', '2020-11-19 15:03:39.761739', NULL, 'dataset', 'e279a8e8-f0ec-4b0e-989b-4bb72fa69e03', true, '2020-11-19 15:03:19.858324', 'CKAN_ADMIN_ID', '2020-11-19 15:03:19.858318');
INSERT INTO public.package_revision (id, name, title, version, url, notes, license_id, revision_id, continuity_id, author, author_email, maintainer, maintainer_email, state, expired_id, revision_timestamp, expired_timestamp, current, type, owner_org, private, metadata_modified, creator_user_id, metadata_created) VALUES ('088d4d99-0a46-47b5-adc5-e0742fa31389', 'diabetes', 'Diabetes', NULL, 'https://www.who.int/ncds/surveillance/steps/en/', '', 'cc-by-sa', 'f5781c2c-216c-4319-b1b4-2af58239ca33', '088d4d99-0a46-47b5-adc5-e0742fa31389', 'World Health Organization', '', '', '', 'active', NULL, '2020-11-19 15:03:50.865483', '9999-12-31 00:00:00', NULL, 'dataset', 'e279a8e8-f0ec-4b0e-989b-4bb72fa69e03', false, '2020-11-19 15:03:50.866931', 'CKAN_ADMIN_ID', '2020-11-19 15:03:19.858318');
INSERT INTO public.package_revision (id, name, title, version, url, notes, license_id, revision_id, continuity_id, author, author_email, maintainer, maintainer_email, state, expired_id, revision_timestamp, expired_timestamp, current, type, owner_org, private, metadata_modified, creator_user_id, metadata_created) VALUES ('088d4d99-0a46-47b5-adc5-e0742fa31389', 'diabetes', 'Diabetes', NULL, 'https://www.who.int/ncds/surveillance/steps/en/', '', 'cc-by-sa', '423e14f7-7d21-4a1c-92ba-455bdf2b118e', '088d4d99-0a46-47b5-adc5-e0742fa31389', 'World Health Organization', '', '', '', 'active', NULL, '2020-11-19 15:03:39.761739', '2020-11-19 15:03:50.865483', NULL, 'dataset', 'e279a8e8-f0ec-4b0e-989b-4bb72fa69e03', true, '2020-11-19 15:03:39.762267', 'CKAN_ADMIN_ID', '2020-11-19 15:03:19.858318');
INSERT INTO public.package_revision (id, name, title, version, url, notes, license_id, revision_id, continuity_id, author, author_email, maintainer, maintainer_email, state, expired_id, revision_timestamp, expired_timestamp, current, type, owner_org, private, metadata_modified, creator_user_id, metadata_created) VALUES ('e06d5766-d134-45a4-9079-82b9875b907a', 'diet', 'Diet', NULL, 'https://www.who.int/ncds/surveillance/steps/en/', '', 'cc-by-sa', '89db609e-1249-4c63-88c9-7b09ea94d048', 'e06d5766-d134-45a4-9079-82b9875b907a', 'World Health Organization', '', '', '', 'active', NULL, '2020-11-19 15:05:11.225547', '9999-12-31 00:00:00', NULL, 'dataset', 'e279a8e8-f0ec-4b0e-989b-4bb72fa69e03', false, '2020-11-19 15:05:11.226101', 'CKAN_ADMIN_ID', '2020-11-19 15:04:58.075877');
INSERT INTO public.package_revision (id, name, title, version, url, notes, license_id, revision_id, continuity_id, author, author_email, maintainer, maintainer_email, state, expired_id, revision_timestamp, expired_timestamp, current, type, owner_org, private, metadata_modified, creator_user_id, metadata_created) VALUES ('e06d5766-d134-45a4-9079-82b9875b907a', 'diet', 'Diet', NULL, 'https://www.who.int/ncds/surveillance/steps/en/', '', 'cc-by-sa', '60da5852-0b42-4888-9d80-16d351c86fb7', 'e06d5766-d134-45a4-9079-82b9875b907a', 'World Health Organization', '', '', '', 'draft', NULL, '2020-11-19 15:04:58.066906', '2020-11-19 15:05:11.225547', NULL, 'dataset', 'e279a8e8-f0ec-4b0e-989b-4bb72fa69e03', false, '2020-11-19 15:04:58.075884', 'CKAN_ADMIN_ID', '2020-11-19 15:04:58.075877');
INSERT INTO public.package_revision (id, name, title, version, url, notes, license_id, revision_id, continuity_id, author, author_email, maintainer, maintainer_email, state, expired_id, revision_timestamp, expired_timestamp, current, type, owner_org, private, metadata_modified, creator_user_id, metadata_created) VALUES ('4ff5d87a-d222-47ea-8400-f1f65b13fad5', 'other-steps-data', 'Other STEPS Data', NULL, 'https://www.who.int/ncds/surveillance/steps/en/', '', 'cc-by-sa', 'eb9a48b8-45e8-4664-80c5-d7b862a4817f', '4ff5d87a-d222-47ea-8400-f1f65b13fad5', 'World Health Organization', '', '', '', 'draft', NULL, '2020-11-19 15:05:52.574422', '2020-11-19 15:06:12.3084', NULL, 'dataset', 'e279a8e8-f0ec-4b0e-989b-4bb72fa69e03', false, '2020-11-19 15:05:52.581286', 'CKAN_ADMIN_ID', '2020-11-19 15:05:52.58128');
INSERT INTO public.package_revision (id, name, title, version, url, notes, license_id, revision_id, continuity_id, author, author_email, maintainer, maintainer_email, state, expired_id, revision_timestamp, expired_timestamp, current, type, owner_org, private, metadata_modified, creator_user_id, metadata_created) VALUES ('4ff5d87a-d222-47ea-8400-f1f65b13fad5', 'other-steps-data', 'Other STEPS Data', NULL, 'https://www.who.int/ncds/surveillance/steps/en/', '', 'cc-by-sa', '9b0dc543-2a96-4e93-8c09-f43c76ba3886', '4ff5d87a-d222-47ea-8400-f1f65b13fad5', 'World Health Organization', '', '', '', 'active', NULL, '2020-11-19 15:06:12.3084', '9999-12-31 00:00:00', NULL, 'dataset', 'e279a8e8-f0ec-4b0e-989b-4bb72fa69e03', false, '2020-11-19 15:06:12.308994', 'CKAN_ADMIN_ID', '2020-11-19 15:05:52.58128');
INSERT INTO public.package_revision (id, name, title, version, url, notes, license_id, revision_id, continuity_id, author, author_email, maintainer, maintainer_email, state, expired_id, revision_timestamp, expired_timestamp, current, type, owner_org, private, metadata_modified, creator_user_id, metadata_created) VALUES ('a9a21387-1e16-43e2-802a-18c6febba6af', 'overweight-and-obesity', 'Overweight and Obesity', NULL, 'https://www.who.int/ncds/surveillance/steps/en/', '', 'cc-by-sa', '32f6bcae-44e2-4d90-87f5-702be924004a', 'a9a21387-1e16-43e2-802a-18c6febba6af', 'World Health Organization', '', '', '', 'active', NULL, '2020-11-19 15:07:18.208598', '9999-12-31 00:00:00', NULL, 'dataset', 'e279a8e8-f0ec-4b0e-989b-4bb72fa69e03', false, '2020-11-19 15:07:18.209147', 'CKAN_ADMIN_ID', '2020-11-19 15:06:54.241154');
INSERT INTO public.package_revision (id, name, title, version, url, notes, license_id, revision_id, continuity_id, author, author_email, maintainer, maintainer_email, state, expired_id, revision_timestamp, expired_timestamp, current, type, owner_org, private, metadata_modified, creator_user_id, metadata_created) VALUES ('a9a21387-1e16-43e2-802a-18c6febba6af', 'overweight-and-obesity', 'Overweight and Obesity', NULL, 'https://www.who.int/ncds/surveillance/steps/en/', '', 'cc-by-sa', '1d5d3fa2-0ef5-483f-a80c-7f5ed79b6739', 'a9a21387-1e16-43e2-802a-18c6febba6af', 'World Health Organization', '', '', '', 'draft', NULL, '2020-11-19 15:06:54.227761', '2020-11-19 15:07:18.208598', NULL, 'dataset', 'e279a8e8-f0ec-4b0e-989b-4bb72fa69e03', false, '2020-11-19 15:06:54.241161', 'CKAN_ADMIN_ID', '2020-11-19 15:06:54.241154');
INSERT INTO public.package_revision (id, name, title, version, url, notes, license_id, revision_id, continuity_id, author, author_email, maintainer, maintainer_email, state, expired_id, revision_timestamp, expired_timestamp, current, type, owner_org, private, metadata_modified, creator_user_id, metadata_created) VALUES ('5903a1ce-550f-4981-9142-d17fa0c7d454', 'tobacco', 'Tobacco Consumption', NULL, 'https://www.who.int/ncds/surveillance/steps/en/', '', 'cc-by', 'edf5527c-fa6a-4901-bc3d-bc24f5029cf6', '5903a1ce-550f-4981-9142-d17fa0c7d454', 'World Health Organization', '', '', '', 'active', NULL, '2020-11-18 18:46:09.34049', '2020-11-19 15:08:35.50244', NULL, 'dataset', 'e279a8e8-f0ec-4b0e-989b-4bb72fa69e03', false, '2020-11-18 18:46:09.341055', 'CKAN_ADMIN_ID', '2020-11-18 18:45:35.147986');
INSERT INTO public.package_revision (id, name, title, version, url, notes, license_id, revision_id, continuity_id, author, author_email, maintainer, maintainer_email, state, expired_id, revision_timestamp, expired_timestamp, current, type, owner_org, private, metadata_modified, creator_user_id, metadata_created) VALUES ('4cef2643-9fcd-4d16-9a9a-78b23d6c2699', 'physical-activity', 'Physical Activity', NULL, 'https://www.who.int/ncds/surveillance/steps/en/', '', 'cc-by-sa', '86f093f0-55a0-48de-b99e-3423b390e18a', '4cef2643-9fcd-4d16-9a9a-78b23d6c2699', 'World Health Organization', '', '', '', 'active', NULL, '2020-11-19 15:08:15.684829', '9999-12-31 00:00:00', NULL, 'dataset', 'e279a8e8-f0ec-4b0e-989b-4bb72fa69e03', false, '2020-11-19 15:08:15.685563', 'CKAN_ADMIN_ID', '2020-11-19 15:07:56.472194');
INSERT INTO public.package_revision (id, name, title, version, url, notes, license_id, revision_id, continuity_id, author, author_email, maintainer, maintainer_email, state, expired_id, revision_timestamp, expired_timestamp, current, type, owner_org, private, metadata_modified, creator_user_id, metadata_created) VALUES ('4cef2643-9fcd-4d16-9a9a-78b23d6c2699', 'physical-activity', 'Physical Activity', NULL, 'https://www.who.int/ncds/surveillance/steps/en/', '', 'cc-by-sa', '7238b094-1f7f-4997-8174-885bc607a1c7', '4cef2643-9fcd-4d16-9a9a-78b23d6c2699', 'World Health Organization', '', '', '', 'draft', NULL, '2020-11-19 15:07:56.465585', '2020-11-19 15:08:15.684829', NULL, 'dataset', 'e279a8e8-f0ec-4b0e-989b-4bb72fa69e03', false, '2020-11-19 15:07:56.4722', 'CKAN_ADMIN_ID', '2020-11-19 15:07:56.472194');
INSERT INTO public.package_revision (id, name, title, version, url, notes, license_id, revision_id, continuity_id, author, author_email, maintainer, maintainer_email, state, expired_id, revision_timestamp, expired_timestamp, current, type, owner_org, private, metadata_modified, creator_user_id, metadata_created) VALUES ('5903a1ce-550f-4981-9142-d17fa0c7d454', 'tobacco', 'Tobacco Use', NULL, 'https://www.who.int/ncds/surveillance/steps/en/', '', 'cc-by', 'c73c3aa9-d9bc-4987-aaff-1e432decedf7', '5903a1ce-550f-4981-9142-d17fa0c7d454', 'World Health Organization', '', '', '', 'active', NULL, '2020-11-19 15:08:35.50244', '9999-12-31 00:00:00', NULL, 'dataset', 'e279a8e8-f0ec-4b0e-989b-4bb72fa69e03', false, '2020-11-19 15:08:35.50302', 'CKAN_ADMIN_ID', '2020-11-18 18:45:35.147986');



--
-- Data for Name: resource; Type: TABLE DATA; Schema: public; Owner: ckan_vitals
--

INSERT INTO public.resource (id, url, format, description, "position", revision_id, hash, state, extras, name, resource_type, mimetype, mimetype_inner, size, last_modified, cache_url, cache_last_updated, webstore_url, webstore_last_updated, created, url_type, package_id) VALUES ('16e484b9-1e6e-4527-a0e6-a50abf9ca0c7', 'steps_portal_diabetes_time.csv', 'CSV', '', 0, '80123099-2ad8-4fa3-9b1b-99eb50e922b5', '', 'deleted', '{"datastore_active": false}', 'STEPS Diabetes Data', NULL, 'text/csv', NULL, NULL, '2020-12-17 19:02:29.612547', NULL, NULL, NULL, NULL, '2020-11-19 15:03:39.228569', 'upload', '088d4d99-0a46-47b5-adc5-e0742fa31389');
INSERT INTO public.resource (id, url, format, description, "position", revision_id, hash, state, extras, name, resource_type, mimetype, mimetype_inner, size, last_modified, cache_url, cache_last_updated, webstore_url, webstore_last_updated, created, url_type, package_id) VALUES ('d515cca7-612f-4840-8b07-14277146ef99', 'https://vital-stepsdata.org/dataset/907d2d06-083a-4d53-907b-45766a5253e1/resource/d515cca7-612f-4840-8b07-14277146ef99/download/steps_portal_cholesterol.csv', 'CSV', '', 0, '20476474-8d46-40ae-8d0d-1fa0f68c6fc0', '', 'active', '{"datastore_active": true}', 'STEPS Cholesterol Data', NULL, 'text/csv', NULL, NULL, '2020-12-15 18:32:04.972617', NULL, NULL, NULL, NULL, '2020-11-19 15:02:44.450957', 'upload', '907d2d06-083a-4d53-907b-45766a5253e1');
INSERT INTO public.resource (id, url, format, description, "position", revision_id, hash, state, extras, name, resource_type, mimetype, mimetype_inner, size, last_modified, cache_url, cache_last_updated, webstore_url, webstore_last_updated, created, url_type, package_id) VALUES ('d7271660-0dfc-4ab6-b30b-c7b3118db3d2', 'https://vital-stepsdata.org/dataset/e06d5766-d134-45a4-9079-82b9875b907a/resource/d7271660-0dfc-4ab6-b30b-c7b3118db3d2/download/steps_portal_diet.csv', 'CSV', '', 0, '11134cfc-cadd-4536-92dd-c374faa04186', '', 'active', '{"datastore_active": true}', 'STEPS Diet Data', NULL, 'text/csv', NULL, NULL, '2020-12-15 18:31:46.811067', NULL, NULL, NULL, NULL, '2020-11-19 15:05:10.638455', 'upload', 'e06d5766-d134-45a4-9079-82b9875b907a');
INSERT INTO public.resource (id, url, format, description, "position", revision_id, hash, state, extras, name, resource_type, mimetype, mimetype_inner, size, last_modified, cache_url, cache_last_updated, webstore_url, webstore_last_updated, created, url_type, package_id) VALUES ('afac1e1a-fa53-485c-8059-05ab40e9a148', 'https://vital-stepsdata.org/dataset/4cef2643-9fcd-4d16-9a9a-78b23d6c2699/resource/afac1e1a-fa53-485c-8059-05ab40e9a148/download/steps_portal_physical.csv', 'CSV', '', 0, 'a8295982-dac1-4b5e-971a-2ad8481d2bfe', '', 'active', '{"datastore_active": true}', 'STEPS Physical Activity Data', NULL, 'text/csv', NULL, NULL, '2020-12-15 18:30:23.18786', NULL, NULL, NULL, NULL, '2020-11-19 15:08:15.055826', 'upload', '4cef2643-9fcd-4d16-9a9a-78b23d6c2699');
INSERT INTO public.resource (id, url, format, description, "position", revision_id, hash, state, extras, name, resource_type, mimetype, mimetype_inner, size, last_modified, cache_url, cache_last_updated, webstore_url, webstore_last_updated, created, url_type, package_id) VALUES ('17b6135e-0690-4100-b680-5aeaed77b923', 'https://vital-stepsdata.org/dataset/907d2d06-083a-4d53-907b-45766a5253e1/resource/17b6135e-0690-4100-b680-5aeaed77b923/download/steps_portal_cholesterol_vn.csv', 'CSV', '', 1, '7cf5ef78-7d31-4c4d-b689-aac20a089cb7', '', 'active', '{"datastore_active": true}', 'STEPS Cholesterol Data Viet Nam', NULL, 'text/csv', NULL, NULL, '2021-01-28 15:38:07.2492', NULL, NULL, NULL, NULL, '2021-01-20 18:51:09.350729', 'upload', '907d2d06-083a-4d53-907b-45766a5253e1');
INSERT INTO public.resource (id, url, format, description, "position", revision_id, hash, state, extras, name, resource_type, mimetype, mimetype_inner, size, last_modified, cache_url, cache_last_updated, webstore_url, webstore_last_updated, created, url_type, package_id) VALUES ('8160b9cf-b6d0-4b2b-8b19-7ba9a86518a7', 'https://vital-stepsdata.org/dataset/088d4d99-0a46-47b5-adc5-e0742fa31389/resource/8160b9cf-b6d0-4b2b-8b19-7ba9a86518a7/download/steps_portal_diabetes_time_vn.csv', 'CSV', '', 1, 'b8c828f4-7965-46c1-8f14-6b75a2b3cb0b', '', 'active', '{"datastore_active": true}', 'STEPS Diabetes Data Viet Nam', NULL, 'text/csv', NULL, NULL, '2021-01-28 15:38:28.216262', NULL, NULL, NULL, NULL, '2021-01-21 01:16:20.498083', 'upload', '088d4d99-0a46-47b5-adc5-e0742fa31389');
INSERT INTO public.resource (id, url, format, description, "position", revision_id, hash, state, extras, name, resource_type, mimetype, mimetype_inner, size, last_modified, cache_url, cache_last_updated, webstore_url, webstore_last_updated, created, url_type, package_id) VALUES ('8b7d278e-d7c7-45f9-8e4b-9829a39beb94', 'https://vital-stepsdata.org/dataset/e06d5766-d134-45a4-9079-82b9875b907a/resource/8b7d278e-d7c7-45f9-8e4b-9829a39beb94/download/steps_portal_diet_vn.csv', 'CSV', '', 1, '7102f818-54ea-413e-85ba-b50ad6a07672', '', 'active', '{"datastore_active": true}', 'STEPS Diet Data Viet Nam', NULL, 'text/csv', NULL, NULL, '2021-01-28 15:38:43.894172', NULL, NULL, NULL, NULL, '2021-01-21 01:18:14.282859', 'upload', 'e06d5766-d134-45a4-9079-82b9875b907a');
INSERT INTO public.resource (id, url, format, description, "position", revision_id, hash, state, extras, name, resource_type, mimetype, mimetype_inner, size, last_modified, cache_url, cache_last_updated, webstore_url, webstore_last_updated, created, url_type, package_id) VALUES ('7359dc1d-a43c-4152-bf87-dd6401088505', 'https://vital-stepsdata.org/dataset/dde4d112-f458-4630-96ec-e4dc7ded854d/resource/7359dc1d-a43c-4152-bf87-dd6401088505/download/steps_portal_hypertension_vn.csv', 'CSV', '', 1, 'f499bed2-3db1-4428-9aae-6845b1093f74', '', 'active', '{"datastore_active": true}', 'STEPS Hypertension Data Viet Nam', NULL, 'text/csv', NULL, NULL, '2021-01-28 15:39:00.490919', NULL, NULL, NULL, NULL, '2021-01-21 01:18:53.900641', 'upload', 'dde4d112-f458-4630-96ec-e4dc7ded854d');
INSERT INTO public.resource (id, url, format, description, "position", revision_id, hash, state, extras, name, resource_type, mimetype, mimetype_inner, size, last_modified, cache_url, cache_last_updated, webstore_url, webstore_last_updated, created, url_type, package_id) VALUES ('ebc56be4-8271-498b-bb6a-f7011ae5b3cf', 'https://vital-stepsdata.org/dataset/a9a21387-1e16-43e2-802a-18c6febba6af/resource/ebc56be4-8271-498b-bb6a-f7011ae5b3cf/download/steps_portal_obesity_vn.csv', 'CSV', '', 1, '62cc2cc1-deed-4903-8942-ccab8e2b555e', '', 'active', '{"datastore_active": true}', 'STEPS Obesity Data Viet Nam', NULL, 'text/csv', NULL, NULL, '2021-01-28 15:39:17.849714', NULL, NULL, NULL, NULL, '2021-01-21 01:19:58.002839', 'upload', 'a9a21387-1e16-43e2-802a-18c6febba6af');
INSERT INTO public.resource (id, url, format, description, "position", revision_id, hash, state, extras, name, resource_type, mimetype, mimetype_inner, size, last_modified, cache_url, cache_last_updated, webstore_url, webstore_last_updated, created, url_type, package_id) VALUES ('63cdb7a4-9ecf-4d55-a795-4d1a4756166d', 'https://vital-stepsdata.org/dataset/4ff5d87a-d222-47ea-8400-f1f65b13fad5/resource/63cdb7a4-9ecf-4d55-a795-4d1a4756166d/download/steps_portal_others_vn.csv', 'CSV', '', 1, 'bc7c82cb-8766-4632-8b8c-2b23d32df560', '', 'active', '{"datastore_active": true}', 'STEPS Other Data Viet Nam', NULL, 'text/csv', NULL, NULL, '2021-01-28 15:40:19.400213', NULL, NULL, NULL, NULL, '2021-01-21 01:19:24.651608', 'upload', '4ff5d87a-d222-47ea-8400-f1f65b13fad5');
INSERT INTO public.resource (id, url, format, description, "position", revision_id, hash, state, extras, name, resource_type, mimetype, mimetype_inner, size, last_modified, cache_url, cache_last_updated, webstore_url, webstore_last_updated, created, url_type, package_id) VALUES ('bd2b92f0-2e53-433f-8103-2e29c7082cff', 'https://vital-stepsdata.org/en/dataset/5903a1ce-550f-4981-9142-d17fa0c7d454/resource/bd2b92f0-2e53-433f-8103-2e29c7082cff/download/steps_portal_tobacco.csv', 'CSV', '', 0, '93ff3a47-1f5e-4d6b-8cd5-9a566c8d7ce6', '', 'active', '{"datastore_active": true}', 'STEPS Tobacco Data', NULL, 'text/csv', NULL, NULL, '2020-12-09 15:57:56.299659', NULL, NULL, NULL, NULL, '2020-11-18 18:46:08.881282', 'upload', '5903a1ce-550f-4981-9142-d17fa0c7d454');
INSERT INTO public.resource (id, url, format, description, "position", revision_id, hash, state, extras, name, resource_type, mimetype, mimetype_inner, size, last_modified, cache_url, cache_last_updated, webstore_url, webstore_last_updated, created, url_type, package_id) VALUES ('ac98ee9a-0193-49ed-b0c3-c6d2b9a9090e', 'https://vital-stepsdata.org/dataset/7e8c592f-22df-4b5d-8166-0c7188af052c/resource/ac98ee9a-0193-49ed-b0c3-c6d2b9a9090e/download/steps_portal_alcohol.csv', 'CSV', '', 0, '552c1f01-53cc-42ac-b866-1181fc1bc123', '', 'active', '{"datastore_active": true}', 'STEPS Alcohol Data', NULL, 'text/csv', NULL, NULL, '2021-01-05 18:12:35.141966', NULL, NULL, NULL, NULL, '2020-11-18 18:42:44.504162', 'upload', '7e8c592f-22df-4b5d-8166-0c7188af052c');
INSERT INTO public.resource (id, url, format, description, "position", revision_id, hash, state, extras, name, resource_type, mimetype, mimetype_inner, size, last_modified, cache_url, cache_last_updated, webstore_url, webstore_last_updated, created, url_type, package_id) VALUES ('c298ca18-2944-4484-a484-3025f24b3c5c', 'https://vital-stepsdata.org/dataset/088d4d99-0a46-47b5-adc5-e0742fa31389/resource/c298ca18-2944-4484-a484-3025f24b3c5c/download/steps_portal_diabetes_time.csv', 'CSV', '', 0, '9dd74ffe-11cc-46c9-b764-9d6cdef056d5', '', 'active', '{"datastore_active": true}', 'STEPS Diabetes Data', NULL, 'text/csv', NULL, NULL, '2021-01-06 17:37:42.08582', NULL, NULL, NULL, NULL, '2020-12-17 19:59:06.190904', 'upload', '088d4d99-0a46-47b5-adc5-e0742fa31389');
INSERT INTO public.resource (id, url, format, description, "position", revision_id, hash, state, extras, name, resource_type, mimetype, mimetype_inner, size, last_modified, cache_url, cache_last_updated, webstore_url, webstore_last_updated, created, url_type, package_id) VALUES ('0bb6a5ce-4d1d-4e77-973c-afe062c8dcc8', 'https://vital-stepsdata.org/dataset/dde4d112-f458-4630-96ec-e4dc7ded854d/resource/0bb6a5ce-4d1d-4e77-973c-afe062c8dcc8/download/steps_portal_hypertension.csv', 'CSV', '', 0, '482b3456-2156-4282-83ff-04ca35abec9b', '', 'active', '{"datastore_active": true}', 'STEPS Hypertension Data', NULL, 'text/csv', NULL, NULL, '2020-12-15 18:32:24.301102', NULL, NULL, NULL, NULL, '2020-11-18 18:48:25.3744', 'upload', 'dde4d112-f458-4630-96ec-e4dc7ded854d');
INSERT INTO public.resource (id, url, format, description, "position", revision_id, hash, state, extras, name, resource_type, mimetype, mimetype_inner, size, last_modified, cache_url, cache_last_updated, webstore_url, webstore_last_updated, created, url_type, package_id) VALUES ('f0f749d3-25f4-4f4f-9a24-7277d68d5d24', 'https://vital-stepsdata.org/dataset/4ff5d87a-d222-47ea-8400-f1f65b13fad5/resource/f0f749d3-25f4-4f4f-9a24-7277d68d5d24/download/steps_portal_others.csv', 'CSV', '', 0, '3e005203-a338-4fe4-a259-61c8863b8279', '', 'active', '{"datastore_active": true}', 'STEPS Other STEPS Data', NULL, 'text/csv', NULL, NULL, '2020-12-15 18:30:57.936539', NULL, NULL, NULL, NULL, '2020-11-19 15:06:11.842115', 'upload', '4ff5d87a-d222-47ea-8400-f1f65b13fad5');
INSERT INTO public.resource (id, url, format, description, "position", revision_id, hash, state, extras, name, resource_type, mimetype, mimetype_inner, size, last_modified, cache_url, cache_last_updated, webstore_url, webstore_last_updated, created, url_type, package_id) VALUES ('4e007771-3f88-414e-abf5-85fa324cd5ef', 'https://vital-stepsdata.org/dataset/a9a21387-1e16-43e2-802a-18c6febba6af/resource/4e007771-3f88-414e-abf5-85fa324cd5ef/download/steps_portal_obesity.csv', 'CSV', '', 0, '1ba3fb6f-62b8-4a59-b5d5-462a6f947104', '', 'active', '{"datastore_active": true}', 'STEPS Obesity Data', NULL, 'text/csv', NULL, NULL, '2020-12-15 18:30:41.616342', NULL, NULL, NULL, NULL, '2020-11-19 15:07:17.741697', 'upload', 'a9a21387-1e16-43e2-802a-18c6febba6af');
INSERT INTO public.resource (id, url, format, description, "position", revision_id, hash, state, extras, name, resource_type, mimetype, mimetype_inner, size, last_modified, cache_url, cache_last_updated, webstore_url, webstore_last_updated, created, url_type, package_id) VALUES ('7e41b140-d68d-4f95-84ef-99026798d63e', 'https://vital-stepsdata.org/dataset/7e8c592f-22df-4b5d-8166-0c7188af052c/resource/7e41b140-d68d-4f95-84ef-99026798d63e/download/steps_portal_alcohol_vn.csv', 'CSV', '', 1, '552c1f01-53cc-42ac-b866-1181fc1bc123', '', 'active', '{"datastore_active": true}', 'STEPS Alcohol Data Viet Nam', NULL, 'text/csv', NULL, NULL, '2021-01-21 03:40:57.382843', NULL, NULL, NULL, NULL, '2021-01-20 17:10:36.725774', 'upload', '7e8c592f-22df-4b5d-8166-0c7188af052c');
INSERT INTO public.resource (id, url, format, description, "position", revision_id, hash, state, extras, name, resource_type, mimetype, mimetype_inner, size, last_modified, cache_url, cache_last_updated, webstore_url, webstore_last_updated, created, url_type, package_id) VALUES ('10f93403-63aa-453e-8090-186b1915f5bd', 'https://vital-stepsdata.org/dataset/4cef2643-9fcd-4d16-9a9a-78b23d6c2699/resource/10f93403-63aa-453e-8090-186b1915f5bd/download/steps_portal_physical_vn.csv', 'CSV', '', 1, '0f170efa-b3bd-4311-9470-e35018016821', '', 'active', '{"datastore_active": true}', 'STEPS Physical Activity Viet Nam', NULL, 'text/csv', NULL, NULL, '2021-01-28 15:39:32.634558', NULL, NULL, NULL, NULL, '2021-01-21 01:20:37.110374', 'upload', '4cef2643-9fcd-4d16-9a9a-78b23d6c2699');
INSERT INTO public.resource (id, url, format, description, "position", revision_id, hash, state, extras, name, resource_type, mimetype, mimetype_inner, size, last_modified, cache_url, cache_last_updated, webstore_url, webstore_last_updated, created, url_type, package_id) VALUES ('9fceacf5-e2a0-4632-b66c-fafd324f4b18', 'https://vital-stepsdata.org/en/dataset/5903a1ce-550f-4981-9142-d17fa0c7d454/resource/9fceacf5-e2a0-4632-b66c-fafd324f4b18/download/steps_portal_tobacco_bd.csv', 'CSV', '', 1, '93ff3a47-1f5e-4d6b-8cd5-9a566c8d7ce6', '', 'active', '{"datastore_active": true}', 'STEPS Tobacco Data Bangladesh', NULL, 'text/csv', NULL, NULL, '2021-01-28 15:40:04.840229', NULL, NULL, NULL, NULL, '2021-01-28 15:40:04.859427', 'upload', '5903a1ce-550f-4981-9142-d17fa0c7d454');


--
-- Data for Name: resource_revision; Type: TABLE DATA; Schema: public; Owner: ckan
--

INSERT INTO public.resource_revision (id, url, format, description, "position", revision_id, continuity_id, hash, state, extras, expired_id, revision_timestamp, expired_timestamp, current, name, resource_type, mimetype, mimetype_inner, size, last_modified, cache_url, cache_last_updated, webstore_url, webstore_last_updated, created, url_type, package_id) VALUES ('ac98ee9a-0193-49ed-b0c3-c6d2b9a9090e', 'steps_portal_alcohol.csv', 'CSV', '', 0, 'f908ce21-e836-41cb-a98e-035171628325', 'ac98ee9a-0193-49ed-b0c3-c6d2b9a9090e', '', 'active', NULL, NULL, '2020-11-18 18:42:44.491943', '2020-11-18 18:42:45.205305', NULL, 'STEPS_Portal_Alcohol', NULL, 'text/csv', NULL, NULL, '2020-11-18 18:42:44.483842', NULL, NULL, NULL, NULL, '2020-11-18 18:42:44.504162', 'upload', '7e8c592f-22df-4b5d-8166-0c7188af052c');
INSERT INTO public.resource_revision (id, url, format, description, "position", revision_id, continuity_id, hash, state, extras, expired_id, revision_timestamp, expired_timestamp, current, name, resource_type, mimetype, mimetype_inner, size, last_modified, cache_url, cache_last_updated, webstore_url, webstore_last_updated, created, url_type, package_id) VALUES ('ac98ee9a-0193-49ed-b0c3-c6d2b9a9090e', 'https://vital-stepsdata.org/dataset/7e8c592f-22df-4b5d-8166-0c7188af052c/resource/ac98ee9a-0193-49ed-b0c3-c6d2b9a9090e/download/steps_portal_alcohol.csv', 'CSV', '', 0, 'a1e7d2f9-dc39-4d79-bd86-dae882200852', 'ac98ee9a-0193-49ed-b0c3-c6d2b9a9090e', '', 'active', '{"datastore_active": true}', NULL, '2020-11-25 14:04:59.439913', '2020-12-03 15:44:19.821624', NULL, 'STEPS Alcohol Data', NULL, 'text/csv', NULL, NULL, '2020-11-19 19:37:41.56882', NULL, NULL, NULL, NULL, '2020-11-18 18:42:44.504162', 'upload', '7e8c592f-22df-4b5d-8166-0c7188af052c');
INSERT INTO public.resource_revision (id, url, format, description, "position", revision_id, continuity_id, hash, state, extras, expired_id, revision_timestamp, expired_timestamp, current, name, resource_type, mimetype, mimetype_inner, size, last_modified, cache_url, cache_last_updated, webstore_url, webstore_last_updated, created, url_type, package_id) VALUES ('ac98ee9a-0193-49ed-b0c3-c6d2b9a9090e', 'https://vital-stepsdata.org/dataset/7e8c592f-22df-4b5d-8166-0c7188af052c/resource/ac98ee9a-0193-49ed-b0c3-c6d2b9a9090e/download/steps_portal_alcohol.csv', 'CSV', '', 0, '066d209d-fdb4-42ba-8a50-2b10ddbb9197', 'ac98ee9a-0193-49ed-b0c3-c6d2b9a9090e', '', 'active', '{"datastore_active": false}', NULL, '2020-11-18 18:42:45.205305', '2020-11-18 18:44:58.271768', NULL, 'STEPS_Portal_Alcohol', NULL, 'text/csv', NULL, NULL, '2020-11-18 18:42:44.483842', NULL, NULL, NULL, NULL, '2020-11-18 18:42:44.504162', 'upload', '7e8c592f-22df-4b5d-8166-0c7188af052c');
INSERT INTO public.resource_revision (id, url, format, description, "position", revision_id, continuity_id, hash, state, extras, expired_id, revision_timestamp, expired_timestamp, current, name, resource_type, mimetype, mimetype_inner, size, last_modified, cache_url, cache_last_updated, webstore_url, webstore_last_updated, created, url_type, package_id) VALUES ('bd2b92f0-2e53-433f-8103-2e29c7082cff', 'steps_portal_tobacco.csv', 'CSV', '', 0, '0915fdd6-30f1-43bd-842e-5493685f18dc', 'bd2b92f0-2e53-433f-8103-2e29c7082cff', '', 'active', NULL, NULL, '2020-11-18 18:46:08.869923', '2020-11-18 18:46:09.34049', NULL, 'STEPS Tobacco Data', NULL, 'text/csv', NULL, NULL, '2020-11-18 18:46:08.860148', NULL, NULL, NULL, NULL, '2020-11-18 18:46:08.881282', 'upload', '5903a1ce-550f-4981-9142-d17fa0c7d454');
INSERT INTO public.resource_revision (id, url, format, description, "position", revision_id, continuity_id, hash, state, extras, expired_id, revision_timestamp, expired_timestamp, current, name, resource_type, mimetype, mimetype_inner, size, last_modified, cache_url, cache_last_updated, webstore_url, webstore_last_updated, created, url_type, package_id) VALUES ('0bb6a5ce-4d1d-4e77-973c-afe062c8dcc8', 'steps_portal_hypertension.csv', 'CSV', '', 0, '07488fcf-a553-4aef-a39c-17e44d58f870', '0bb6a5ce-4d1d-4e77-973c-afe062c8dcc8', '', 'active', NULL, NULL, '2020-11-18 18:48:25.366232', '2020-11-18 18:48:25.876433', NULL, 'STEPS Hypertension Data', NULL, 'text/csv', NULL, NULL, '2020-11-18 18:48:25.358507', NULL, NULL, NULL, NULL, '2020-11-18 18:48:25.3744', 'upload', 'dde4d112-f458-4630-96ec-e4dc7ded854d');
INSERT INTO public.resource_revision (id, url, format, description, "position", revision_id, continuity_id, hash, state, extras, expired_id, revision_timestamp, expired_timestamp, current, name, resource_type, mimetype, mimetype_inner, size, last_modified, cache_url, cache_last_updated, webstore_url, webstore_last_updated, created, url_type, package_id) VALUES ('d515cca7-612f-4840-8b07-14277146ef99', 'steps_portal_cholesterol.csv', 'CSV', '', 0, 'b8fd176d-a01b-48c4-a647-cd1b2f9b990f', 'd515cca7-612f-4840-8b07-14277146ef99', '', 'active', NULL, NULL, '2020-11-19 15:02:44.440956', '2020-11-19 15:02:44.868381', NULL, 'STEPS Cholesterol Data', NULL, 'text/csv', NULL, NULL, '2020-11-19 15:02:44.431288', NULL, NULL, NULL, NULL, '2020-11-19 15:02:44.450957', 'upload', '907d2d06-083a-4d53-907b-45766a5253e1');
INSERT INTO public.resource_revision (id, url, format, description, "position", revision_id, continuity_id, hash, state, extras, expired_id, revision_timestamp, expired_timestamp, current, name, resource_type, mimetype, mimetype_inner, size, last_modified, cache_url, cache_last_updated, webstore_url, webstore_last_updated, created, url_type, package_id) VALUES ('16e484b9-1e6e-4527-a0e6-a50abf9ca0c7', 'steps_portal_diabetes.csv', 'CSV', '', 0, '66108e41-a8bd-4cd1-aede-3d7d200a77cd', '16e484b9-1e6e-4527-a0e6-a50abf9ca0c7', '', 'active', NULL, NULL, '2020-11-19 15:03:39.219216', '2020-11-19 15:03:39.761739', NULL, 'STEPS Diabetes Data', NULL, 'text/csv', NULL, NULL, '2020-11-19 15:03:39.211619', NULL, NULL, NULL, NULL, '2020-11-19 15:03:39.228569', 'upload', '088d4d99-0a46-47b5-adc5-e0742fa31389');
INSERT INTO public.resource_revision (id, url, format, description, "position", revision_id, continuity_id, hash, state, extras, expired_id, revision_timestamp, expired_timestamp, current, name, resource_type, mimetype, mimetype_inner, size, last_modified, cache_url, cache_last_updated, webstore_url, webstore_last_updated, created, url_type, package_id) VALUES ('d7271660-0dfc-4ab6-b30b-c7b3118db3d2', 'steps_portal_diet.csv', 'CSV', '', 0, '1ea05ee2-bc62-4a18-85dd-6730f360b845', 'd7271660-0dfc-4ab6-b30b-c7b3118db3d2', '', 'active', NULL, NULL, '2020-11-19 15:05:10.62524', '2020-11-19 15:05:11.225547', NULL, 'STEPS Diet Data', NULL, 'text/csv', NULL, NULL, '2020-11-19 15:05:10.613758', NULL, NULL, NULL, NULL, '2020-11-19 15:05:10.638455', 'upload', 'e06d5766-d134-45a4-9079-82b9875b907a');
INSERT INTO public.resource_revision (id, url, format, description, "position", revision_id, continuity_id, hash, state, extras, expired_id, revision_timestamp, expired_timestamp, current, name, resource_type, mimetype, mimetype_inner, size, last_modified, cache_url, cache_last_updated, webstore_url, webstore_last_updated, created, url_type, package_id) VALUES ('f0f749d3-25f4-4f4f-9a24-7277d68d5d24', 'steps_portal_others.csv', 'CSV', '', 0, '577c6af3-cf1a-46cc-ae39-ee039b7dfa5b', 'f0f749d3-25f4-4f4f-9a24-7277d68d5d24', '', 'active', NULL, NULL, '2020-11-19 15:06:11.829358', '2020-11-19 15:06:12.3084', NULL, 'STEPS Other STEPS Data', NULL, 'text/csv', NULL, NULL, '2020-11-19 15:06:11.821058', NULL, NULL, NULL, NULL, '2020-11-19 15:06:11.842115', 'upload', '4ff5d87a-d222-47ea-8400-f1f65b13fad5');
INSERT INTO public.resource_revision (id, url, format, description, "position", revision_id, continuity_id, hash, state, extras, expired_id, revision_timestamp, expired_timestamp, current, name, resource_type, mimetype, mimetype_inner, size, last_modified, cache_url, cache_last_updated, webstore_url, webstore_last_updated, created, url_type, package_id) VALUES ('4e007771-3f88-414e-abf5-85fa324cd5ef', 'steps_portal_obesity.csv', 'CSV', '', 0, 'ec39d874-0bf7-4d59-bead-977817448797', '4e007771-3f88-414e-abf5-85fa324cd5ef', '', 'active', NULL, NULL, '2020-11-19 15:07:17.732285', '2020-11-19 15:07:18.208598', NULL, 'STEPS Obesity Data', NULL, 'text/csv', NULL, NULL, '2020-11-19 15:07:17.724242', NULL, NULL, NULL, NULL, '2020-11-19 15:07:17.741697', 'upload', 'a9a21387-1e16-43e2-802a-18c6febba6af');
INSERT INTO public.resource_revision (id, url, format, description, "position", revision_id, continuity_id, hash, state, extras, expired_id, revision_timestamp, expired_timestamp, current, name, resource_type, mimetype, mimetype_inner, size, last_modified, cache_url, cache_last_updated, webstore_url, webstore_last_updated, created, url_type, package_id) VALUES ('ac98ee9a-0193-49ed-b0c3-c6d2b9a9090e', 'steps_portal_alcohol.csv', 'CSV', '', 0, '5248fa6d-900e-458e-9ef6-d0333cb1e0a0', 'ac98ee9a-0193-49ed-b0c3-c6d2b9a9090e', '', 'active', '{"datastore_active": true}', NULL, '2020-11-18 18:44:58.271768', '2020-11-19 15:40:54.825449', NULL, 'STEPS Alcohol Data', NULL, 'text/csv', NULL, NULL, '2020-11-18 18:42:44.483842', NULL, NULL, NULL, NULL, '2020-11-18 18:42:44.504162', 'upload', '7e8c592f-22df-4b5d-8166-0c7188af052c');
INSERT INTO public.resource_revision (id, url, format, description, "position", revision_id, continuity_id, hash, state, extras, expired_id, revision_timestamp, expired_timestamp, current, name, resource_type, mimetype, mimetype_inner, size, last_modified, cache_url, cache_last_updated, webstore_url, webstore_last_updated, created, url_type, package_id) VALUES ('d515cca7-612f-4840-8b07-14277146ef99', 'https://vital-stepsdata.org/dataset/907d2d06-083a-4d53-907b-45766a5253e1/resource/d515cca7-612f-4840-8b07-14277146ef99/download/steps_portal_cholesterol.csv', 'CSV', '', 0, '5c21aa0f-5588-45f3-841f-e58532a917da', 'd515cca7-612f-4840-8b07-14277146ef99', '', 'active', '{"datastore_active": false}', NULL, '2020-11-19 15:02:44.868381', '2020-11-19 19:37:23.865862', NULL, 'STEPS Cholesterol Data', NULL, 'text/csv', NULL, NULL, '2020-11-19 15:02:44.431288', NULL, NULL, NULL, NULL, '2020-11-19 15:02:44.450957', 'upload', '907d2d06-083a-4d53-907b-45766a5253e1');
INSERT INTO public.resource_revision (id, url, format, description, "position", revision_id, continuity_id, hash, state, extras, expired_id, revision_timestamp, expired_timestamp, current, name, resource_type, mimetype, mimetype_inner, size, last_modified, cache_url, cache_last_updated, webstore_url, webstore_last_updated, created, url_type, package_id) VALUES ('bd2b92f0-2e53-433f-8103-2e29c7082cff', 'https://vital-stepsdata.org/dataset/5903a1ce-550f-4981-9142-d17fa0c7d454/resource/bd2b92f0-2e53-433f-8103-2e29c7082cff/download/steps_portal_tobacco.csv', 'CSV', '', 0, 'edf5527c-fa6a-4901-bc3d-bc24f5029cf6', 'bd2b92f0-2e53-433f-8103-2e29c7082cff', '', 'active', '{"datastore_active": false}', NULL, '2020-11-18 18:46:09.34049', '2020-11-19 19:37:58.432242', NULL, 'STEPS Tobacco Data', NULL, 'text/csv', NULL, NULL, '2020-11-18 18:46:08.860148', NULL, NULL, NULL, NULL, '2020-11-18 18:46:08.881282', 'upload', '5903a1ce-550f-4981-9142-d17fa0c7d454');
INSERT INTO public.resource_revision (id, url, format, description, "position", revision_id, continuity_id, hash, state, extras, expired_id, revision_timestamp, expired_timestamp, current, name, resource_type, mimetype, mimetype_inner, size, last_modified, cache_url, cache_last_updated, webstore_url, webstore_last_updated, created, url_type, package_id) VALUES ('afac1e1a-fa53-485c-8059-05ab40e9a148', 'https://vital-stepsdata.org/dataset/4cef2643-9fcd-4d16-9a9a-78b23d6c2699/resource/afac1e1a-fa53-485c-8059-05ab40e9a148/download/steps_portal_physical.csv', 'CSV', '', 0, '86f093f0-55a0-48de-b99e-3423b390e18a', 'afac1e1a-fa53-485c-8059-05ab40e9a148', '', 'active', '{"datastore_active": false}', NULL, '2020-11-19 15:08:15.684829', '2020-11-19 19:38:12.310176', NULL, 'STEPS Physical Activity Data', NULL, 'text/csv', NULL, NULL, '2020-11-19 15:08:15.037808', NULL, NULL, NULL, NULL, '2020-11-19 15:08:15.055826', 'upload', '4cef2643-9fcd-4d16-9a9a-78b23d6c2699');
INSERT INTO public.resource_revision (id, url, format, description, "position", revision_id, continuity_id, hash, state, extras, expired_id, revision_timestamp, expired_timestamp, current, name, resource_type, mimetype, mimetype_inner, size, last_modified, cache_url, cache_last_updated, webstore_url, webstore_last_updated, created, url_type, package_id) VALUES ('4e007771-3f88-414e-abf5-85fa324cd5ef', 'https://vital-stepsdata.org/dataset/a9a21387-1e16-43e2-802a-18c6febba6af/resource/4e007771-3f88-414e-abf5-85fa324cd5ef/download/steps_portal_obesity.csv', 'CSV', '', 0, '32f6bcae-44e2-4d90-87f5-702be924004a', '4e007771-3f88-414e-abf5-85fa324cd5ef', '', 'active', '{"datastore_active": false}', NULL, '2020-11-19 15:07:18.208598', '2020-11-19 19:38:32.373376', NULL, 'STEPS Obesity Data', NULL, 'text/csv', NULL, NULL, '2020-11-19 15:07:17.724242', NULL, NULL, NULL, NULL, '2020-11-19 15:07:17.741697', 'upload', 'a9a21387-1e16-43e2-802a-18c6febba6af');
INSERT INTO public.resource_revision (id, url, format, description, "position", revision_id, continuity_id, hash, state, extras, expired_id, revision_timestamp, expired_timestamp, current, name, resource_type, mimetype, mimetype_inner, size, last_modified, cache_url, cache_last_updated, webstore_url, webstore_last_updated, created, url_type, package_id) VALUES ('f0f749d3-25f4-4f4f-9a24-7277d68d5d24', 'https://vital-stepsdata.org/dataset/4ff5d87a-d222-47ea-8400-f1f65b13fad5/resource/f0f749d3-25f4-4f4f-9a24-7277d68d5d24/download/steps_portal_others.csv', 'CSV', '', 0, '9b0dc543-2a96-4e93-8c09-f43c76ba3886', 'f0f749d3-25f4-4f4f-9a24-7277d68d5d24', '', 'active', '{"datastore_active": false}', NULL, '2020-11-19 15:06:12.3084', '2020-11-19 19:40:22.213992', NULL, 'STEPS Other STEPS Data', NULL, 'text/csv', NULL, NULL, '2020-11-19 15:06:11.821058', NULL, NULL, NULL, NULL, '2020-11-19 15:06:11.842115', 'upload', '4ff5d87a-d222-47ea-8400-f1f65b13fad5');
INSERT INTO public.resource_revision (id, url, format, description, "position", revision_id, continuity_id, hash, state, extras, expired_id, revision_timestamp, expired_timestamp, current, name, resource_type, mimetype, mimetype_inner, size, last_modified, cache_url, cache_last_updated, webstore_url, webstore_last_updated, created, url_type, package_id) VALUES ('d7271660-0dfc-4ab6-b30b-c7b3118db3d2', 'https://vital-stepsdata.org/dataset/e06d5766-d134-45a4-9079-82b9875b907a/resource/d7271660-0dfc-4ab6-b30b-c7b3118db3d2/download/steps_portal_diet.csv', 'CSV', '', 0, '89db609e-1249-4c63-88c9-7b09ea94d048', 'd7271660-0dfc-4ab6-b30b-c7b3118db3d2', '', 'active', '{"datastore_active": false}', NULL, '2020-11-19 15:05:11.225547', '2020-11-19 19:40:36.40111', NULL, 'STEPS Diet Data', NULL, 'text/csv', NULL, NULL, '2020-11-19 15:05:10.613758', NULL, NULL, NULL, NULL, '2020-11-19 15:05:10.638455', 'upload', 'e06d5766-d134-45a4-9079-82b9875b907a');
INSERT INTO public.resource_revision (id, url, format, description, "position", revision_id, continuity_id, hash, state, extras, expired_id, revision_timestamp, expired_timestamp, current, name, resource_type, mimetype, mimetype_inner, size, last_modified, cache_url, cache_last_updated, webstore_url, webstore_last_updated, created, url_type, package_id) VALUES ('16e484b9-1e6e-4527-a0e6-a50abf9ca0c7', 'https://vital-stepsdata.org/dataset/088d4d99-0a46-47b5-adc5-e0742fa31389/resource/16e484b9-1e6e-4527-a0e6-a50abf9ca0c7/download/steps_portal_diabetes.csv', 'CSV', '', 0, '423e14f7-7d21-4a1c-92ba-455bdf2b118e', '16e484b9-1e6e-4527-a0e6-a50abf9ca0c7', '', 'active', '{"datastore_active": false}', NULL, '2020-11-19 15:03:39.761739', '2020-11-19 19:40:55.908582', NULL, 'STEPS Diabetes Data', NULL, 'text/csv', NULL, NULL, '2020-11-19 15:03:39.211619', NULL, NULL, NULL, NULL, '2020-11-19 15:03:39.228569', 'upload', '088d4d99-0a46-47b5-adc5-e0742fa31389');
INSERT INTO public.resource_revision (id, url, format, description, "position", revision_id, continuity_id, hash, state, extras, expired_id, revision_timestamp, expired_timestamp, current, name, resource_type, mimetype, mimetype_inner, size, last_modified, cache_url, cache_last_updated, webstore_url, webstore_last_updated, created, url_type, package_id) VALUES ('0bb6a5ce-4d1d-4e77-973c-afe062c8dcc8', 'https://vital-stepsdata.org/dataset/dde4d112-f458-4630-96ec-e4dc7ded854d/resource/0bb6a5ce-4d1d-4e77-973c-afe062c8dcc8/download/steps_portal_hypertension.csv', 'CSV', '', 0, '4d42074a-8bb1-4b8c-bcb2-ba622242dd81', '0bb6a5ce-4d1d-4e77-973c-afe062c8dcc8', '', 'active', '{"datastore_active": false}', NULL, '2020-11-18 18:48:25.876433', '2020-11-19 19:41:13.046276', NULL, 'STEPS Hypertension Data', NULL, 'text/csv', NULL, NULL, '2020-11-18 18:48:25.358507', NULL, NULL, NULL, NULL, '2020-11-18 18:48:25.3744', 'upload', 'dde4d112-f458-4630-96ec-e4dc7ded854d');
INSERT INTO public.resource_revision (id, url, format, description, "position", revision_id, continuity_id, hash, state, extras, expired_id, revision_timestamp, expired_timestamp, current, name, resource_type, mimetype, mimetype_inner, size, last_modified, cache_url, cache_last_updated, webstore_url, webstore_last_updated, created, url_type, package_id) VALUES ('afac1e1a-fa53-485c-8059-05ab40e9a148', 'steps_portal_physical.csv', 'CSV', '', 0, '78f54e23-1450-465b-8054-60d5ede4df79', 'afac1e1a-fa53-485c-8059-05ab40e9a148', '', 'active', NULL, NULL, '2020-11-19 15:08:15.045907', '2020-11-19 15:08:15.684829', NULL, 'STEPS Physical Activity Data', NULL, 'text/csv', NULL, NULL, '2020-11-19 15:08:15.037808', NULL, NULL, NULL, NULL, '2020-11-19 15:08:15.055826', 'upload', '4cef2643-9fcd-4d16-9a9a-78b23d6c2699');
INSERT INTO public.resource_revision (id, url, format, description, "position", revision_id, continuity_id, hash, state, extras, expired_id, revision_timestamp, expired_timestamp, current, name, resource_type, mimetype, mimetype_inner, size, last_modified, cache_url, cache_last_updated, webstore_url, webstore_last_updated, created, url_type, package_id) VALUES ('ac98ee9a-0193-49ed-b0c3-c6d2b9a9090e', 'steps_portal_alcohol.csv', 'CSV', '', 0, 'da951f6d-f405-47eb-b4e2-d00da57adf48', 'ac98ee9a-0193-49ed-b0c3-c6d2b9a9090e', '', 'active', '{"datastore_active": true}', NULL, '2020-11-19 19:37:41.576081', '2020-11-25 14:04:59.439913', NULL, 'STEPS Alcohol Data', NULL, 'text/csv', NULL, NULL, '2020-11-19 19:37:41.56882', NULL, NULL, NULL, NULL, '2020-11-18 18:42:44.504162', 'upload', '7e8c592f-22df-4b5d-8166-0c7188af052c');
INSERT INTO public.resource_revision (id, url, format, description, "position", revision_id, continuity_id, hash, state, extras, expired_id, revision_timestamp, expired_timestamp, current, name, resource_type, mimetype, mimetype_inner, size, last_modified, cache_url, cache_last_updated, webstore_url, webstore_last_updated, created, url_type, package_id) VALUES ('7359dc1d-a43c-4152-bf87-dd6401088505', 'https://vital-stepsdata.org/dataset/dde4d112-f458-4630-96ec-e4dc7ded854d/resource/7359dc1d-a43c-4152-bf87-dd6401088505/download/steps_portal_hypertension_vn.csv', 'CSV', '', 1, 'f499bed2-3db1-4428-9aae-6845b1093f74', '7359dc1d-a43c-4152-bf87-dd6401088505', '', 'active', '{"datastore_active": true}', NULL, '2021-02-03 02:47:21.117782', '9999-12-31 00:00:00', NULL, 'STEPS Hypertension Data Viet Nam', NULL, 'text/csv', NULL, NULL, '2021-01-28 15:39:00.490919', NULL, NULL, NULL, NULL, '2021-01-21 01:18:53.900641', 'upload', 'dde4d112-f458-4630-96ec-e4dc7ded854d');
INSERT INTO public.resource_revision (id, url, format, description, "position", revision_id, continuity_id, hash, state, extras, expired_id, revision_timestamp, expired_timestamp, current, name, resource_type, mimetype, mimetype_inner, size, last_modified, cache_url, cache_last_updated, webstore_url, webstore_last_updated, created, url_type, package_id) VALUES ('ac98ee9a-0193-49ed-b0c3-c6d2b9a9090e', 'https://vital-stepsdata.org/dataset/7e8c592f-22df-4b5d-8166-0c7188af052c/resource/ac98ee9a-0193-49ed-b0c3-c6d2b9a9090e/download/steps_portal_alcohol.csv', 'CSV', '', 0, '50ee1324-e54e-4573-9d87-cd765626fdb6', 'ac98ee9a-0193-49ed-b0c3-c6d2b9a9090e', '', 'active', '{"datastore_active": true}', NULL, '2020-11-19 15:40:54.825449', '2020-11-19 15:54:57.800101', NULL, 'STEPS Alcohol Data', NULL, 'text/csv', NULL, NULL, '2020-11-18 18:42:44.483842', NULL, NULL, NULL, NULL, '2020-11-18 18:42:44.504162', 'upload', '7e8c592f-22df-4b5d-8166-0c7188af052c');
INSERT INTO public.resource_revision (id, url, format, description, "position", revision_id, continuity_id, hash, state, extras, expired_id, revision_timestamp, expired_timestamp, current, name, resource_type, mimetype, mimetype_inner, size, last_modified, cache_url, cache_last_updated, webstore_url, webstore_last_updated, created, url_type, package_id) VALUES ('d515cca7-612f-4840-8b07-14277146ef99', 'steps_portal_cholesterol.csv', 'CSV', '', 0, '3396e179-d63f-4f09-b263-0fd48ec4230e', 'd515cca7-612f-4840-8b07-14277146ef99', '', 'active', '{"datastore_active": true}', NULL, '2020-11-19 19:37:23.865862', '2020-12-01 15:11:16.27276', NULL, 'STEPS Cholesterol Data', NULL, 'text/csv', NULL, NULL, '2020-11-19 19:37:23.854029', NULL, NULL, NULL, NULL, '2020-11-19 15:02:44.450957', 'upload', '907d2d06-083a-4d53-907b-45766a5253e1');
INSERT INTO public.resource_revision (id, url, format, description, "position", revision_id, continuity_id, hash, state, extras, expired_id, revision_timestamp, expired_timestamp, current, name, resource_type, mimetype, mimetype_inner, size, last_modified, cache_url, cache_last_updated, webstore_url, webstore_last_updated, created, url_type, package_id) VALUES ('4e007771-3f88-414e-abf5-85fa324cd5ef', 'steps_portal_obesity.csv', 'CSV', '', 0, '9a06f6a6-8de4-49a4-9d7e-98debf4005f9', '4e007771-3f88-414e-abf5-85fa324cd5ef', '', 'active', '{"datastore_active": true}', NULL, '2020-11-19 19:38:32.373376', '2020-12-08 19:06:55.453693', NULL, 'STEPS Obesity Data', NULL, 'text/csv', NULL, NULL, '2020-11-19 19:38:32.367206', NULL, NULL, NULL, NULL, '2020-11-19 15:07:17.741697', 'upload', 'a9a21387-1e16-43e2-802a-18c6febba6af');
INSERT INTO public.resource_revision (id, url, format, description, "position", revision_id, continuity_id, hash, state, extras, expired_id, revision_timestamp, expired_timestamp, current, name, resource_type, mimetype, mimetype_inner, size, last_modified, cache_url, cache_last_updated, webstore_url, webstore_last_updated, created, url_type, package_id) VALUES ('d515cca7-612f-4840-8b07-14277146ef99', 'https://vital-stepsdata.org/dataset/907d2d06-083a-4d53-907b-45766a5253e1/resource/d515cca7-612f-4840-8b07-14277146ef99/download/steps_portal_cholesterol.csv', 'CSV', '', 0, '4521aaf2-5488-4130-9c25-4761cccd8587', 'd515cca7-612f-4840-8b07-14277146ef99', '', 'active', '{"datastore_active": true}', NULL, '2020-12-01 15:11:16.27276', '2020-12-03 15:22:12.344195', NULL, 'STEPS Cholesterol Data', NULL, 'text/csv', NULL, NULL, '2020-11-19 19:37:23.854029', NULL, NULL, NULL, NULL, '2020-11-19 15:02:44.450957', 'upload', '907d2d06-083a-4d53-907b-45766a5253e1');
INSERT INTO public.resource_revision (id, url, format, description, "position", revision_id, continuity_id, hash, state, extras, expired_id, revision_timestamp, expired_timestamp, current, name, resource_type, mimetype, mimetype_inner, size, last_modified, cache_url, cache_last_updated, webstore_url, webstore_last_updated, created, url_type, package_id) VALUES ('ac98ee9a-0193-49ed-b0c3-c6d2b9a9090e', 'steps_portal_alcohol.csv', 'CSV', '', 0, '11f605fa-82c7-4689-b900-0b7b8f7484f7', 'ac98ee9a-0193-49ed-b0c3-c6d2b9a9090e', '', 'active', '{"datastore_active": true}', NULL, '2020-11-19 15:54:57.800101', '2020-11-19 16:01:10.776969', NULL, 'STEPS Alcohol Data', NULL, 'text/csv', NULL, NULL, '2020-11-19 15:54:57.792146', NULL, NULL, NULL, NULL, '2020-11-18 18:42:44.504162', 'upload', '7e8c592f-22df-4b5d-8166-0c7188af052c');
INSERT INTO public.resource_revision (id, url, format, description, "position", revision_id, continuity_id, hash, state, extras, expired_id, revision_timestamp, expired_timestamp, current, name, resource_type, mimetype, mimetype_inner, size, last_modified, cache_url, cache_last_updated, webstore_url, webstore_last_updated, created, url_type, package_id) VALUES ('afac1e1a-fa53-485c-8059-05ab40e9a148', 'steps_portal_physical.csv', 'CSV', '', 0, '5f32e82f-0d16-4c0b-9fd1-b39657a06318', 'afac1e1a-fa53-485c-8059-05ab40e9a148', '', 'active', '{"datastore_active": true}', NULL, '2020-11-19 19:38:12.310176', '2020-12-08 20:40:32.6206', NULL, 'STEPS Physical Activity Data', NULL, 'text/csv', NULL, NULL, '2020-11-19 19:38:12.30383', NULL, NULL, NULL, NULL, '2020-11-19 15:08:15.055826', 'upload', '4cef2643-9fcd-4d16-9a9a-78b23d6c2699');
INSERT INTO public.resource_revision (id, url, format, description, "position", revision_id, continuity_id, hash, state, extras, expired_id, revision_timestamp, expired_timestamp, current, name, resource_type, mimetype, mimetype_inner, size, last_modified, cache_url, cache_last_updated, webstore_url, webstore_last_updated, created, url_type, package_id) VALUES ('d515cca7-612f-4840-8b07-14277146ef99', 'steps_portal_cholesterol.csv', 'CSV', '', 0, 'ae639539-8788-4e3a-90b4-ded09a08da7b', 'd515cca7-612f-4840-8b07-14277146ef99', '', 'active', '{"datastore_active": true}', NULL, '2020-12-03 15:22:12.344195', '2020-12-03 15:29:48.298928', NULL, 'STEPS Cholesterol Data', NULL, 'text/csv', NULL, NULL, '2020-12-03 15:22:12.336544', NULL, NULL, NULL, NULL, '2020-11-19 15:02:44.450957', 'upload', '907d2d06-083a-4d53-907b-45766a5253e1');
INSERT INTO public.resource_revision (id, url, format, description, "position", revision_id, continuity_id, hash, state, extras, expired_id, revision_timestamp, expired_timestamp, current, name, resource_type, mimetype, mimetype_inner, size, last_modified, cache_url, cache_last_updated, webstore_url, webstore_last_updated, created, url_type, package_id) VALUES ('ac98ee9a-0193-49ed-b0c3-c6d2b9a9090e', 'steps_portal_alcohol.csv', 'CSV', '', 0, '55860760-d2de-4c58-b4d0-8dd0d38ac2fd', 'ac98ee9a-0193-49ed-b0c3-c6d2b9a9090e', '', 'active', '{"datastore_active": true}', NULL, '2020-11-19 16:01:10.776969', '2020-11-19 16:10:15.116586', NULL, 'STEPS Alcohol Data', NULL, 'text/csv', NULL, NULL, '2020-11-19 16:01:10.759047', NULL, NULL, NULL, NULL, '2020-11-18 18:42:44.504162', 'upload', '7e8c592f-22df-4b5d-8166-0c7188af052c');
INSERT INTO public.resource_revision (id, url, format, description, "position", revision_id, continuity_id, hash, state, extras, expired_id, revision_timestamp, expired_timestamp, current, name, resource_type, mimetype, mimetype_inner, size, last_modified, cache_url, cache_last_updated, webstore_url, webstore_last_updated, created, url_type, package_id) VALUES ('bd2b92f0-2e53-433f-8103-2e29c7082cff', 'steps_portal_tobacco.csv', 'CSV', '', 0, 'd7fd4ca9-00c0-49bc-b585-abef1a2c579b', 'bd2b92f0-2e53-433f-8103-2e29c7082cff', '', 'active', '{"datastore_active": true}', NULL, '2020-11-19 19:37:58.432242', '2020-12-08 20:47:01.023455', NULL, 'STEPS Tobacco Data', NULL, 'text/csv', NULL, NULL, '2020-11-19 19:37:58.425982', NULL, NULL, NULL, NULL, '2020-11-18 18:46:08.881282', 'upload', '5903a1ce-550f-4981-9142-d17fa0c7d454');
INSERT INTO public.resource_revision (id, url, format, description, "position", revision_id, continuity_id, hash, state, extras, expired_id, revision_timestamp, expired_timestamp, current, name, resource_type, mimetype, mimetype_inner, size, last_modified, cache_url, cache_last_updated, webstore_url, webstore_last_updated, created, url_type, package_id) VALUES ('ac98ee9a-0193-49ed-b0c3-c6d2b9a9090e', 'steps_portal_alcohol.csv', 'CSV', '', 0, '9f397b37-2efd-414f-bdea-ced3b9d935d8', 'ac98ee9a-0193-49ed-b0c3-c6d2b9a9090e', '', 'active', '{"datastore_active": true}', NULL, '2021-01-05 18:12:35.150443', '2021-01-20 17:10:36.698283', NULL, 'STEPS Alcohol Data', NULL, 'text/csv', NULL, NULL, '2021-01-05 18:12:35.141966', NULL, NULL, NULL, NULL, '2020-11-18 18:42:44.504162', 'upload', '7e8c592f-22df-4b5d-8166-0c7188af052c');
INSERT INTO public.resource_revision (id, url, format, description, "position", revision_id, continuity_id, hash, state, extras, expired_id, revision_timestamp, expired_timestamp, current, name, resource_type, mimetype, mimetype_inner, size, last_modified, cache_url, cache_last_updated, webstore_url, webstore_last_updated, created, url_type, package_id) VALUES ('ac98ee9a-0193-49ed-b0c3-c6d2b9a9090e', 'https://vital-stepsdata.org/dataset/7e8c592f-22df-4b5d-8166-0c7188af052c/resource/ac98ee9a-0193-49ed-b0c3-c6d2b9a9090e/download/steps_portal_alcohol.csv', 'CSV', '', 0, 'd31368f0-a323-4aed-ae23-af31ba51de3d', 'ac98ee9a-0193-49ed-b0c3-c6d2b9a9090e', '', 'active', '{"datastore_active": true}', NULL, '2020-11-19 16:10:15.116586', '2020-11-19 19:37:41.576081', NULL, 'STEPS Alcohol Data', NULL, 'text/csv', NULL, NULL, '2020-11-19 16:01:10.759047', NULL, NULL, NULL, NULL, '2020-11-18 18:42:44.504162', 'upload', '7e8c592f-22df-4b5d-8166-0c7188af052c');
INSERT INTO public.resource_revision (id, url, format, description, "position", revision_id, continuity_id, hash, state, extras, expired_id, revision_timestamp, expired_timestamp, current, name, resource_type, mimetype, mimetype_inner, size, last_modified, cache_url, cache_last_updated, webstore_url, webstore_last_updated, created, url_type, package_id) VALUES ('16e484b9-1e6e-4527-a0e6-a50abf9ca0c7', 'steps_portal_diabetes.csv', 'CSV', '', 0, '394e2e18-af74-48a9-b167-d35607ecfb59', '16e484b9-1e6e-4527-a0e6-a50abf9ca0c7', '', 'active', '{"datastore_active": true}', NULL, '2020-11-19 19:40:55.908582', '2020-12-03 15:49:26.006805', NULL, 'STEPS Diabetes Data', NULL, 'text/csv', NULL, NULL, '2020-11-19 19:40:55.901055', NULL, NULL, NULL, NULL, '2020-11-19 15:03:39.228569', 'upload', '088d4d99-0a46-47b5-adc5-e0742fa31389');
INSERT INTO public.resource_revision (id, url, format, description, "position", revision_id, continuity_id, hash, state, extras, expired_id, revision_timestamp, expired_timestamp, current, name, resource_type, mimetype, mimetype_inner, size, last_modified, cache_url, cache_last_updated, webstore_url, webstore_last_updated, created, url_type, package_id) VALUES ('16e484b9-1e6e-4527-a0e6-a50abf9ca0c7', 'steps_portal_diabetes.csv', 'CSV', '', 0, '65940de2-8393-4855-a271-b5e951bcd489', '16e484b9-1e6e-4527-a0e6-a50abf9ca0c7', '', 'active', '{"datastore_active": true}', NULL, '2020-12-03 15:49:26.006805', '2020-12-03 15:52:54.008191', NULL, 'STEPS Diabetes Data', NULL, 'text/csv', NULL, NULL, '2020-12-03 15:49:25.996143', NULL, NULL, NULL, NULL, '2020-11-19 15:03:39.228569', 'upload', '088d4d99-0a46-47b5-adc5-e0742fa31389');
INSERT INTO public.resource_revision (id, url, format, description, "position", revision_id, continuity_id, hash, state, extras, expired_id, revision_timestamp, expired_timestamp, current, name, resource_type, mimetype, mimetype_inner, size, last_modified, cache_url, cache_last_updated, webstore_url, webstore_last_updated, created, url_type, package_id) VALUES ('ac98ee9a-0193-49ed-b0c3-c6d2b9a9090e', 'steps_portal_alcohol.csv', 'CSV', '', 0, '8e9e3acf-d001-492a-a865-690a94f52beb', 'ac98ee9a-0193-49ed-b0c3-c6d2b9a9090e', '', 'active', '{"datastore_active": true}', NULL, '2020-12-03 15:44:19.821624', '2020-12-03 15:53:00.824431', NULL, 'STEPS Alcohol Data', NULL, 'text/csv', NULL, NULL, '2020-12-03 15:44:19.807432', NULL, NULL, NULL, NULL, '2020-11-18 18:42:44.504162', 'upload', '7e8c592f-22df-4b5d-8166-0c7188af052c');
INSERT INTO public.resource_revision (id, url, format, description, "position", revision_id, continuity_id, hash, state, extras, expired_id, revision_timestamp, expired_timestamp, current, name, resource_type, mimetype, mimetype_inner, size, last_modified, cache_url, cache_last_updated, webstore_url, webstore_last_updated, created, url_type, package_id) VALUES ('0bb6a5ce-4d1d-4e77-973c-afe062c8dcc8', '', 'CSV', '', 0, '556e8689-ac7b-4e92-9ded-975decb9a70f', '0bb6a5ce-4d1d-4e77-973c-afe062c8dcc8', '', 'active', '{"datastore_active": true}', NULL, '2020-11-19 19:41:13.046276', '2020-11-19 19:41:21.38207', NULL, 'STEPS Hypertension Data', NULL, 'text/csv', NULL, NULL, '2020-11-18 18:48:25.358507', NULL, NULL, NULL, NULL, '2020-11-18 18:48:25.3744', '', 'dde4d112-f458-4630-96ec-e4dc7ded854d');
INSERT INTO public.resource_revision (id, url, format, description, "position", revision_id, continuity_id, hash, state, extras, expired_id, revision_timestamp, expired_timestamp, current, name, resource_type, mimetype, mimetype_inner, size, last_modified, cache_url, cache_last_updated, webstore_url, webstore_last_updated, created, url_type, package_id) VALUES ('f0f749d3-25f4-4f4f-9a24-7277d68d5d24', 'steps_portal_others.csv', 'CSV', '', 0, 'f4f901b4-a1b2-4d03-84e5-4ee07dfeef4c', 'f0f749d3-25f4-4f4f-9a24-7277d68d5d24', '', 'active', '{"datastore_active": true}', NULL, '2020-11-19 19:40:22.213992', '2020-12-03 16:25:03.973636', NULL, 'STEPS Other STEPS Data', NULL, 'text/csv', NULL, NULL, '2020-11-19 19:40:22.207412', NULL, NULL, NULL, NULL, '2020-11-19 15:06:11.842115', 'upload', '4ff5d87a-d222-47ea-8400-f1f65b13fad5');
INSERT INTO public.resource_revision (id, url, format, description, "position", revision_id, continuity_id, hash, state, extras, expired_id, revision_timestamp, expired_timestamp, current, name, resource_type, mimetype, mimetype_inner, size, last_modified, cache_url, cache_last_updated, webstore_url, webstore_last_updated, created, url_type, package_id) VALUES ('d515cca7-612f-4840-8b07-14277146ef99', 'https://vital-stepsdata.org/dataset/907d2d06-083a-4d53-907b-45766a5253e1/resource/d515cca7-612f-4840-8b07-14277146ef99/download/steps_portal_cholesterol.csv', 'CSV', '', 0, '0107cad0-76e0-4d89-b00b-6253a4adc1c5', 'd515cca7-612f-4840-8b07-14277146ef99', '', 'active', '{"datastore_active": true}', NULL, '2020-12-03 15:29:48.298928', '2020-12-03 18:50:55.306998', NULL, 'STEPS Cholesterol Data', NULL, 'text/csv', NULL, NULL, '2020-12-03 15:22:12.336544', NULL, NULL, NULL, NULL, '2020-11-19 15:02:44.450957', 'upload', '907d2d06-083a-4d53-907b-45766a5253e1');
INSERT INTO public.resource_revision (id, url, format, description, "position", revision_id, continuity_id, hash, state, extras, expired_id, revision_timestamp, expired_timestamp, current, name, resource_type, mimetype, mimetype_inner, size, last_modified, cache_url, cache_last_updated, webstore_url, webstore_last_updated, created, url_type, package_id) VALUES ('0bb6a5ce-4d1d-4e77-973c-afe062c8dcc8', 'steps_portal_hypertension.csv', 'CSV', '', 0, 'a5581014-0e49-42f2-8ced-8fd23727698b', '0bb6a5ce-4d1d-4e77-973c-afe062c8dcc8', '', 'active', '{"datastore_active": true}', NULL, '2020-11-19 19:41:21.38207', '2020-12-07 14:55:15.187153', NULL, 'STEPS Hypertension Data', NULL, 'text/csv', NULL, NULL, '2020-11-19 19:41:21.375585', NULL, NULL, NULL, NULL, '2020-11-18 18:48:25.3744', 'upload', 'dde4d112-f458-4630-96ec-e4dc7ded854d');
INSERT INTO public.resource_revision (id, url, format, description, "position", revision_id, continuity_id, hash, state, extras, expired_id, revision_timestamp, expired_timestamp, current, name, resource_type, mimetype, mimetype_inner, size, last_modified, cache_url, cache_last_updated, webstore_url, webstore_last_updated, created, url_type, package_id) VALUES ('d7271660-0dfc-4ab6-b30b-c7b3118db3d2', 'steps_portal_diet.csv', 'CSV', '', 0, 'f3b19667-eb4c-4a90-ba0c-369d91749119', 'd7271660-0dfc-4ab6-b30b-c7b3118db3d2', '', 'active', '{"datastore_active": true}', NULL, '2020-11-19 19:40:36.40111', '2020-12-07 20:51:12.361883', NULL, 'STEPS Diet Data', NULL, 'text/csv', NULL, NULL, '2020-11-19 19:40:36.385248', NULL, NULL, NULL, NULL, '2020-11-19 15:05:10.638455', 'upload', 'e06d5766-d134-45a4-9079-82b9875b907a');
INSERT INTO public.resource_revision (id, url, format, description, "position", revision_id, continuity_id, hash, state, extras, expired_id, revision_timestamp, expired_timestamp, current, name, resource_type, mimetype, mimetype_inner, size, last_modified, cache_url, cache_last_updated, webstore_url, webstore_last_updated, created, url_type, package_id) VALUES ('ac98ee9a-0193-49ed-b0c3-c6d2b9a9090e', 'https://vital-stepsdata.org/dataset/7e8c592f-22df-4b5d-8166-0c7188af052c/resource/ac98ee9a-0193-49ed-b0c3-c6d2b9a9090e/download/steps_portal_alcohol.csv', 'CSV', '', 0, '124839b1-851c-467e-ab70-3d9d26017128', 'ac98ee9a-0193-49ed-b0c3-c6d2b9a9090e', '', 'active', '{"datastore_active": true}', NULL, '2021-01-05 17:48:55.69035', '2021-01-05 18:12:35.150443', NULL, 'STEPS Alcohol Data', NULL, 'text/csv', NULL, NULL, '2021-01-05 17:48:01.707939', NULL, NULL, NULL, NULL, '2020-11-18 18:42:44.504162', 'upload', '7e8c592f-22df-4b5d-8166-0c7188af052c');
INSERT INTO public.resource_revision (id, url, format, description, "position", revision_id, continuity_id, hash, state, extras, expired_id, revision_timestamp, expired_timestamp, current, name, resource_type, mimetype, mimetype_inner, size, last_modified, cache_url, cache_last_updated, webstore_url, webstore_last_updated, created, url_type, package_id) VALUES ('16e484b9-1e6e-4527-a0e6-a50abf9ca0c7', 'steps_portal_diabetes_time.csv', 'CSV', '', 0, 'c7e70066-0655-4f3c-8d9b-80b4e0100f28', '16e484b9-1e6e-4527-a0e6-a50abf9ca0c7', '', 'active', '{"datastore_active": true}', NULL, '2020-12-03 19:06:33.763319', '2020-12-08 16:42:02.358605', NULL, 'STEPS Diabetes Data', NULL, 'text/csv', NULL, NULL, '2020-12-03 19:06:33.7569', NULL, NULL, NULL, NULL, '2020-11-19 15:03:39.228569', 'upload', '088d4d99-0a46-47b5-adc5-e0742fa31389');
INSERT INTO public.resource_revision (id, url, format, description, "position", revision_id, continuity_id, hash, state, extras, expired_id, revision_timestamp, expired_timestamp, current, name, resource_type, mimetype, mimetype_inner, size, last_modified, cache_url, cache_last_updated, webstore_url, webstore_last_updated, created, url_type, package_id) VALUES ('16e484b9-1e6e-4527-a0e6-a50abf9ca0c7', 'https://vital-stepsdata.org/dataset/088d4d99-0a46-47b5-adc5-e0742fa31389/resource/16e484b9-1e6e-4527-a0e6-a50abf9ca0c7/download/steps_portal_diabetes.csv', 'CSV', '', 0, '70fad531-565e-463a-9709-d3ccaff91b1f', '16e484b9-1e6e-4527-a0e6-a50abf9ca0c7', '', 'active', '{"datastore_active": true}', NULL, '2020-12-03 15:52:54.008191', '2020-12-03 16:13:30.187701', NULL, 'STEPS Diabetes Data', NULL, 'text/csv', NULL, NULL, '2020-12-03 15:49:25.996143', NULL, NULL, NULL, NULL, '2020-11-19 15:03:39.228569', 'upload', '088d4d99-0a46-47b5-adc5-e0742fa31389');
INSERT INTO public.resource_revision (id, url, format, description, "position", revision_id, continuity_id, hash, state, extras, expired_id, revision_timestamp, expired_timestamp, current, name, resource_type, mimetype, mimetype_inner, size, last_modified, cache_url, cache_last_updated, webstore_url, webstore_last_updated, created, url_type, package_id) VALUES ('f0f749d3-25f4-4f4f-9a24-7277d68d5d24', 'steps_portal_others.csv', 'CSV', '', 0, '1d76787d-61f5-42ba-a09c-a5b130b33e26', 'f0f749d3-25f4-4f4f-9a24-7277d68d5d24', '', 'active', '{"datastore_active": true}', NULL, '2020-12-15 18:30:57.943139', '2021-01-21 01:19:24.635817', NULL, 'STEPS Other STEPS Data', NULL, 'text/csv', NULL, NULL, '2020-12-15 18:30:57.936539', NULL, NULL, NULL, NULL, '2020-11-19 15:06:11.842115', 'upload', '4ff5d87a-d222-47ea-8400-f1f65b13fad5');
INSERT INTO public.resource_revision (id, url, format, description, "position", revision_id, continuity_id, hash, state, extras, expired_id, revision_timestamp, expired_timestamp, current, name, resource_type, mimetype, mimetype_inner, size, last_modified, cache_url, cache_last_updated, webstore_url, webstore_last_updated, created, url_type, package_id) VALUES ('f0f749d3-25f4-4f4f-9a24-7277d68d5d24', 'steps_portal_others.csv', 'CSV', '', 0, 'eb750c6c-d88f-468c-8a28-0cf91a8299af', 'f0f749d3-25f4-4f4f-9a24-7277d68d5d24', '', 'active', '{"datastore_active": true}', NULL, '2020-12-03 16:26:58.094539', '2020-12-03 16:35:43.154765', NULL, 'STEPS Other STEPS Data', NULL, 'text/csv', NULL, NULL, '2020-12-03 16:26:58.083029', NULL, NULL, NULL, NULL, '2020-11-19 15:06:11.842115', 'upload', '4ff5d87a-d222-47ea-8400-f1f65b13fad5');
INSERT INTO public.resource_revision (id, url, format, description, "position", revision_id, continuity_id, hash, state, extras, expired_id, revision_timestamp, expired_timestamp, current, name, resource_type, mimetype, mimetype_inner, size, last_modified, cache_url, cache_last_updated, webstore_url, webstore_last_updated, created, url_type, package_id) VALUES ('ac98ee9a-0193-49ed-b0c3-c6d2b9a9090e', 'https://vital-stepsdata.org/dataset/7e8c592f-22df-4b5d-8166-0c7188af052c/resource/ac98ee9a-0193-49ed-b0c3-c6d2b9a9090e/download/steps_portal_alcohol.csv', 'CSV', '', 0, 'bc90b5d9-ab26-457e-82e5-9bfdd1e01021', 'ac98ee9a-0193-49ed-b0c3-c6d2b9a9090e', '', 'active', '{"datastore_active": true}', NULL, '2020-12-03 15:53:00.824431', '2020-12-03 18:50:24.067978', NULL, 'STEPS Alcohol Data', NULL, 'text/csv', NULL, NULL, '2020-12-03 15:44:19.807432', NULL, NULL, NULL, NULL, '2020-11-18 18:42:44.504162', 'upload', '7e8c592f-22df-4b5d-8166-0c7188af052c');
INSERT INTO public.resource_revision (id, url, format, description, "position", revision_id, continuity_id, hash, state, extras, expired_id, revision_timestamp, expired_timestamp, current, name, resource_type, mimetype, mimetype_inner, size, last_modified, cache_url, cache_last_updated, webstore_url, webstore_last_updated, created, url_type, package_id) VALUES ('4e007771-3f88-414e-abf5-85fa324cd5ef', 'https://vital-stepsdata.org/dataset/a9a21387-1e16-43e2-802a-18c6febba6af/resource/4e007771-3f88-414e-abf5-85fa324cd5ef/download/steps_portal_obesity.csv', 'CSV', '', 0, '72f6decb-b947-44d6-83e1-de7e0730e34f', '4e007771-3f88-414e-abf5-85fa324cd5ef', '', 'active', '{"datastore_active": true}', NULL, '2020-12-08 19:06:55.453693', '2020-12-08 19:15:41.96082', NULL, 'STEPS Obesity Data', NULL, 'text/csv', NULL, NULL, '2020-11-19 19:38:32.367206', NULL, NULL, NULL, NULL, '2020-11-19 15:07:17.741697', 'upload', 'a9a21387-1e16-43e2-802a-18c6febba6af');
INSERT INTO public.resource_revision (id, url, format, description, "position", revision_id, continuity_id, hash, state, extras, expired_id, revision_timestamp, expired_timestamp, current, name, resource_type, mimetype, mimetype_inner, size, last_modified, cache_url, cache_last_updated, webstore_url, webstore_last_updated, created, url_type, package_id) VALUES ('16e484b9-1e6e-4527-a0e6-a50abf9ca0c7', 'steps_portal_diabetes_time.csv', 'CSV', '', 0, 'd3a8e263-cfbe-499b-886d-192fec91616d', '16e484b9-1e6e-4527-a0e6-a50abf9ca0c7', '', 'active', '{"datastore_active": true}', NULL, '2020-12-03 18:55:38.44285', '2020-12-03 19:00:26.508348', NULL, 'STEPS Diabetes Data', NULL, 'text/csv', NULL, NULL, '2020-12-03 18:55:38.435799', NULL, NULL, NULL, NULL, '2020-11-19 15:03:39.228569', 'upload', '088d4d99-0a46-47b5-adc5-e0742fa31389');
INSERT INTO public.resource_revision (id, url, format, description, "position", revision_id, continuity_id, hash, state, extras, expired_id, revision_timestamp, expired_timestamp, current, name, resource_type, mimetype, mimetype_inner, size, last_modified, cache_url, cache_last_updated, webstore_url, webstore_last_updated, created, url_type, package_id) VALUES ('4e007771-3f88-414e-abf5-85fa324cd5ef', 'steps_portal_obesity.csv', 'CSV', '', 0, '94649434-a9b9-4dc5-8c75-055547c72660', '4e007771-3f88-414e-abf5-85fa324cd5ef', '', 'active', '{"datastore_active": true}', NULL, '2020-12-08 19:15:41.96082', '2020-12-08 19:19:51.823478', NULL, 'STEPS Obesity Data', NULL, 'text/csv', NULL, NULL, '2020-12-08 19:15:41.951544', NULL, NULL, NULL, NULL, '2020-11-19 15:07:17.741697', 'upload', 'a9a21387-1e16-43e2-802a-18c6febba6af');
INSERT INTO public.resource_revision (id, url, format, description, "position", revision_id, continuity_id, hash, state, extras, expired_id, revision_timestamp, expired_timestamp, current, name, resource_type, mimetype, mimetype_inner, size, last_modified, cache_url, cache_last_updated, webstore_url, webstore_last_updated, created, url_type, package_id) VALUES ('16e484b9-1e6e-4527-a0e6-a50abf9ca0c7', 'steps_portal_diabetes_time.csv', 'CSV', '', 0, '8564f674-7b32-4a36-a3bf-dab8a9be8286', '16e484b9-1e6e-4527-a0e6-a50abf9ca0c7', '', 'active', '{"datastore_active": true}', NULL, '2020-12-03 19:00:26.508348', '2020-12-03 19:06:33.763319', NULL, 'STEPS Diabetes Data', NULL, 'text/csv', NULL, NULL, '2020-12-03 19:00:26.5012', NULL, NULL, NULL, NULL, '2020-11-19 15:03:39.228569', 'upload', '088d4d99-0a46-47b5-adc5-e0742fa31389');
INSERT INTO public.resource_revision (id, url, format, description, "position", revision_id, continuity_id, hash, state, extras, expired_id, revision_timestamp, expired_timestamp, current, name, resource_type, mimetype, mimetype_inner, size, last_modified, cache_url, cache_last_updated, webstore_url, webstore_last_updated, created, url_type, package_id) VALUES ('bd2b92f0-2e53-433f-8103-2e29c7082cff', 'steps_portal_tobacco.csv', 'CSV', '', 0, 'cc4eb844-ca0a-47da-aa68-dc44d9cd95d0', 'bd2b92f0-2e53-433f-8103-2e29c7082cff', '', 'active', '{"datastore_active": true}', NULL, '2020-12-08 20:47:01.023455', '2020-12-08 20:50:23.904063', NULL, 'STEPS Tobacco Data', NULL, 'text/csv', NULL, NULL, '2020-12-08 20:47:01.015011', NULL, NULL, NULL, NULL, '2020-11-18 18:46:08.881282', 'upload', '5903a1ce-550f-4981-9142-d17fa0c7d454');
INSERT INTO public.resource_revision (id, url, format, description, "position", revision_id, continuity_id, hash, state, extras, expired_id, revision_timestamp, expired_timestamp, current, name, resource_type, mimetype, mimetype_inner, size, last_modified, cache_url, cache_last_updated, webstore_url, webstore_last_updated, created, url_type, package_id) VALUES ('4e007771-3f88-414e-abf5-85fa324cd5ef', 'https://vital-stepsdata.org/dataset/a9a21387-1e16-43e2-802a-18c6febba6af/resource/4e007771-3f88-414e-abf5-85fa324cd5ef/download/steps_portal_obesity.csv', 'CSV', '', 0, '223cb59c-caa1-4727-8543-08bd496a891b', '4e007771-3f88-414e-abf5-85fa324cd5ef', '', 'active', '{"datastore_active": true}', NULL, '2020-12-08 19:19:51.823478', '2020-12-15 18:30:41.623218', NULL, 'STEPS Obesity Data', NULL, 'text/csv', NULL, NULL, '2020-12-08 19:15:41.951544', NULL, NULL, NULL, NULL, '2020-11-19 15:07:17.741697', 'upload', 'a9a21387-1e16-43e2-802a-18c6febba6af');
INSERT INTO public.resource_revision (id, url, format, description, "position", revision_id, continuity_id, hash, state, extras, expired_id, revision_timestamp, expired_timestamp, current, name, resource_type, mimetype, mimetype_inner, size, last_modified, cache_url, cache_last_updated, webstore_url, webstore_last_updated, created, url_type, package_id) VALUES ('16e484b9-1e6e-4527-a0e6-a50abf9ca0c7', 'https://vital-stepsdata.org/dataset/088d4d99-0a46-47b5-adc5-e0742fa31389/resource/16e484b9-1e6e-4527-a0e6-a50abf9ca0c7/download/steps_portal_diabetes_time.csv', 'CSV', '', 0, 'd054b405-1ec9-4886-9f8f-b45e6c29a053', '16e484b9-1e6e-4527-a0e6-a50abf9ca0c7', '', 'active', '{"datastore_active": true}', NULL, '2020-12-08 16:42:02.358605', '2020-12-15 18:31:18.725796', NULL, 'STEPS Diabetes Data', NULL, 'text/csv', NULL, NULL, '2020-12-03 19:06:33.7569', NULL, NULL, NULL, NULL, '2020-11-19 15:03:39.228569', 'upload', '088d4d99-0a46-47b5-adc5-e0742fa31389');
INSERT INTO public.resource_revision (id, url, format, description, "position", revision_id, continuity_id, hash, state, extras, expired_id, revision_timestamp, expired_timestamp, current, name, resource_type, mimetype, mimetype_inner, size, last_modified, cache_url, cache_last_updated, webstore_url, webstore_last_updated, created, url_type, package_id) VALUES ('c298ca18-2944-4484-a484-3025f24b3c5c', 'steps_portal_diabetes_time.csv', 'CSV', '', 0, 'b92e75d8-68e5-4e55-82c6-4b7fcdd4f889', 'c298ca18-2944-4484-a484-3025f24b3c5c', '', 'active', '{"datastore_active": true}', NULL, '2020-12-17 19:59:33.413978', '2020-12-17 20:00:35.267938', NULL, 'STEPS Diabetes Data', NULL, 'text/csv', NULL, NULL, '2020-12-17 19:59:06.166061', NULL, NULL, NULL, NULL, '2020-12-17 19:59:06.190904', 'upload', '088d4d99-0a46-47b5-adc5-e0742fa31389');
INSERT INTO public.resource_revision (id, url, format, description, "position", revision_id, continuity_id, hash, state, extras, expired_id, revision_timestamp, expired_timestamp, current, name, resource_type, mimetype, mimetype_inner, size, last_modified, cache_url, cache_last_updated, webstore_url, webstore_last_updated, created, url_type, package_id) VALUES ('c298ca18-2944-4484-a484-3025f24b3c5c', 'https://vital-stepsdata.org/dataset/088d4d99-0a46-47b5-adc5-e0742fa31389/resource/c298ca18-2944-4484-a484-3025f24b3c5c/download/steps_portal_diabetes_time.csv', 'CSV', '', 0, '360f874a-dc31-4c25-8d1d-786cc4eea0c4', 'c298ca18-2944-4484-a484-3025f24b3c5c', '', 'active', '{"datastore_active": true}', NULL, '2020-12-17 20:00:35.267938', '2020-12-17 20:03:19.27586', NULL, 'STEPS Diabetes Data', NULL, 'text/csv', NULL, NULL, '2020-12-17 19:59:06.166061', NULL, NULL, NULL, NULL, '2020-12-17 19:59:06.190904', 'upload', '088d4d99-0a46-47b5-adc5-e0742fa31389');
INSERT INTO public.resource_revision (id, url, format, description, "position", revision_id, continuity_id, hash, state, extras, expired_id, revision_timestamp, expired_timestamp, current, name, resource_type, mimetype, mimetype_inner, size, last_modified, cache_url, cache_last_updated, webstore_url, webstore_last_updated, created, url_type, package_id) VALUES ('c298ca18-2944-4484-a484-3025f24b3c5c', 'steps_portal_diabetes_time.csv', 'CSV', '', 0, '32bb19f2-dc91-4bc5-9216-f02ae40abd78', 'c298ca18-2944-4484-a484-3025f24b3c5c', '', 'active', '{"datastore_active": true}', NULL, '2020-12-17 20:03:19.27586', '2020-12-22 18:37:29.727216', NULL, 'STEPS Diabetes Data', NULL, 'text/csv', NULL, NULL, '2020-12-17 20:03:19.269469', NULL, NULL, NULL, NULL, '2020-12-17 19:59:06.190904', 'upload', '088d4d99-0a46-47b5-adc5-e0742fa31389');
INSERT INTO public.resource_revision (id, url, format, description, "position", revision_id, continuity_id, hash, state, extras, expired_id, revision_timestamp, expired_timestamp, current, name, resource_type, mimetype, mimetype_inner, size, last_modified, cache_url, cache_last_updated, webstore_url, webstore_last_updated, created, url_type, package_id) VALUES ('c298ca18-2944-4484-a484-3025f24b3c5c', 'steps_portal_diabetes_time.csv', 'CSV', '', 0, '6f17800b-43db-4e31-929f-3ebe7a5546b6', 'c298ca18-2944-4484-a484-3025f24b3c5c', '', 'active', '{"datastore_active": true}', NULL, '2020-12-22 18:37:29.727216', '2020-12-22 18:39:04.425455', NULL, 'STEPS Diabetes Data', NULL, 'text/csv', NULL, NULL, '2020-12-22 18:37:29.720993', NULL, NULL, NULL, NULL, '2020-12-17 19:59:06.190904', 'upload', '088d4d99-0a46-47b5-adc5-e0742fa31389');
INSERT INTO public.resource_revision (id, url, format, description, "position", revision_id, continuity_id, hash, state, extras, expired_id, revision_timestamp, expired_timestamp, current, name, resource_type, mimetype, mimetype_inner, size, last_modified, cache_url, cache_last_updated, webstore_url, webstore_last_updated, created, url_type, package_id) VALUES ('ac98ee9a-0193-49ed-b0c3-c6d2b9a9090e', 'https://vital-stepsdata.org/dataset/7e8c592f-22df-4b5d-8166-0c7188af052c/resource/ac98ee9a-0193-49ed-b0c3-c6d2b9a9090e/download/steps_portal_alcohol.csv', 'CSV', '', 0, '777e7d9b-cc31-4324-8a2f-92438bfabf7e', 'ac98ee9a-0193-49ed-b0c3-c6d2b9a9090e', '', 'active', '{"datastore_active": true}', NULL, '2021-01-05 16:38:28.144269', '2021-01-05 17:48:01.717301', NULL, 'STEPS Alcohol Data', NULL, 'text/csv', NULL, NULL, '2020-12-09 15:58:45.986659', NULL, NULL, NULL, NULL, '2020-11-18 18:42:44.504162', 'upload', '7e8c592f-22df-4b5d-8166-0c7188af052c');
INSERT INTO public.resource_revision (id, url, format, description, "position", revision_id, continuity_id, hash, state, extras, expired_id, revision_timestamp, expired_timestamp, current, name, resource_type, mimetype, mimetype_inner, size, last_modified, cache_url, cache_last_updated, webstore_url, webstore_last_updated, created, url_type, package_id) VALUES ('16e484b9-1e6e-4527-a0e6-a50abf9ca0c7', 'steps_portal_diabetes_time.csv', 'CSV', '', 0, '07a575f2-f2ff-424f-9ed8-f4439f243c85', '16e484b9-1e6e-4527-a0e6-a50abf9ca0c7', '', 'active', '{"datastore_active": true}', NULL, '2020-12-03 16:13:30.187701', '2020-12-03 16:15:03.440433', NULL, 'STEPS Diabetes Data', NULL, 'text/csv', NULL, NULL, '2020-12-03 16:13:30.18143', NULL, NULL, NULL, NULL, '2020-11-19 15:03:39.228569', 'upload', '088d4d99-0a46-47b5-adc5-e0742fa31389');
INSERT INTO public.resource_revision (id, url, format, description, "position", revision_id, continuity_id, hash, state, extras, expired_id, revision_timestamp, expired_timestamp, current, name, resource_type, mimetype, mimetype_inner, size, last_modified, cache_url, cache_last_updated, webstore_url, webstore_last_updated, created, url_type, package_id) VALUES ('f0f749d3-25f4-4f4f-9a24-7277d68d5d24', 'https://vital-stepsdata.org/dataset/4ff5d87a-d222-47ea-8400-f1f65b13fad5/resource/f0f749d3-25f4-4f4f-9a24-7277d68d5d24/download/steps_portal_others.csv', 'CSV', '', 0, '44bbfb6d-57f6-4cd9-b35c-90ddeb30c5c0', 'f0f749d3-25f4-4f4f-9a24-7277d68d5d24', '', 'active', '{"datastore_active": true}', NULL, '2020-12-08 15:19:55.450446', '2020-12-08 18:48:46.247158', NULL, 'STEPS Other STEPS Data', NULL, 'text/csv', NULL, NULL, '2020-12-08 15:15:43.300522', NULL, NULL, NULL, NULL, '2020-11-19 15:06:11.842115', 'upload', '4ff5d87a-d222-47ea-8400-f1f65b13fad5');
INSERT INTO public.resource_revision (id, url, format, description, "position", revision_id, continuity_id, hash, state, extras, expired_id, revision_timestamp, expired_timestamp, current, name, resource_type, mimetype, mimetype_inner, size, last_modified, cache_url, cache_last_updated, webstore_url, webstore_last_updated, created, url_type, package_id) VALUES ('16e484b9-1e6e-4527-a0e6-a50abf9ca0c7', 'steps_portal_diabetes_time.csv', 'CSV', '', 0, 'c8bae112-512b-4d7f-aff6-504598c5f2db', '16e484b9-1e6e-4527-a0e6-a50abf9ca0c7', '', 'active', '{"datastore_active": true}', NULL, '2020-12-03 16:15:03.440433', '2020-12-03 16:16:40.726676', NULL, 'STEPS Diabetes Data', NULL, 'text/csv', NULL, NULL, '2020-12-03 16:15:03.433083', NULL, NULL, NULL, NULL, '2020-11-19 15:03:39.228569', 'upload', '088d4d99-0a46-47b5-adc5-e0742fa31389');
INSERT INTO public.resource_revision (id, url, format, description, "position", revision_id, continuity_id, hash, state, extras, expired_id, revision_timestamp, expired_timestamp, current, name, resource_type, mimetype, mimetype_inner, size, last_modified, cache_url, cache_last_updated, webstore_url, webstore_last_updated, created, url_type, package_id) VALUES ('f0f749d3-25f4-4f4f-9a24-7277d68d5d24', 'steps_portal_others.csv', 'CSV', '', 0, '1720fac8-a572-4650-a0dc-f9fdbbc55ef1', 'f0f749d3-25f4-4f4f-9a24-7277d68d5d24', '', 'active', '{"datastore_active": true}', NULL, '2020-12-08 18:48:46.247158', '2020-12-08 18:50:47.532992', NULL, 'STEPS Other STEPS Data', NULL, 'text/csv', NULL, NULL, '2020-12-08 18:48:46.240507', NULL, NULL, NULL, NULL, '2020-11-19 15:06:11.842115', 'upload', '4ff5d87a-d222-47ea-8400-f1f65b13fad5');
INSERT INTO public.resource_revision (id, url, format, description, "position", revision_id, continuity_id, hash, state, extras, expired_id, revision_timestamp, expired_timestamp, current, name, resource_type, mimetype, mimetype_inner, size, last_modified, cache_url, cache_last_updated, webstore_url, webstore_last_updated, created, url_type, package_id) VALUES ('c298ca18-2944-4484-a484-3025f24b3c5c', 'steps_portal_diabetes_time.csv', 'CSV', '', 0, 'ab26d1d1-08a5-4eda-9601-95a939a833b4', 'c298ca18-2944-4484-a484-3025f24b3c5c', '', 'active', '{"datastore_active": true}', NULL, '2021-01-05 18:41:34.942339', '2021-01-06 17:28:18.49246', NULL, 'STEPS Diabetes Data', NULL, 'text/csv', NULL, NULL, '2021-01-05 18:41:34.935207', NULL, NULL, NULL, NULL, '2020-12-17 19:59:06.190904', 'upload', '088d4d99-0a46-47b5-adc5-e0742fa31389');
INSERT INTO public.resource_revision (id, url, format, description, "position", revision_id, continuity_id, hash, state, extras, expired_id, revision_timestamp, expired_timestamp, current, name, resource_type, mimetype, mimetype_inner, size, last_modified, cache_url, cache_last_updated, webstore_url, webstore_last_updated, created, url_type, package_id) VALUES ('16e484b9-1e6e-4527-a0e6-a50abf9ca0c7', 'https://vital-stepsdata.org/dataset/088d4d99-0a46-47b5-adc5-e0742fa31389/resource/16e484b9-1e6e-4527-a0e6-a50abf9ca0c7/download/steps_portal_diabetes_time.csv', 'CSV', '', 0, '66d57d36-541e-435f-a7ac-e226196942f2', '16e484b9-1e6e-4527-a0e6-a50abf9ca0c7', '', 'active', '{"datastore_active": true}', NULL, '2020-12-03 16:16:40.726676', '2020-12-03 17:05:52.127066', NULL, 'STEPS Diabetes Data', NULL, 'text/csv', NULL, NULL, '2020-12-03 16:15:03.433083', NULL, NULL, NULL, NULL, '2020-11-19 15:03:39.228569', 'upload', '088d4d99-0a46-47b5-adc5-e0742fa31389');
INSERT INTO public.resource_revision (id, url, format, description, "position", revision_id, continuity_id, hash, state, extras, expired_id, revision_timestamp, expired_timestamp, current, name, resource_type, mimetype, mimetype_inner, size, last_modified, cache_url, cache_last_updated, webstore_url, webstore_last_updated, created, url_type, package_id) VALUES ('d7271660-0dfc-4ab6-b30b-c7b3118db3d2', 'steps_portal_diet.csv', 'CSV', '', 0, 'e86b9671-2ab2-42e5-be8c-2e7dce137eed', 'd7271660-0dfc-4ab6-b30b-c7b3118db3d2', '', 'active', '{"datastore_active": true}', NULL, '2020-12-15 18:31:46.818197', '2021-01-21 01:18:14.271059', NULL, 'STEPS Diet Data', NULL, 'text/csv', NULL, NULL, '2020-12-15 18:31:46.811067', NULL, NULL, NULL, NULL, '2020-11-19 15:05:10.638455', 'upload', 'e06d5766-d134-45a4-9079-82b9875b907a');
INSERT INTO public.resource_revision (id, url, format, description, "position", revision_id, continuity_id, hash, state, extras, expired_id, revision_timestamp, expired_timestamp, current, name, resource_type, mimetype, mimetype_inner, size, last_modified, cache_url, cache_last_updated, webstore_url, webstore_last_updated, created, url_type, package_id) VALUES ('16e484b9-1e6e-4527-a0e6-a50abf9ca0c7', '', 'CSV', '', 0, 'd0408b7f-d7cf-4b26-a84c-b702b4b94afe', '16e484b9-1e6e-4527-a0e6-a50abf9ca0c7', '', 'active', '{"datastore_active": true}', NULL, '2020-12-03 17:05:52.127066', '2020-12-03 17:06:07.817961', NULL, 'STEPS Diabetes Data', NULL, 'text/csv', NULL, NULL, '2020-12-03 16:15:03.433083', NULL, NULL, NULL, NULL, '2020-11-19 15:03:39.228569', '', '088d4d99-0a46-47b5-adc5-e0742fa31389');
INSERT INTO public.resource_revision (id, url, format, description, "position", revision_id, continuity_id, hash, state, extras, expired_id, revision_timestamp, expired_timestamp, current, name, resource_type, mimetype, mimetype_inner, size, last_modified, cache_url, cache_last_updated, webstore_url, webstore_last_updated, created, url_type, package_id) VALUES ('0bb6a5ce-4d1d-4e77-973c-afe062c8dcc8', 'steps_portal_hypertension.csv', 'CSV', '', 0, '0d9b1020-c48e-4c4b-93c7-51e2cb00f2fb', '0bb6a5ce-4d1d-4e77-973c-afe062c8dcc8', '', 'active', '{"datastore_active": true}', NULL, '2020-12-15 18:32:24.307419', '2021-01-21 01:18:53.889708', NULL, 'STEPS Hypertension Data', NULL, 'text/csv', NULL, NULL, '2020-12-15 18:32:24.301102', NULL, NULL, NULL, NULL, '2020-11-18 18:48:25.3744', 'upload', 'dde4d112-f458-4630-96ec-e4dc7ded854d');
INSERT INTO public.resource_revision (id, url, format, description, "position", revision_id, continuity_id, hash, state, extras, expired_id, revision_timestamp, expired_timestamp, current, name, resource_type, mimetype, mimetype_inner, size, last_modified, cache_url, cache_last_updated, webstore_url, webstore_last_updated, created, url_type, package_id) VALUES ('afac1e1a-fa53-485c-8059-05ab40e9a148', 'steps_portal_physical.csv', 'CSV', '', 0, 'cd856800-e3e0-4115-82a9-50b0aaafdb10', 'afac1e1a-fa53-485c-8059-05ab40e9a148', '', 'active', '{"datastore_active": true}', NULL, '2020-12-15 18:30:23.195174', '2021-01-21 01:20:37.09918', NULL, 'STEPS Physical Activity Data', NULL, 'text/csv', NULL, NULL, '2020-12-15 18:30:23.18786', NULL, NULL, NULL, NULL, '2020-11-19 15:08:15.055826', 'upload', '4cef2643-9fcd-4d16-9a9a-78b23d6c2699');
INSERT INTO public.resource_revision (id, url, format, description, "position", revision_id, continuity_id, hash, state, extras, expired_id, revision_timestamp, expired_timestamp, current, name, resource_type, mimetype, mimetype_inner, size, last_modified, cache_url, cache_last_updated, webstore_url, webstore_last_updated, created, url_type, package_id) VALUES ('16e484b9-1e6e-4527-a0e6-a50abf9ca0c7', 'steps_portal_diabetes_time.csv', 'CSV', '', 0, '3d1e94fa-efa3-461f-acaa-81942f0dd8fc', '16e484b9-1e6e-4527-a0e6-a50abf9ca0c7', '', 'active', '{"datastore_active": true}', NULL, '2020-12-03 17:06:07.817961', '2020-12-03 18:51:18.358966', NULL, 'STEPS Diabetes Data', NULL, 'text/csv', NULL, NULL, '2020-12-03 17:06:07.811476', NULL, NULL, NULL, NULL, '2020-11-19 15:03:39.228569', 'upload', '088d4d99-0a46-47b5-adc5-e0742fa31389');
INSERT INTO public.resource_revision (id, url, format, description, "position", revision_id, continuity_id, hash, state, extras, expired_id, revision_timestamp, expired_timestamp, current, name, resource_type, mimetype, mimetype_inner, size, last_modified, cache_url, cache_last_updated, webstore_url, webstore_last_updated, created, url_type, package_id) VALUES ('bd2b92f0-2e53-433f-8103-2e29c7082cff', 'https://vital-stepsdata.org/dataset/5903a1ce-550f-4981-9142-d17fa0c7d454/resource/bd2b92f0-2e53-433f-8103-2e29c7082cff/download/steps_portal_tobacco.csv', 'CSV', '', 0, '4e62d780-d3c8-4ca2-8f12-b8a940eb9863', 'bd2b92f0-2e53-433f-8103-2e29c7082cff', '', 'active', '{"datastore_active": true}', NULL, '2020-12-08 20:50:23.904063', '2020-12-09 15:57:56.306858', NULL, 'STEPS Tobacco Data', NULL, 'text/csv', NULL, NULL, '2020-12-08 20:47:01.015011', NULL, NULL, NULL, NULL, '2020-11-18 18:46:08.881282', 'upload', '5903a1ce-550f-4981-9142-d17fa0c7d454');
INSERT INTO public.resource_revision (id, url, format, description, "position", revision_id, continuity_id, hash, state, extras, expired_id, revision_timestamp, expired_timestamp, current, name, resource_type, mimetype, mimetype_inner, size, last_modified, cache_url, cache_last_updated, webstore_url, webstore_last_updated, created, url_type, package_id) VALUES ('16e484b9-1e6e-4527-a0e6-a50abf9ca0c7', 'steps_portal_diabetes_time.csv', 'CSV', '', 0, '04a2ecf6-d2ee-42d9-9005-121e296951e3', '16e484b9-1e6e-4527-a0e6-a50abf9ca0c7', '', 'active', '{"datastore_active": true}', NULL, '2020-12-03 18:51:18.358966', '2020-12-03 18:55:38.44285', NULL, 'STEPS Diabetes Data', NULL, 'text/csv', NULL, NULL, '2020-12-03 18:51:18.352344', NULL, NULL, NULL, NULL, '2020-11-19 15:03:39.228569', 'upload', '088d4d99-0a46-47b5-adc5-e0742fa31389');
INSERT INTO public.resource_revision (id, url, format, description, "position", revision_id, continuity_id, hash, state, extras, expired_id, revision_timestamp, expired_timestamp, current, name, resource_type, mimetype, mimetype_inner, size, last_modified, cache_url, cache_last_updated, webstore_url, webstore_last_updated, created, url_type, package_id) VALUES ('f0f749d3-25f4-4f4f-9a24-7277d68d5d24', 'steps_portal_others.csv', 'CSV', '', 0, '56fe51b2-d64a-45c2-8dbb-90a9a581bb04', 'f0f749d3-25f4-4f4f-9a24-7277d68d5d24', '', 'active', '{"datastore_active": true}', NULL, '2020-12-03 19:36:28.570805', '2020-12-03 19:37:12.529041', NULL, 'STEPS Other STEPS Data', NULL, 'text/csv', NULL, NULL, '2020-12-03 19:36:28.564086', NULL, NULL, NULL, NULL, '2020-11-19 15:06:11.842115', 'upload', '4ff5d87a-d222-47ea-8400-f1f65b13fad5');
INSERT INTO public.resource_revision (id, url, format, description, "position", revision_id, continuity_id, hash, state, extras, expired_id, revision_timestamp, expired_timestamp, current, name, resource_type, mimetype, mimetype_inner, size, last_modified, cache_url, cache_last_updated, webstore_url, webstore_last_updated, created, url_type, package_id) VALUES ('d515cca7-612f-4840-8b07-14277146ef99', 'steps_portal_cholesterol.csv', 'CSV', '', 0, '2b182af1-c501-444d-82db-85fc57c048c7', 'd515cca7-612f-4840-8b07-14277146ef99', '', 'active', '{"datastore_active": true}', NULL, '2020-12-03 18:50:55.306998', '2020-12-07 19:18:38.589289', NULL, 'STEPS Cholesterol Data', NULL, 'text/csv', NULL, NULL, '2020-12-03 18:50:55.298201', NULL, NULL, NULL, NULL, '2020-11-19 15:02:44.450957', 'upload', '907d2d06-083a-4d53-907b-45766a5253e1');
INSERT INTO public.resource_revision (id, url, format, description, "position", revision_id, continuity_id, hash, state, extras, expired_id, revision_timestamp, expired_timestamp, current, name, resource_type, mimetype, mimetype_inner, size, last_modified, cache_url, cache_last_updated, webstore_url, webstore_last_updated, created, url_type, package_id) VALUES ('afac1e1a-fa53-485c-8059-05ab40e9a148', 'steps_portal_physical.csv', 'CSV', '', 0, '60758a2c-170b-4f49-9b5d-131a9158fac5', 'afac1e1a-fa53-485c-8059-05ab40e9a148', '', 'active', '{"datastore_active": true}', NULL, '2020-12-08 20:46:20.93758', '2020-12-15 18:30:23.195174', NULL, 'STEPS Physical Activity Data', NULL, 'text/csv', NULL, NULL, '2020-12-08 20:46:20.929946', NULL, NULL, NULL, NULL, '2020-11-19 15:08:15.055826', 'upload', '4cef2643-9fcd-4d16-9a9a-78b23d6c2699');
INSERT INTO public.resource_revision (id, url, format, description, "position", revision_id, continuity_id, hash, state, extras, expired_id, revision_timestamp, expired_timestamp, current, name, resource_type, mimetype, mimetype_inner, size, last_modified, cache_url, cache_last_updated, webstore_url, webstore_last_updated, created, url_type, package_id) VALUES ('f0f749d3-25f4-4f4f-9a24-7277d68d5d24', 'https://vital-stepsdata.org/dataset/4ff5d87a-d222-47ea-8400-f1f65b13fad5/resource/f0f749d3-25f4-4f4f-9a24-7277d68d5d24/download/steps_portal_others.csv', 'CSV', '', 0, '6e374e8f-a82e-4224-9016-feb11614b314', 'f0f749d3-25f4-4f4f-9a24-7277d68d5d24', '', 'active', '{"datastore_active": true}', NULL, '2020-12-08 18:51:50.852435', '2020-12-15 18:30:57.943139', NULL, 'STEPS Other STEPS Data', NULL, 'text/csv', NULL, NULL, '2020-12-08 18:50:47.525583', NULL, NULL, NULL, NULL, '2020-11-19 15:06:11.842115', 'upload', '4ff5d87a-d222-47ea-8400-f1f65b13fad5');
INSERT INTO public.resource_revision (id, url, format, description, "position", revision_id, continuity_id, hash, state, extras, expired_id, revision_timestamp, expired_timestamp, current, name, resource_type, mimetype, mimetype_inner, size, last_modified, cache_url, cache_last_updated, webstore_url, webstore_last_updated, created, url_type, package_id) VALUES ('16e484b9-1e6e-4527-a0e6-a50abf9ca0c7', 'steps_portal_diabetes_time.csv', 'CSV', '', 0, 'f24e9a8e-e02e-4cbd-8e39-9060a2a09e0a', '16e484b9-1e6e-4527-a0e6-a50abf9ca0c7', '', 'active', '{"datastore_active": true}', NULL, '2020-12-17 18:55:03.265184', '2020-12-17 18:57:30.550059', NULL, 'STEPS Diabetes Data', NULL, 'text/csv', NULL, NULL, '2020-12-17 18:55:03.25627', NULL, NULL, NULL, NULL, '2020-11-19 15:03:39.228569', 'upload', '088d4d99-0a46-47b5-adc5-e0742fa31389');
INSERT INTO public.resource_revision (id, url, format, description, "position", revision_id, continuity_id, hash, state, extras, expired_id, revision_timestamp, expired_timestamp, current, name, resource_type, mimetype, mimetype_inner, size, last_modified, cache_url, cache_last_updated, webstore_url, webstore_last_updated, created, url_type, package_id) VALUES ('16e484b9-1e6e-4527-a0e6-a50abf9ca0c7', 'https://vital-stepsdata.org/dataset/088d4d99-0a46-47b5-adc5-e0742fa31389/resource/16e484b9-1e6e-4527-a0e6-a50abf9ca0c7/download/steps_portal_diabetes_time.csv', 'CSV', '', 0, '6e813cd7-d7b3-400f-9dca-d3ebbf017b8f', '16e484b9-1e6e-4527-a0e6-a50abf9ca0c7', '', 'active', '{"datastore_active": true}', NULL, '2020-12-17 18:57:30.550059', '2020-12-17 19:01:19.536321', NULL, 'STEPS Diabetes Data', NULL, 'text/csv', NULL, NULL, '2020-12-17 18:55:03.25627', NULL, NULL, NULL, NULL, '2020-11-19 15:03:39.228569', 'upload', '088d4d99-0a46-47b5-adc5-e0742fa31389');
INSERT INTO public.resource_revision (id, url, format, description, "position", revision_id, continuity_id, hash, state, extras, expired_id, revision_timestamp, expired_timestamp, current, name, resource_type, mimetype, mimetype_inner, size, last_modified, cache_url, cache_last_updated, webstore_url, webstore_last_updated, created, url_type, package_id) VALUES ('16e484b9-1e6e-4527-a0e6-a50abf9ca0c7', 'steps_portal_diabetes_time.csv', 'CSV', '', 0, 'ea07f764-b321-429e-a086-a51385fb618b', '16e484b9-1e6e-4527-a0e6-a50abf9ca0c7', '', 'active', '{"datastore_active": true}', NULL, '2020-12-17 19:02:29.619766', '2020-12-17 19:58:24.842167', NULL, 'STEPS Diabetes Data', NULL, 'text/csv', NULL, NULL, '2020-12-17 19:02:29.612547', NULL, NULL, NULL, NULL, '2020-11-19 15:03:39.228569', 'upload', '088d4d99-0a46-47b5-adc5-e0742fa31389');
INSERT INTO public.resource_revision (id, url, format, description, "position", revision_id, continuity_id, hash, state, extras, expired_id, revision_timestamp, expired_timestamp, current, name, resource_type, mimetype, mimetype_inner, size, last_modified, cache_url, cache_last_updated, webstore_url, webstore_last_updated, created, url_type, package_id) VALUES ('16e484b9-1e6e-4527-a0e6-a50abf9ca0c7', 'steps_portal_diabetes_time.csv', 'CSV', '', 0, '80123099-2ad8-4fa3-9b1b-99eb50e922b5', '16e484b9-1e6e-4527-a0e6-a50abf9ca0c7', '', 'deleted', '{"datastore_active": true}', NULL, '2020-12-17 19:58:24.842167', '9999-12-31 00:00:00', NULL, 'STEPS Diabetes Data', NULL, 'text/csv', NULL, NULL, '2020-12-17 19:02:29.612547', NULL, NULL, NULL, NULL, '2020-11-19 15:03:39.228569', 'upload', '088d4d99-0a46-47b5-adc5-e0742fa31389');
INSERT INTO public.resource_revision (id, url, format, description, "position", revision_id, continuity_id, hash, state, extras, expired_id, revision_timestamp, expired_timestamp, current, name, resource_type, mimetype, mimetype_inner, size, last_modified, cache_url, cache_last_updated, webstore_url, webstore_last_updated, created, url_type, package_id) VALUES ('f0f749d3-25f4-4f4f-9a24-7277d68d5d24', 'steps_portal_others.csv', 'CSV', '', 0, 'da926bc7-1475-4f5d-802b-4fcd143d1aaf', 'f0f749d3-25f4-4f4f-9a24-7277d68d5d24', '', 'active', '{"datastore_active": true}', NULL, '2020-12-08 15:15:43.307497', '2020-12-08 15:19:55.450446', NULL, 'STEPS Other STEPS Data', NULL, 'text/csv', NULL, NULL, '2020-12-08 15:15:43.300522', NULL, NULL, NULL, NULL, '2020-11-19 15:06:11.842115', 'upload', '4ff5d87a-d222-47ea-8400-f1f65b13fad5');
INSERT INTO public.resource_revision (id, url, format, description, "position", revision_id, continuity_id, hash, state, extras, expired_id, revision_timestamp, expired_timestamp, current, name, resource_type, mimetype, mimetype_inner, size, last_modified, cache_url, cache_last_updated, webstore_url, webstore_last_updated, created, url_type, package_id) VALUES ('f0f749d3-25f4-4f4f-9a24-7277d68d5d24', 'https://vital-stepsdata.org/dataset/4ff5d87a-d222-47ea-8400-f1f65b13fad5/resource/f0f749d3-25f4-4f4f-9a24-7277d68d5d24/download/steps_portal_others.csv', 'CSV', '', 0, '124fa3fb-5b1f-4869-be7f-f9ad5bea1db4', 'f0f749d3-25f4-4f4f-9a24-7277d68d5d24', '', 'active', '{"datastore_active": true}', NULL, '2020-12-03 16:25:03.973636', '2020-12-03 16:26:58.094539', NULL, 'STEPS Other STEPS Data', NULL, 'text/csv', NULL, NULL, '2020-11-19 19:40:22.207412', NULL, NULL, NULL, NULL, '2020-11-19 15:06:11.842115', 'upload', '4ff5d87a-d222-47ea-8400-f1f65b13fad5');
INSERT INTO public.resource_revision (id, url, format, description, "position", revision_id, continuity_id, hash, state, extras, expired_id, revision_timestamp, expired_timestamp, current, name, resource_type, mimetype, mimetype_inner, size, last_modified, cache_url, cache_last_updated, webstore_url, webstore_last_updated, created, url_type, package_id) VALUES ('ebc56be4-8271-498b-bb6a-f7011ae5b3cf', 'https://vital-stepsdata.org/dataset/a9a21387-1e16-43e2-802a-18c6febba6af/resource/ebc56be4-8271-498b-bb6a-f7011ae5b3cf/download/steps_portal_obesity_vn.csv', 'CSV', '', 1, '62cc2cc1-deed-4903-8942-ccab8e2b555e', 'ebc56be4-8271-498b-bb6a-f7011ae5b3cf', '', 'active', '{"datastore_active": true}', NULL, '2021-02-03 02:48:51.565042', '9999-12-31 00:00:00', NULL, 'STEPS Obesity Data Viet Nam', NULL, 'text/csv', NULL, NULL, '2021-01-28 15:39:17.849714', NULL, NULL, NULL, NULL, '2021-01-21 01:19:58.002839', 'upload', 'a9a21387-1e16-43e2-802a-18c6febba6af');
INSERT INTO public.resource_revision (id, url, format, description, "position", revision_id, continuity_id, hash, state, extras, expired_id, revision_timestamp, expired_timestamp, current, name, resource_type, mimetype, mimetype_inner, size, last_modified, cache_url, cache_last_updated, webstore_url, webstore_last_updated, created, url_type, package_id) VALUES ('4e007771-3f88-414e-abf5-85fa324cd5ef', 'steps_portal_obesity.csv', 'CSV', '', 0, '7a926de6-c7b0-47bd-90ca-e17251739702', '4e007771-3f88-414e-abf5-85fa324cd5ef', '', 'active', '{"datastore_active": true}', NULL, '2020-12-15 18:30:41.623218', '2021-01-21 01:19:57.988092', NULL, 'STEPS Obesity Data', NULL, 'text/csv', NULL, NULL, '2020-12-15 18:30:41.616342', NULL, NULL, NULL, NULL, '2020-11-19 15:07:17.741697', 'upload', 'a9a21387-1e16-43e2-802a-18c6febba6af');
INSERT INTO public.resource_revision (id, url, format, description, "position", revision_id, continuity_id, hash, state, extras, expired_id, revision_timestamp, expired_timestamp, current, name, resource_type, mimetype, mimetype_inner, size, last_modified, cache_url, cache_last_updated, webstore_url, webstore_last_updated, created, url_type, package_id) VALUES ('f0f749d3-25f4-4f4f-9a24-7277d68d5d24', 'steps_portal_others.csv', 'CSV', '', 0, '00bf8069-f350-45b5-bcf5-03d64bb78cb8', 'f0f749d3-25f4-4f4f-9a24-7277d68d5d24', '', 'active', '{"datastore_active": true}', NULL, '2020-12-08 18:50:47.532992', '2020-12-08 18:51:50.852435', NULL, 'STEPS Other STEPS Data', NULL, 'text/csv', NULL, NULL, '2020-12-08 18:50:47.525583', NULL, NULL, NULL, NULL, '2020-11-19 15:06:11.842115', 'upload', '4ff5d87a-d222-47ea-8400-f1f65b13fad5');
INSERT INTO public.resource_revision (id, url, format, description, "position", revision_id, continuity_id, hash, state, extras, expired_id, revision_timestamp, expired_timestamp, current, name, resource_type, mimetype, mimetype_inner, size, last_modified, cache_url, cache_last_updated, webstore_url, webstore_last_updated, created, url_type, package_id) VALUES ('bd2b92f0-2e53-433f-8103-2e29c7082cff', 'steps_portal_tobacco.csv', 'CSV', '', 0, '234e81de-ce51-40d2-a22e-18cf89e389e7', 'bd2b92f0-2e53-433f-8103-2e29c7082cff', '', 'active', '{"datastore_active": true}', NULL, '2020-12-09 15:57:56.306858', '2021-01-25 22:04:24.946081', NULL, 'STEPS Tobacco Data', NULL, 'text/csv', NULL, NULL, '2020-12-09 15:57:56.299659', NULL, NULL, NULL, NULL, '2020-11-18 18:46:08.881282', 'upload', '5903a1ce-550f-4981-9142-d17fa0c7d454');
INSERT INTO public.resource_revision (id, url, format, description, "position", revision_id, continuity_id, hash, state, extras, expired_id, revision_timestamp, expired_timestamp, current, name, resource_type, mimetype, mimetype_inner, size, last_modified, cache_url, cache_last_updated, webstore_url, webstore_last_updated, created, url_type, package_id) VALUES ('f0f749d3-25f4-4f4f-9a24-7277d68d5d24', 'https://vital-stepsdata.org/dataset/4ff5d87a-d222-47ea-8400-f1f65b13fad5/resource/f0f749d3-25f4-4f4f-9a24-7277d68d5d24/download/steps_portal_others.csv', 'CSV', '', 0, '72e8597b-86a6-4cca-9b2f-ebf701cd7429', 'f0f749d3-25f4-4f4f-9a24-7277d68d5d24', '', 'active', '{"datastore_active": true}', NULL, '2020-12-03 16:35:43.154765', '2020-12-03 19:36:28.570805', NULL, 'STEPS Other STEPS Data', NULL, 'text/csv', NULL, NULL, '2020-12-03 16:26:58.083029', NULL, NULL, NULL, NULL, '2020-11-19 15:06:11.842115', 'upload', '4ff5d87a-d222-47ea-8400-f1f65b13fad5');
INSERT INTO public.resource_revision (id, url, format, description, "position", revision_id, continuity_id, hash, state, extras, expired_id, revision_timestamp, expired_timestamp, current, name, resource_type, mimetype, mimetype_inner, size, last_modified, cache_url, cache_last_updated, webstore_url, webstore_last_updated, created, url_type, package_id) VALUES ('afac1e1a-fa53-485c-8059-05ab40e9a148', 'https://vital-stepsdata.org/dataset/4cef2643-9fcd-4d16-9a9a-78b23d6c2699/resource/afac1e1a-fa53-485c-8059-05ab40e9a148/download/steps_portal_physical.csv', 'CSV', '', 0, '44c7ffd2-7764-4785-8ca9-7df34fb870ad', 'afac1e1a-fa53-485c-8059-05ab40e9a148', '', 'active', '{"datastore_active": true}', NULL, '2020-12-08 20:40:32.6206', '2020-12-08 20:46:20.93758', NULL, 'STEPS Physical Activity Data', NULL, 'text/csv', NULL, NULL, '2020-11-19 19:38:12.30383', NULL, NULL, NULL, NULL, '2020-11-19 15:08:15.055826', 'upload', '4cef2643-9fcd-4d16-9a9a-78b23d6c2699');
INSERT INTO public.resource_revision (id, url, format, description, "position", revision_id, continuity_id, hash, state, extras, expired_id, revision_timestamp, expired_timestamp, current, name, resource_type, mimetype, mimetype_inner, size, last_modified, cache_url, cache_last_updated, webstore_url, webstore_last_updated, created, url_type, package_id) VALUES ('ac98ee9a-0193-49ed-b0c3-c6d2b9a9090e', 'https://vital-stepsdata.org/dataset/7e8c592f-22df-4b5d-8166-0c7188af052c/resource/ac98ee9a-0193-49ed-b0c3-c6d2b9a9090e/download/steps_portal_alcohol.csv', 'CSV', '', 0, '95571f7a-af97-4692-9ec0-3f51b2fecd44', 'ac98ee9a-0193-49ed-b0c3-c6d2b9a9090e', '', 'active', '{"datastore_active": true}', NULL, '2020-12-07 19:19:07.960378', '2020-12-09 15:58:45.993262', NULL, 'STEPS Alcohol Data', NULL, 'text/csv', NULL, NULL, '2020-12-03 18:50:24.061674', NULL, NULL, NULL, NULL, '2020-11-18 18:42:44.504162', 'upload', '7e8c592f-22df-4b5d-8166-0c7188af052c');
INSERT INTO public.resource_revision (id, url, format, description, "position", revision_id, continuity_id, hash, state, extras, expired_id, revision_timestamp, expired_timestamp, current, name, resource_type, mimetype, mimetype_inner, size, last_modified, cache_url, cache_last_updated, webstore_url, webstore_last_updated, created, url_type, package_id) VALUES ('0bb6a5ce-4d1d-4e77-973c-afe062c8dcc8', 'https://vital-stepsdata.org/dataset/dde4d112-f458-4630-96ec-e4dc7ded854d/resource/0bb6a5ce-4d1d-4e77-973c-afe062c8dcc8/download/steps_portal_hypertension.csv', 'CSV', '', 0, 'f22cc6da-63d1-46b8-8ab0-5bd88a77ec19', '0bb6a5ce-4d1d-4e77-973c-afe062c8dcc8', '', 'active', '{"datastore_active": true}', NULL, '2020-12-07 14:55:15.187153', '2020-12-07 18:59:27.689619', NULL, 'STEPS Hypertension Data', NULL, 'text/csv', NULL, NULL, '2020-11-19 19:41:21.375585', NULL, NULL, NULL, NULL, '2020-11-18 18:48:25.3744', 'upload', 'dde4d112-f458-4630-96ec-e4dc7ded854d');
INSERT INTO public.resource_revision (id, url, format, description, "position", revision_id, continuity_id, hash, state, extras, expired_id, revision_timestamp, expired_timestamp, current, name, resource_type, mimetype, mimetype_inner, size, last_modified, cache_url, cache_last_updated, webstore_url, webstore_last_updated, created, url_type, package_id) VALUES ('ac98ee9a-0193-49ed-b0c3-c6d2b9a9090e', 'steps_portal_alcohol.csv', 'CSV', '', 0, '04f9065d-58ff-4c71-b2ff-e01ab00781c1', 'ac98ee9a-0193-49ed-b0c3-c6d2b9a9090e', '', 'active', '{"datastore_active": true}', NULL, '2020-12-03 18:50:24.067978', '2020-12-07 19:19:07.960378', NULL, 'STEPS Alcohol Data', NULL, 'text/csv', NULL, NULL, '2020-12-03 18:50:24.061674', NULL, NULL, NULL, NULL, '2020-11-18 18:42:44.504162', 'upload', '7e8c592f-22df-4b5d-8166-0c7188af052c');
INSERT INTO public.resource_revision (id, url, format, description, "position", revision_id, continuity_id, hash, state, extras, expired_id, revision_timestamp, expired_timestamp, current, name, resource_type, mimetype, mimetype_inner, size, last_modified, cache_url, cache_last_updated, webstore_url, webstore_last_updated, created, url_type, package_id) VALUES ('d7271660-0dfc-4ab6-b30b-c7b3118db3d2', 'https://vital-stepsdata.org/dataset/e06d5766-d134-45a4-9079-82b9875b907a/resource/d7271660-0dfc-4ab6-b30b-c7b3118db3d2/download/steps_portal_diet.csv', 'CSV', '', 0, '70309ee8-f5f9-45db-a542-9e4c5b8f7ff8', 'd7271660-0dfc-4ab6-b30b-c7b3118db3d2', '', 'active', '{"datastore_active": true}', NULL, '2020-12-07 20:56:48.462593', '2020-12-15 18:31:46.818197', NULL, 'STEPS Diet Data', NULL, 'text/csv', NULL, NULL, '2020-12-07 20:51:12.355421', NULL, NULL, NULL, NULL, '2020-11-19 15:05:10.638455', 'upload', 'e06d5766-d134-45a4-9079-82b9875b907a');
INSERT INTO public.resource_revision (id, url, format, description, "position", revision_id, continuity_id, hash, state, extras, expired_id, revision_timestamp, expired_timestamp, current, name, resource_type, mimetype, mimetype_inner, size, last_modified, cache_url, cache_last_updated, webstore_url, webstore_last_updated, created, url_type, package_id) VALUES ('d7271660-0dfc-4ab6-b30b-c7b3118db3d2', 'steps_portal_diet.csv', 'CSV', '', 0, 'e2c0210b-cd0a-478a-8ba8-bcfa5bd53bf6', 'd7271660-0dfc-4ab6-b30b-c7b3118db3d2', '', 'active', '{"datastore_active": true}', NULL, '2020-12-07 20:51:12.361883', '2020-12-07 20:56:48.462593', NULL, 'STEPS Diet Data', NULL, 'text/csv', NULL, NULL, '2020-12-07 20:51:12.355421', NULL, NULL, NULL, NULL, '2020-11-19 15:05:10.638455', 'upload', 'e06d5766-d134-45a4-9079-82b9875b907a');
INSERT INTO public.resource_revision (id, url, format, description, "position", revision_id, continuity_id, hash, state, extras, expired_id, revision_timestamp, expired_timestamp, current, name, resource_type, mimetype, mimetype_inner, size, last_modified, cache_url, cache_last_updated, webstore_url, webstore_last_updated, created, url_type, package_id) VALUES ('f0f749d3-25f4-4f4f-9a24-7277d68d5d24', 'https://vital-stepsdata.org/dataset/4ff5d87a-d222-47ea-8400-f1f65b13fad5/resource/f0f749d3-25f4-4f4f-9a24-7277d68d5d24/download/steps_portal_others.csv', 'CSV', '', 0, 'dc227db5-0235-4098-b082-3094abbbee05', 'f0f749d3-25f4-4f4f-9a24-7277d68d5d24', '', 'active', '{"datastore_active": true}', NULL, '2020-12-03 19:37:12.529041', '2020-12-08 15:15:43.307497', NULL, 'STEPS Other STEPS Data', NULL, 'text/csv', NULL, NULL, '2020-12-03 19:36:28.564086', NULL, NULL, NULL, NULL, '2020-11-19 15:06:11.842115', 'upload', '4ff5d87a-d222-47ea-8400-f1f65b13fad5');
INSERT INTO public.resource_revision (id, url, format, description, "position", revision_id, continuity_id, hash, state, extras, expired_id, revision_timestamp, expired_timestamp, current, name, resource_type, mimetype, mimetype_inner, size, last_modified, cache_url, cache_last_updated, webstore_url, webstore_last_updated, created, url_type, package_id) VALUES ('d515cca7-612f-4840-8b07-14277146ef99', 'https://vital-stepsdata.org/dataset/907d2d06-083a-4d53-907b-45766a5253e1/resource/d515cca7-612f-4840-8b07-14277146ef99/download/steps_portal_cholesterol.csv', 'CSV', '', 0, 'a4e0d182-9a2c-4584-b6bf-fcf4804a80ca', 'd515cca7-612f-4840-8b07-14277146ef99', '', 'active', '{"datastore_active": true}', NULL, '2020-12-07 19:18:38.589289', '2020-12-15 18:32:04.979338', NULL, 'STEPS Cholesterol Data', NULL, 'text/csv', NULL, NULL, '2020-12-03 18:50:55.298201', NULL, NULL, NULL, NULL, '2020-11-19 15:02:44.450957', 'upload', '907d2d06-083a-4d53-907b-45766a5253e1');
INSERT INTO public.resource_revision (id, url, format, description, "position", revision_id, continuity_id, hash, state, extras, expired_id, revision_timestamp, expired_timestamp, current, name, resource_type, mimetype, mimetype_inner, size, last_modified, cache_url, cache_last_updated, webstore_url, webstore_last_updated, created, url_type, package_id) VALUES ('0bb6a5ce-4d1d-4e77-973c-afe062c8dcc8', 'steps_portal_hypertension.csv', 'CSV', '', 0, '4caca48b-2092-4732-8f27-aa7bba69d7bd', '0bb6a5ce-4d1d-4e77-973c-afe062c8dcc8', '', 'active', '{"datastore_active": true}', NULL, '2020-12-07 18:59:27.689619', '2020-12-15 18:32:24.307419', NULL, 'STEPS Hypertension Data', NULL, 'text/csv', NULL, NULL, '2020-12-07 18:59:27.682905', NULL, NULL, NULL, NULL, '2020-11-18 18:48:25.3744', 'upload', 'dde4d112-f458-4630-96ec-e4dc7ded854d');
INSERT INTO public.resource_revision (id, url, format, description, "position", revision_id, continuity_id, hash, state, extras, expired_id, revision_timestamp, expired_timestamp, current, name, resource_type, mimetype, mimetype_inner, size, last_modified, cache_url, cache_last_updated, webstore_url, webstore_last_updated, created, url_type, package_id) VALUES ('16e484b9-1e6e-4527-a0e6-a50abf9ca0c7', 'steps_portal_diabetes_time.csv', 'CSV', '', 0, '0b835786-3621-4feb-a090-17aa0ff1a741', '16e484b9-1e6e-4527-a0e6-a50abf9ca0c7', '', 'active', '{"datastore_active": true}', NULL, '2020-12-15 18:31:18.725796', '2020-12-17 18:34:38.965401', NULL, 'STEPS Diabetes Data', NULL, 'text/csv', NULL, NULL, '2020-12-15 18:31:18.718527', NULL, NULL, NULL, NULL, '2020-11-19 15:03:39.228569', 'upload', '088d4d99-0a46-47b5-adc5-e0742fa31389');
INSERT INTO public.resource_revision (id, url, format, description, "position", revision_id, continuity_id, hash, state, extras, expired_id, revision_timestamp, expired_timestamp, current, name, resource_type, mimetype, mimetype_inner, size, last_modified, cache_url, cache_last_updated, webstore_url, webstore_last_updated, created, url_type, package_id) VALUES ('16e484b9-1e6e-4527-a0e6-a50abf9ca0c7', 'steps_portal_diabetes_time.csv', 'CSV', '', 0, 'b4e76bd6-3306-40ed-9321-e5741b9b5fa5', '16e484b9-1e6e-4527-a0e6-a50abf9ca0c7', '', 'active', '{"datastore_active": true}', NULL, '2020-12-17 18:34:38.965401', '2020-12-17 18:55:03.265184', NULL, 'STEPS Diabetes Data', NULL, 'text/csv', NULL, NULL, '2020-12-17 18:34:38.958749', NULL, NULL, NULL, NULL, '2020-11-19 15:03:39.228569', 'upload', '088d4d99-0a46-47b5-adc5-e0742fa31389');
INSERT INTO public.resource_revision (id, url, format, description, "position", revision_id, continuity_id, hash, state, extras, expired_id, revision_timestamp, expired_timestamp, current, name, resource_type, mimetype, mimetype_inner, size, last_modified, cache_url, cache_last_updated, webstore_url, webstore_last_updated, created, url_type, package_id) VALUES ('16e484b9-1e6e-4527-a0e6-a50abf9ca0c7', '', 'CSV', '', 0, '997fe0ae-5813-4954-84d0-04b42ea115ba', '16e484b9-1e6e-4527-a0e6-a50abf9ca0c7', '', 'active', '{"datastore_active": true}', NULL, '2020-12-17 19:01:19.536321', '2020-12-17 19:02:29.619766', NULL, 'STEPS Diabetes Data', NULL, 'text/csv', NULL, NULL, '2020-12-17 18:55:03.25627', NULL, NULL, NULL, NULL, '2020-11-19 15:03:39.228569', '', '088d4d99-0a46-47b5-adc5-e0742fa31389');
INSERT INTO public.resource_revision (id, url, format, description, "position", revision_id, continuity_id, hash, state, extras, expired_id, revision_timestamp, expired_timestamp, current, name, resource_type, mimetype, mimetype_inner, size, last_modified, cache_url, cache_last_updated, webstore_url, webstore_last_updated, created, url_type, package_id) VALUES ('c298ca18-2944-4484-a484-3025f24b3c5c', 'steps_portal_diabetes_time.csv', 'CSV', '', 0, '7302957c-40ff-447a-b768-39046b09f7b0', 'c298ca18-2944-4484-a484-3025f24b3c5c', '', 'active', NULL, NULL, '2020-12-17 19:59:06.175033', '2020-12-17 19:59:33.413978', NULL, 'STEPS Portal Diabetes', NULL, 'text/csv', NULL, NULL, '2020-12-17 19:59:06.166061', NULL, NULL, NULL, NULL, '2020-12-17 19:59:06.190904', 'upload', '088d4d99-0a46-47b5-adc5-e0742fa31389');
INSERT INTO public.resource_revision (id, url, format, description, "position", revision_id, continuity_id, hash, state, extras, expired_id, revision_timestamp, expired_timestamp, current, name, resource_type, mimetype, mimetype_inner, size, last_modified, cache_url, cache_last_updated, webstore_url, webstore_last_updated, created, url_type, package_id) VALUES ('ac98ee9a-0193-49ed-b0c3-c6d2b9a9090e', 'steps_portal_alcohol.csv', 'CSV', '', 0, '3e1a1c4b-eebf-413b-94ba-8bdfebdee992', 'ac98ee9a-0193-49ed-b0c3-c6d2b9a9090e', '', 'active', '{"datastore_active": true}', NULL, '2020-12-09 15:58:45.993262', '2021-01-05 16:38:28.144269', NULL, 'STEPS Alcohol Data', NULL, 'text/csv', NULL, NULL, '2020-12-09 15:58:45.986659', NULL, NULL, NULL, NULL, '2020-11-18 18:42:44.504162', 'upload', '7e8c592f-22df-4b5d-8166-0c7188af052c');
INSERT INTO public.resource_revision (id, url, format, description, "position", revision_id, continuity_id, hash, state, extras, expired_id, revision_timestamp, expired_timestamp, current, name, resource_type, mimetype, mimetype_inner, size, last_modified, cache_url, cache_last_updated, webstore_url, webstore_last_updated, created, url_type, package_id) VALUES ('c298ca18-2944-4484-a484-3025f24b3c5c', 'https://vital-stepsdata.org/dataset/088d4d99-0a46-47b5-adc5-e0742fa31389/resource/c298ca18-2944-4484-a484-3025f24b3c5c/download/steps_portal_diabetes_time.csv', 'CSV', '', 0, '8ae71b69-ebe1-48fc-917e-af5b905adad7', 'c298ca18-2944-4484-a484-3025f24b3c5c', '', 'active', '{"datastore_active": true}', NULL, '2020-12-22 18:39:04.425455', '2021-01-05 18:37:43.945018', NULL, 'STEPS Diabetes Data', NULL, 'text/csv', NULL, NULL, '2020-12-22 18:37:29.720993', NULL, NULL, NULL, NULL, '2020-12-17 19:59:06.190904', 'upload', '088d4d99-0a46-47b5-adc5-e0742fa31389');
INSERT INTO public.resource_revision (id, url, format, description, "position", revision_id, continuity_id, hash, state, extras, expired_id, revision_timestamp, expired_timestamp, current, name, resource_type, mimetype, mimetype_inner, size, last_modified, cache_url, cache_last_updated, webstore_url, webstore_last_updated, created, url_type, package_id) VALUES ('c298ca18-2944-4484-a484-3025f24b3c5c', 'steps_portal_diabetes_time.csv', 'CSV', '', 0, '9e42fd3d-7f83-497d-8e31-5e9d2c99ab90', 'c298ca18-2944-4484-a484-3025f24b3c5c', '', 'active', '{"datastore_active": true}', NULL, '2021-01-05 18:37:43.945018', '2021-01-05 18:41:34.942339', NULL, 'STEPS Diabetes Data', NULL, 'text/csv', NULL, NULL, '2021-01-05 18:37:43.937774', NULL, NULL, NULL, NULL, '2020-12-17 19:59:06.190904', 'upload', '088d4d99-0a46-47b5-adc5-e0742fa31389');
INSERT INTO public.resource_revision (id, url, format, description, "position", revision_id, continuity_id, hash, state, extras, expired_id, revision_timestamp, expired_timestamp, current, name, resource_type, mimetype, mimetype_inner, size, last_modified, cache_url, cache_last_updated, webstore_url, webstore_last_updated, created, url_type, package_id) VALUES ('ac98ee9a-0193-49ed-b0c3-c6d2b9a9090e', 'steps_portal_alcohol.csv', 'CSV', '', 0, '3c967605-5f2f-425b-83b3-a0847272af01', 'ac98ee9a-0193-49ed-b0c3-c6d2b9a9090e', '', 'active', '{"datastore_active": true}', NULL, '2021-01-05 17:48:01.717301', '2021-01-05 17:48:55.69035', NULL, 'STEPS Alcohol Data', NULL, 'text/csv', NULL, NULL, '2021-01-05 17:48:01.707939', NULL, NULL, NULL, NULL, '2020-11-18 18:42:44.504162', 'upload', '7e8c592f-22df-4b5d-8166-0c7188af052c');
INSERT INTO public.resource_revision (id, url, format, description, "position", revision_id, continuity_id, hash, state, extras, expired_id, revision_timestamp, expired_timestamp, current, name, resource_type, mimetype, mimetype_inner, size, last_modified, cache_url, cache_last_updated, webstore_url, webstore_last_updated, created, url_type, package_id) VALUES ('c298ca18-2944-4484-a484-3025f24b3c5c', 'steps_portal_diabetes_time.csv', 'CSV', '', 0, '54850148-a952-46e1-bbaf-555445c3cf26', 'c298ca18-2944-4484-a484-3025f24b3c5c', '', 'active', '{"datastore_active": true}', NULL, '2021-01-06 17:28:18.49246', '2021-01-06 17:33:23.391685', NULL, 'STEPS Diabetes Data', NULL, 'text/csv', NULL, NULL, '2021-01-06 17:28:18.485711', NULL, NULL, NULL, NULL, '2020-12-17 19:59:06.190904', 'upload', '088d4d99-0a46-47b5-adc5-e0742fa31389');
INSERT INTO public.resource_revision (id, url, format, description, "position", revision_id, continuity_id, hash, state, extras, expired_id, revision_timestamp, expired_timestamp, current, name, resource_type, mimetype, mimetype_inner, size, last_modified, cache_url, cache_last_updated, webstore_url, webstore_last_updated, created, url_type, package_id) VALUES ('c298ca18-2944-4484-a484-3025f24b3c5c', 'steps_portal_diabetes_time.csv', 'CSV', '', 0, '4034408b-ec82-4166-b231-090360c2b192', 'c298ca18-2944-4484-a484-3025f24b3c5c', '', 'active', '{"datastore_active": true}', NULL, '2021-01-06 17:33:23.391685', '2021-01-06 17:37:42.094879', NULL, 'STEPS Diabetes Data', NULL, 'text/csv', NULL, NULL, '2021-01-06 17:33:23.373806', NULL, NULL, NULL, NULL, '2020-12-17 19:59:06.190904', 'upload', '088d4d99-0a46-47b5-adc5-e0742fa31389');
INSERT INTO public.resource_revision (id, url, format, description, "position", revision_id, continuity_id, hash, state, extras, expired_id, revision_timestamp, expired_timestamp, current, name, resource_type, mimetype, mimetype_inner, size, last_modified, cache_url, cache_last_updated, webstore_url, webstore_last_updated, created, url_type, package_id) VALUES ('7e41b140-d68d-4f95-84ef-99026798d63e', 'steps_portal_alcohol_vn.csv', 'CSV', '', 1, '0bc83073-57ae-4d3c-8aad-69b5a48dd555', '7e41b140-d68d-4f95-84ef-99026798d63e', '', 'active', NULL, NULL, '2021-01-20 17:10:36.698283', '2021-01-20 17:11:24.954075', NULL, 'STEPS Alcohol Data Viet Nam', NULL, 'text/csv', NULL, NULL, '2021-01-20 17:10:36.686372', NULL, NULL, NULL, NULL, '2021-01-20 17:10:36.725774', 'upload', '7e8c592f-22df-4b5d-8166-0c7188af052c');
INSERT INTO public.resource_revision (id, url, format, description, "position", revision_id, continuity_id, hash, state, extras, expired_id, revision_timestamp, expired_timestamp, current, name, resource_type, mimetype, mimetype_inner, size, last_modified, cache_url, cache_last_updated, webstore_url, webstore_last_updated, created, url_type, package_id) VALUES ('7e41b140-d68d-4f95-84ef-99026798d63e', 'https://vital-stepsdata.org/dataset/7e8c592f-22df-4b5d-8166-0c7188af052c/resource/7e41b140-d68d-4f95-84ef-99026798d63e/download/steps_portal_alcohol_vn.csv', 'CSV', '', 1, '4d6c2263-0afd-486e-aee0-48498d2cf5d3', '7e41b140-d68d-4f95-84ef-99026798d63e', '', 'active', '{"datastore_active": true}', NULL, '2021-01-20 17:11:24.954075', '2021-01-20 17:30:31.497191', NULL, 'STEPS Alcohol Data Viet Nam', NULL, 'text/csv', NULL, NULL, '2021-01-20 17:10:36.686372', NULL, NULL, NULL, NULL, '2021-01-20 17:10:36.725774', 'upload', '7e8c592f-22df-4b5d-8166-0c7188af052c');
INSERT INTO public.resource_revision (id, url, format, description, "position", revision_id, continuity_id, hash, state, extras, expired_id, revision_timestamp, expired_timestamp, current, name, resource_type, mimetype, mimetype_inner, size, last_modified, cache_url, cache_last_updated, webstore_url, webstore_last_updated, created, url_type, package_id) VALUES ('7e41b140-d68d-4f95-84ef-99026798d63e', 'steps_portal_alcohol_vn.csv', 'CSV', '', 1, '9cc5d7d7-9b17-44b6-bdd2-397ec677cf59', '7e41b140-d68d-4f95-84ef-99026798d63e', '', 'active', '{"datastore_active": true}', NULL, '2021-01-20 17:30:31.497191', '2021-01-20 18:15:27.470537', NULL, 'STEPS Alcohol Data Viet Nam', NULL, 'text/csv', NULL, NULL, '2021-01-20 17:30:31.488342', NULL, NULL, NULL, NULL, '2021-01-20 17:10:36.725774', 'upload', '7e8c592f-22df-4b5d-8166-0c7188af052c');
INSERT INTO public.resource_revision (id, url, format, description, "position", revision_id, continuity_id, hash, state, extras, expired_id, revision_timestamp, expired_timestamp, current, name, resource_type, mimetype, mimetype_inner, size, last_modified, cache_url, cache_last_updated, webstore_url, webstore_last_updated, created, url_type, package_id) VALUES ('7e41b140-d68d-4f95-84ef-99026798d63e', 'steps_portal_alcohol_vn.csv', 'CSV', '', 1, '38d0c603-9a4f-4106-a5e1-642e55eb388b', '7e41b140-d68d-4f95-84ef-99026798d63e', '', 'active', '{"datastore_active": true}', NULL, '2021-01-20 18:15:27.470537', '2021-01-20 18:35:54.505071', NULL, 'STEPS Alcohol Data Viet Nam', NULL, 'text/csv', NULL, NULL, '2021-01-20 18:15:27.462948', NULL, NULL, NULL, NULL, '2021-01-20 17:10:36.725774', 'upload', '7e8c592f-22df-4b5d-8166-0c7188af052c');
INSERT INTO public.resource_revision (id, url, format, description, "position", revision_id, continuity_id, hash, state, extras, expired_id, revision_timestamp, expired_timestamp, current, name, resource_type, mimetype, mimetype_inner, size, last_modified, cache_url, cache_last_updated, webstore_url, webstore_last_updated, created, url_type, package_id) VALUES ('7e41b140-d68d-4f95-84ef-99026798d63e', 'steps_portal_alcohol_vn.csv', 'CSV', '', 1, '38092bf1-8fca-4ef9-acd5-e14f22703823', '7e41b140-d68d-4f95-84ef-99026798d63e', '', 'active', '{"datastore_active": true}', NULL, '2021-01-20 18:35:54.505071', '2021-01-20 18:40:34.953505', NULL, 'STEPS Alcohol Data Viet Nam', NULL, 'text/csv', NULL, NULL, '2021-01-20 18:35:54.49752', NULL, NULL, NULL, NULL, '2021-01-20 17:10:36.725774', 'upload', '7e8c592f-22df-4b5d-8166-0c7188af052c');
INSERT INTO public.resource_revision (id, url, format, description, "position", revision_id, continuity_id, hash, state, extras, expired_id, revision_timestamp, expired_timestamp, current, name, resource_type, mimetype, mimetype_inner, size, last_modified, cache_url, cache_last_updated, webstore_url, webstore_last_updated, created, url_type, package_id) VALUES ('d515cca7-612f-4840-8b07-14277146ef99', 'steps_portal_cholesterol.csv', 'CSV', '', 0, '72ffd68e-1f34-463d-ba37-b086cc2b33d2', 'd515cca7-612f-4840-8b07-14277146ef99', '', 'active', '{"datastore_active": true}', NULL, '2020-12-15 18:32:04.979338', '2021-01-20 18:51:09.334109', NULL, 'STEPS Cholesterol Data', NULL, 'text/csv', NULL, NULL, '2020-12-15 18:32:04.972617', NULL, NULL, NULL, NULL, '2020-11-19 15:02:44.450957', 'upload', '907d2d06-083a-4d53-907b-45766a5253e1');
INSERT INTO public.resource_revision (id, url, format, description, "position", revision_id, continuity_id, hash, state, extras, expired_id, revision_timestamp, expired_timestamp, current, name, resource_type, mimetype, mimetype_inner, size, last_modified, cache_url, cache_last_updated, webstore_url, webstore_last_updated, created, url_type, package_id) VALUES ('d515cca7-612f-4840-8b07-14277146ef99', 'https://vital-stepsdata.org/dataset/907d2d06-083a-4d53-907b-45766a5253e1/resource/d515cca7-612f-4840-8b07-14277146ef99/download/steps_portal_cholesterol.csv', 'CSV', '', 0, '20476474-8d46-40ae-8d0d-1fa0f68c6fc0', 'd515cca7-612f-4840-8b07-14277146ef99', '', 'active', '{"datastore_active": true}', NULL, '2021-01-20 18:51:09.334109', '9999-12-31 00:00:00', NULL, 'STEPS Cholesterol Data', NULL, 'text/csv', NULL, NULL, '2020-12-15 18:32:04.972617', NULL, NULL, NULL, NULL, '2020-11-19 15:02:44.450957', 'upload', '907d2d06-083a-4d53-907b-45766a5253e1');
INSERT INTO public.resource_revision (id, url, format, description, "position", revision_id, continuity_id, hash, state, extras, expired_id, revision_timestamp, expired_timestamp, current, name, resource_type, mimetype, mimetype_inner, size, last_modified, cache_url, cache_last_updated, webstore_url, webstore_last_updated, created, url_type, package_id) VALUES ('17b6135e-0690-4100-b680-5aeaed77b923', 'steps_portal_cholesterol_vn.csv', 'CSV', '', 1, '20476474-8d46-40ae-8d0d-1fa0f68c6fc0', '17b6135e-0690-4100-b680-5aeaed77b923', '', 'active', NULL, NULL, '2021-01-20 18:51:09.334109', '2021-01-20 18:52:42.048563', NULL, 'STEPS Cholesterol Data Viet Nam', NULL, 'text/csv', NULL, NULL, '2021-01-20 18:51:09.324764', NULL, NULL, NULL, NULL, '2021-01-20 18:51:09.350729', 'upload', '907d2d06-083a-4d53-907b-45766a5253e1');
INSERT INTO public.resource_revision (id, url, format, description, "position", revision_id, continuity_id, hash, state, extras, expired_id, revision_timestamp, expired_timestamp, current, name, resource_type, mimetype, mimetype_inner, size, last_modified, cache_url, cache_last_updated, webstore_url, webstore_last_updated, created, url_type, package_id) VALUES ('c298ca18-2944-4484-a484-3025f24b3c5c', 'steps_portal_diabetes_time.csv', 'CSV', '', 0, '1c6618f1-8f36-4fd5-9f63-88790e97f4b4', 'c298ca18-2944-4484-a484-3025f24b3c5c', '', 'active', '{"datastore_active": true}', NULL, '2021-01-06 17:37:42.094879', '2021-01-21 01:16:20.483655', NULL, 'STEPS Diabetes Data', NULL, 'text/csv', NULL, NULL, '2021-01-06 17:37:42.08582', NULL, NULL, NULL, NULL, '2020-12-17 19:59:06.190904', 'upload', '088d4d99-0a46-47b5-adc5-e0742fa31389');
INSERT INTO public.resource_revision (id, url, format, description, "position", revision_id, continuity_id, hash, state, extras, expired_id, revision_timestamp, expired_timestamp, current, name, resource_type, mimetype, mimetype_inner, size, last_modified, cache_url, cache_last_updated, webstore_url, webstore_last_updated, created, url_type, package_id) VALUES ('7e41b140-d68d-4f95-84ef-99026798d63e', 'steps_portal_alcohol_vn.csv', 'CSV', '', 1, '5d5a6c74-3cd4-44ab-888b-761802271fac', '7e41b140-d68d-4f95-84ef-99026798d63e', '', 'active', '{"datastore_active": true}', NULL, '2021-01-20 18:40:34.953505', '2021-01-21 03:40:57.390073', NULL, 'STEPS Alcohol Data Viet Nam', NULL, 'text/csv', NULL, NULL, '2021-01-20 18:40:34.946063', NULL, NULL, NULL, NULL, '2021-01-20 17:10:36.725774', 'upload', '7e8c592f-22df-4b5d-8166-0c7188af052c');
INSERT INTO public.resource_revision (id, url, format, description, "position", revision_id, continuity_id, hash, state, extras, expired_id, revision_timestamp, expired_timestamp, current, name, resource_type, mimetype, mimetype_inner, size, last_modified, cache_url, cache_last_updated, webstore_url, webstore_last_updated, created, url_type, package_id) VALUES ('17b6135e-0690-4100-b680-5aeaed77b923', 'https://vital-stepsdata.org/dataset/907d2d06-083a-4d53-907b-45766a5253e1/resource/17b6135e-0690-4100-b680-5aeaed77b923/download/steps_portal_cholesterol_vn.csv', 'CSV', '', 1, '32736234-3cdc-49a6-af43-92aa29dd49ef', '17b6135e-0690-4100-b680-5aeaed77b923', '', 'active', '{"datastore_active": true}', NULL, '2021-01-20 18:52:42.048563', '2021-01-21 04:10:25.176961', NULL, 'STEPS Cholesterol Data Viet Nam', NULL, 'text/csv', NULL, NULL, '2021-01-20 18:51:09.324764', NULL, NULL, NULL, NULL, '2021-01-20 18:51:09.350729', 'upload', '907d2d06-083a-4d53-907b-45766a5253e1');
INSERT INTO public.resource_revision (id, url, format, description, "position", revision_id, continuity_id, hash, state, extras, expired_id, revision_timestamp, expired_timestamp, current, name, resource_type, mimetype, mimetype_inner, size, last_modified, cache_url, cache_last_updated, webstore_url, webstore_last_updated, created, url_type, package_id) VALUES ('c298ca18-2944-4484-a484-3025f24b3c5c', 'https://vital-stepsdata.org/dataset/088d4d99-0a46-47b5-adc5-e0742fa31389/resource/c298ca18-2944-4484-a484-3025f24b3c5c/download/steps_portal_diabetes_time.csv', 'CSV', '', 0, '9dd74ffe-11cc-46c9-b764-9d6cdef056d5', 'c298ca18-2944-4484-a484-3025f24b3c5c', '', 'active', '{"datastore_active": true}', NULL, '2021-01-21 01:16:20.483655', '9999-12-31 00:00:00', NULL, 'STEPS Diabetes Data', NULL, 'text/csv', NULL, NULL, '2021-01-06 17:37:42.08582', NULL, NULL, NULL, NULL, '2020-12-17 19:59:06.190904', 'upload', '088d4d99-0a46-47b5-adc5-e0742fa31389');
INSERT INTO public.resource_revision (id, url, format, description, "position", revision_id, continuity_id, hash, state, extras, expired_id, revision_timestamp, expired_timestamp, current, name, resource_type, mimetype, mimetype_inner, size, last_modified, cache_url, cache_last_updated, webstore_url, webstore_last_updated, created, url_type, package_id) VALUES ('d7271660-0dfc-4ab6-b30b-c7b3118db3d2', 'https://vital-stepsdata.org/dataset/e06d5766-d134-45a4-9079-82b9875b907a/resource/d7271660-0dfc-4ab6-b30b-c7b3118db3d2/download/steps_portal_diet.csv', 'CSV', '', 0, '11134cfc-cadd-4536-92dd-c374faa04186', 'd7271660-0dfc-4ab6-b30b-c7b3118db3d2', '', 'active', '{"datastore_active": true}', NULL, '2021-01-21 01:18:14.271059', '9999-12-31 00:00:00', NULL, 'STEPS Diet Data', NULL, 'text/csv', NULL, NULL, '2020-12-15 18:31:46.811067', NULL, NULL, NULL, NULL, '2020-11-19 15:05:10.638455', 'upload', 'e06d5766-d134-45a4-9079-82b9875b907a');
INSERT INTO public.resource_revision (id, url, format, description, "position", revision_id, continuity_id, hash, state, extras, expired_id, revision_timestamp, expired_timestamp, current, name, resource_type, mimetype, mimetype_inner, size, last_modified, cache_url, cache_last_updated, webstore_url, webstore_last_updated, created, url_type, package_id) VALUES ('0bb6a5ce-4d1d-4e77-973c-afe062c8dcc8', 'https://vital-stepsdata.org/dataset/dde4d112-f458-4630-96ec-e4dc7ded854d/resource/0bb6a5ce-4d1d-4e77-973c-afe062c8dcc8/download/steps_portal_hypertension.csv', 'CSV', '', 0, '482b3456-2156-4282-83ff-04ca35abec9b', '0bb6a5ce-4d1d-4e77-973c-afe062c8dcc8', '', 'active', '{"datastore_active": true}', NULL, '2021-01-21 01:18:53.889708', '9999-12-31 00:00:00', NULL, 'STEPS Hypertension Data', NULL, 'text/csv', NULL, NULL, '2020-12-15 18:32:24.301102', NULL, NULL, NULL, NULL, '2020-11-18 18:48:25.3744', 'upload', 'dde4d112-f458-4630-96ec-e4dc7ded854d');
INSERT INTO public.resource_revision (id, url, format, description, "position", revision_id, continuity_id, hash, state, extras, expired_id, revision_timestamp, expired_timestamp, current, name, resource_type, mimetype, mimetype_inner, size, last_modified, cache_url, cache_last_updated, webstore_url, webstore_last_updated, created, url_type, package_id) VALUES ('f0f749d3-25f4-4f4f-9a24-7277d68d5d24', 'https://vital-stepsdata.org/dataset/4ff5d87a-d222-47ea-8400-f1f65b13fad5/resource/f0f749d3-25f4-4f4f-9a24-7277d68d5d24/download/steps_portal_others.csv', 'CSV', '', 0, '3e005203-a338-4fe4-a259-61c8863b8279', 'f0f749d3-25f4-4f4f-9a24-7277d68d5d24', '', 'active', '{"datastore_active": true}', NULL, '2021-01-21 01:19:24.635817', '9999-12-31 00:00:00', NULL, 'STEPS Other STEPS Data', NULL, 'text/csv', NULL, NULL, '2020-12-15 18:30:57.936539', NULL, NULL, NULL, NULL, '2020-11-19 15:06:11.842115', 'upload', '4ff5d87a-d222-47ea-8400-f1f65b13fad5');
INSERT INTO public.resource_revision (id, url, format, description, "position", revision_id, continuity_id, hash, state, extras, expired_id, revision_timestamp, expired_timestamp, current, name, resource_type, mimetype, mimetype_inner, size, last_modified, cache_url, cache_last_updated, webstore_url, webstore_last_updated, created, url_type, package_id) VALUES ('4e007771-3f88-414e-abf5-85fa324cd5ef', 'https://vital-stepsdata.org/dataset/a9a21387-1e16-43e2-802a-18c6febba6af/resource/4e007771-3f88-414e-abf5-85fa324cd5ef/download/steps_portal_obesity.csv', 'CSV', '', 0, '1ba3fb6f-62b8-4a59-b5d5-462a6f947104', '4e007771-3f88-414e-abf5-85fa324cd5ef', '', 'active', '{"datastore_active": true}', NULL, '2021-01-21 01:19:57.988092', '9999-12-31 00:00:00', NULL, 'STEPS Obesity Data', NULL, 'text/csv', NULL, NULL, '2020-12-15 18:30:41.616342', NULL, NULL, NULL, NULL, '2020-11-19 15:07:17.741697', 'upload', 'a9a21387-1e16-43e2-802a-18c6febba6af');
INSERT INTO public.resource_revision (id, url, format, description, "position", revision_id, continuity_id, hash, state, extras, expired_id, revision_timestamp, expired_timestamp, current, name, resource_type, mimetype, mimetype_inner, size, last_modified, cache_url, cache_last_updated, webstore_url, webstore_last_updated, created, url_type, package_id) VALUES ('afac1e1a-fa53-485c-8059-05ab40e9a148', 'https://vital-stepsdata.org/dataset/4cef2643-9fcd-4d16-9a9a-78b23d6c2699/resource/afac1e1a-fa53-485c-8059-05ab40e9a148/download/steps_portal_physical.csv', 'CSV', '', 0, 'a8295982-dac1-4b5e-971a-2ad8481d2bfe', 'afac1e1a-fa53-485c-8059-05ab40e9a148', '', 'active', '{"datastore_active": true}', NULL, '2021-01-21 01:20:37.09918', '9999-12-31 00:00:00', NULL, 'STEPS Physical Activity Data', NULL, 'text/csv', NULL, NULL, '2020-12-15 18:30:23.18786', NULL, NULL, NULL, NULL, '2020-11-19 15:08:15.055826', 'upload', '4cef2643-9fcd-4d16-9a9a-78b23d6c2699');
INSERT INTO public.resource_revision (id, url, format, description, "position", revision_id, continuity_id, hash, state, extras, expired_id, revision_timestamp, expired_timestamp, current, name, resource_type, mimetype, mimetype_inner, size, last_modified, cache_url, cache_last_updated, webstore_url, webstore_last_updated, created, url_type, package_id) VALUES ('8160b9cf-b6d0-4b2b-8b19-7ba9a86518a7', 'steps_portal_diabetes_time_vn.csv', 'CSV', '', 1, '9dd74ffe-11cc-46c9-b764-9d6cdef056d5', '8160b9cf-b6d0-4b2b-8b19-7ba9a86518a7', '', 'active', NULL, NULL, '2021-01-21 01:16:20.483655', '2021-01-21 01:21:19.885823', NULL, 'STEPS Diabetes Data Viet Nam', NULL, 'text/csv', NULL, NULL, '2021-01-21 01:16:20.47429', NULL, NULL, NULL, NULL, '2021-01-21 01:16:20.498083', 'upload', '088d4d99-0a46-47b5-adc5-e0742fa31389');
INSERT INTO public.resource_revision (id, url, format, description, "position", revision_id, continuity_id, hash, state, extras, expired_id, revision_timestamp, expired_timestamp, current, name, resource_type, mimetype, mimetype_inner, size, last_modified, cache_url, cache_last_updated, webstore_url, webstore_last_updated, created, url_type, package_id) VALUES ('8b7d278e-d7c7-45f9-8e4b-9829a39beb94', 'steps_portal_diet_vn.csv', 'CSV', '', 1, '11134cfc-cadd-4536-92dd-c374faa04186', '8b7d278e-d7c7-45f9-8e4b-9829a39beb94', '', 'active', NULL, NULL, '2021-01-21 01:18:14.271059', '2021-01-21 02:10:47.155554', NULL, 'STEPS Diet Data Viet Nam', NULL, 'text/csv', NULL, NULL, '2021-01-21 01:18:14.262842', NULL, NULL, NULL, NULL, '2021-01-21 01:18:14.282859', 'upload', 'e06d5766-d134-45a4-9079-82b9875b907a');
INSERT INTO public.resource_revision (id, url, format, description, "position", revision_id, continuity_id, hash, state, extras, expired_id, revision_timestamp, expired_timestamp, current, name, resource_type, mimetype, mimetype_inner, size, last_modified, cache_url, cache_last_updated, webstore_url, webstore_last_updated, created, url_type, package_id) VALUES ('7359dc1d-a43c-4152-bf87-dd6401088505', 'steps_portal_hypertension_vn.csv', 'CSV', '', 1, '482b3456-2156-4282-83ff-04ca35abec9b', '7359dc1d-a43c-4152-bf87-dd6401088505', '', 'active', NULL, NULL, '2021-01-21 01:18:53.889708', '2021-01-21 02:22:04.76859', NULL, 'STEPS Hypertension Data Viet Nam', NULL, 'text/csv', NULL, NULL, '2021-01-21 01:18:53.879198', NULL, NULL, NULL, NULL, '2021-01-21 01:18:53.900641', 'upload', 'dde4d112-f458-4630-96ec-e4dc7ded854d');
INSERT INTO public.resource_revision (id, url, format, description, "position", revision_id, continuity_id, hash, state, extras, expired_id, revision_timestamp, expired_timestamp, current, name, resource_type, mimetype, mimetype_inner, size, last_modified, cache_url, cache_last_updated, webstore_url, webstore_last_updated, created, url_type, package_id) VALUES ('63cdb7a4-9ecf-4d55-a795-4d1a4756166d', 'steps_portal_others_vn.csv', 'CSV', '', 1, '3e005203-a338-4fe4-a259-61c8863b8279', '63cdb7a4-9ecf-4d55-a795-4d1a4756166d', '', 'active', NULL, NULL, '2021-01-21 01:19:24.635817', '2021-01-21 02:39:35.449669', NULL, 'STEPS Other Data Viet Nam', NULL, 'text/csv', NULL, NULL, '2021-01-21 01:19:24.626732', NULL, NULL, NULL, NULL, '2021-01-21 01:19:24.651608', 'upload', '4ff5d87a-d222-47ea-8400-f1f65b13fad5');
INSERT INTO public.resource_revision (id, url, format, description, "position", revision_id, continuity_id, hash, state, extras, expired_id, revision_timestamp, expired_timestamp, current, name, resource_type, mimetype, mimetype_inner, size, last_modified, cache_url, cache_last_updated, webstore_url, webstore_last_updated, created, url_type, package_id) VALUES ('10f93403-63aa-453e-8090-186b1915f5bd', 'https://vital-stepsdata.org/dataset/4cef2643-9fcd-4d16-9a9a-78b23d6c2699/resource/10f93403-63aa-453e-8090-186b1915f5bd/download/steps_portal_physical_vn.csv', 'CSV', '', 1, 'f397fa0a-1154-4d3b-9d00-8010e395449e', '10f93403-63aa-453e-8090-186b1915f5bd', '', 'active', '{"datastore_active": true}', NULL, '2021-01-21 02:32:38.302072', '2021-01-21 04:08:48.378417', NULL, 'STEPS Physical Activity Viet Nam', NULL, 'text/csv', NULL, NULL, '2021-01-21 01:20:37.091337', NULL, NULL, NULL, NULL, '2021-01-21 01:20:37.110374', 'upload', '4cef2643-9fcd-4d16-9a9a-78b23d6c2699');
INSERT INTO public.resource_revision (id, url, format, description, "position", revision_id, continuity_id, hash, state, extras, expired_id, revision_timestamp, expired_timestamp, current, name, resource_type, mimetype, mimetype_inner, size, last_modified, cache_url, cache_last_updated, webstore_url, webstore_last_updated, created, url_type, package_id) VALUES ('ebc56be4-8271-498b-bb6a-f7011ae5b3cf', 'https://vital-stepsdata.org/dataset/a9a21387-1e16-43e2-802a-18c6febba6af/resource/ebc56be4-8271-498b-bb6a-f7011ae5b3cf/download/steps_portal_obesity_vn.csv', 'CSV', '', 1, '2529e51f-8bdd-4b69-a4b3-6bbf1348ede2', 'ebc56be4-8271-498b-bb6a-f7011ae5b3cf', '', 'active', '{"datastore_active": true}', NULL, '2021-01-21 02:26:58.496515', '2021-01-21 04:09:06.655879', NULL, 'STEPS Obesity Data Viet Nam', NULL, 'text/csv', NULL, NULL, '2021-01-21 01:19:57.979676', NULL, NULL, NULL, NULL, '2021-01-21 01:19:58.002839', 'upload', 'a9a21387-1e16-43e2-802a-18c6febba6af');
INSERT INTO public.resource_revision (id, url, format, description, "position", revision_id, continuity_id, hash, state, extras, expired_id, revision_timestamp, expired_timestamp, current, name, resource_type, mimetype, mimetype_inner, size, last_modified, cache_url, cache_last_updated, webstore_url, webstore_last_updated, created, url_type, package_id) VALUES ('7359dc1d-a43c-4152-bf87-dd6401088505', 'https://vital-stepsdata.org/dataset/dde4d112-f458-4630-96ec-e4dc7ded854d/resource/7359dc1d-a43c-4152-bf87-dd6401088505/download/steps_portal_hypertension_vn.csv', 'CSV', '', 1, '7c1dfbdc-c9eb-4646-a0b4-c5b4ccb4562a', '7359dc1d-a43c-4152-bf87-dd6401088505', '', 'active', '{"datastore_active": true}', NULL, '2021-01-21 02:22:04.76859', '2021-01-21 04:09:27.432149', NULL, 'STEPS Hypertension Data Viet Nam', NULL, 'text/csv', NULL, NULL, '2021-01-21 01:18:53.879198', NULL, NULL, NULL, NULL, '2021-01-21 01:18:53.900641', 'upload', 'dde4d112-f458-4630-96ec-e4dc7ded854d');
INSERT INTO public.resource_revision (id, url, format, description, "position", revision_id, continuity_id, hash, state, extras, expired_id, revision_timestamp, expired_timestamp, current, name, resource_type, mimetype, mimetype_inner, size, last_modified, cache_url, cache_last_updated, webstore_url, webstore_last_updated, created, url_type, package_id) VALUES ('8b7d278e-d7c7-45f9-8e4b-9829a39beb94', 'https://vital-stepsdata.org/dataset/e06d5766-d134-45a4-9079-82b9875b907a/resource/8b7d278e-d7c7-45f9-8e4b-9829a39beb94/download/steps_portal_diet_vn.csv', 'CSV', '', 1, 'f6a5f556-f5b7-4c42-ba86-ce3356e98813', '8b7d278e-d7c7-45f9-8e4b-9829a39beb94', '', 'active', '{"datastore_active": true}', NULL, '2021-01-21 02:10:47.155554', '2021-01-21 04:09:44.382368', NULL, 'STEPS Diet Data Viet Nam', NULL, 'text/csv', NULL, NULL, '2021-01-21 01:18:14.262842', NULL, NULL, NULL, NULL, '2021-01-21 01:18:14.282859', 'upload', 'e06d5766-d134-45a4-9079-82b9875b907a');
INSERT INTO public.resource_revision (id, url, format, description, "position", revision_id, continuity_id, hash, state, extras, expired_id, revision_timestamp, expired_timestamp, current, name, resource_type, mimetype, mimetype_inner, size, last_modified, cache_url, cache_last_updated, webstore_url, webstore_last_updated, created, url_type, package_id) VALUES ('8160b9cf-b6d0-4b2b-8b19-7ba9a86518a7', 'https://vital-stepsdata.org/dataset/088d4d99-0a46-47b5-adc5-e0742fa31389/resource/8160b9cf-b6d0-4b2b-8b19-7ba9a86518a7/download/steps_portal_diabetes_time_vn.csv', 'CSV', '', 1, 'f6763c35-7b98-46fa-9615-6fcc8ab39f79', '8160b9cf-b6d0-4b2b-8b19-7ba9a86518a7', '', 'active', '{"datastore_active": true}', NULL, '2021-01-21 01:21:19.885823', '2021-01-21 04:10:04.817175', NULL, 'STEPS Diabetes Data Viet Nam', NULL, 'text/csv', NULL, NULL, '2021-01-21 01:16:20.47429', NULL, NULL, NULL, NULL, '2021-01-21 01:16:20.498083', 'upload', '088d4d99-0a46-47b5-adc5-e0742fa31389');
INSERT INTO public.resource_revision (id, url, format, description, "position", revision_id, continuity_id, hash, state, extras, expired_id, revision_timestamp, expired_timestamp, current, name, resource_type, mimetype, mimetype_inner, size, last_modified, cache_url, cache_last_updated, webstore_url, webstore_last_updated, created, url_type, package_id) VALUES ('ebc56be4-8271-498b-bb6a-f7011ae5b3cf', 'steps_portal_obesity_vn.csv', 'CSV', '', 1, '1ba3fb6f-62b8-4a59-b5d5-462a6f947104', 'ebc56be4-8271-498b-bb6a-f7011ae5b3cf', '', 'active', NULL, NULL, '2021-01-21 01:19:57.988092', '2021-01-21 02:26:58.496515', NULL, 'STEPS Obesity Data Viet Nam', NULL, 'text/csv', NULL, NULL, '2021-01-21 01:19:57.979676', NULL, NULL, NULL, NULL, '2021-01-21 01:19:58.002839', 'upload', 'a9a21387-1e16-43e2-802a-18c6febba6af');
INSERT INTO public.resource_revision (id, url, format, description, "position", revision_id, continuity_id, hash, state, extras, expired_id, revision_timestamp, expired_timestamp, current, name, resource_type, mimetype, mimetype_inner, size, last_modified, cache_url, cache_last_updated, webstore_url, webstore_last_updated, created, url_type, package_id) VALUES ('7e41b140-d68d-4f95-84ef-99026798d63e', 'https://vital-stepsdata.org/dataset/7e8c592f-22df-4b5d-8166-0c7188af052c/resource/7e41b140-d68d-4f95-84ef-99026798d63e/download/steps_portal_alcohol_vn.csv', 'CSV', '', 1, 'f1740772-9594-4785-b967-6bf3b0b88dca', '7e41b140-d68d-4f95-84ef-99026798d63e', '', 'active', '{"datastore_active": true}', NULL, '2021-01-25 19:28:17.090176', '2021-03-18 14:03:47.074674', NULL, 'STEPS Alcohol Data Viet Nam', NULL, 'text/csv', NULL, NULL, '2021-01-21 03:40:57.382843', NULL, NULL, NULL, NULL, '2021-01-20 17:10:36.725774', 'upload', '7e8c592f-22df-4b5d-8166-0c7188af052c');
INSERT INTO public.resource_revision (id, url, format, description, "position", revision_id, continuity_id, hash, state, extras, expired_id, revision_timestamp, expired_timestamp, current, name, resource_type, mimetype, mimetype_inner, size, last_modified, cache_url, cache_last_updated, webstore_url, webstore_last_updated, created, url_type, package_id) VALUES ('63cdb7a4-9ecf-4d55-a795-4d1a4756166d', 'https://vital-stepsdata.org/dataset/4ff5d87a-d222-47ea-8400-f1f65b13fad5/resource/63cdb7a4-9ecf-4d55-a795-4d1a4756166d/download/steps_portal_others_vn.csv', 'CSV', '', 1, 'a81cd76c-cce1-48eb-83bb-9c2df0272e66', '63cdb7a4-9ecf-4d55-a795-4d1a4756166d', '', 'active', '{"datastore_active": true}', NULL, '2021-01-21 02:39:35.449669', '2021-01-21 04:08:29.462416', NULL, 'STEPS Other Data Viet Nam', NULL, 'text/csv', NULL, NULL, '2021-01-21 01:19:24.626732', NULL, NULL, NULL, NULL, '2021-01-21 01:19:24.651608', 'upload', '4ff5d87a-d222-47ea-8400-f1f65b13fad5');
INSERT INTO public.resource_revision (id, url, format, description, "position", revision_id, continuity_id, hash, state, extras, expired_id, revision_timestamp, expired_timestamp, current, name, resource_type, mimetype, mimetype_inner, size, last_modified, cache_url, cache_last_updated, webstore_url, webstore_last_updated, created, url_type, package_id) VALUES ('7e41b140-d68d-4f95-84ef-99026798d63e', 'steps_portal_alcohol_vn.csv', 'CSV', '', 1, '98c0f794-7587-435d-b9a5-e7f701d57a76', '7e41b140-d68d-4f95-84ef-99026798d63e', '', 'active', '{"datastore_active": true}', NULL, '2021-01-21 03:40:57.390073', '2021-01-25 19:28:17.090176', NULL, 'STEPS Alcohol Data Viet Nam', NULL, 'text/csv', NULL, NULL, '2021-01-21 03:40:57.382843', NULL, NULL, NULL, NULL, '2021-01-20 17:10:36.725774', 'upload', '7e8c592f-22df-4b5d-8166-0c7188af052c');
INSERT INTO public.resource_revision (id, url, format, description, "position", revision_id, continuity_id, hash, state, extras, expired_id, revision_timestamp, expired_timestamp, current, name, resource_type, mimetype, mimetype_inner, size, last_modified, cache_url, cache_last_updated, webstore_url, webstore_last_updated, created, url_type, package_id) VALUES ('17b6135e-0690-4100-b680-5aeaed77b923', 'https://vital-stepsdata.org/dataset/907d2d06-083a-4d53-907b-45766a5253e1/resource/17b6135e-0690-4100-b680-5aeaed77b923/download/steps_portal_cholesterol_vn.csv', 'CSV', '', 1, 'b8e2b687-7326-4a07-bf69-540a00e79558', '17b6135e-0690-4100-b680-5aeaed77b923', '', 'active', '{"datastore_active": true}', NULL, '2021-01-25 13:10:49.148269', '2021-01-28 15:38:07.257718', NULL, 'STEPS Cholesterol Data Viet Nam', NULL, 'text/csv', NULL, NULL, '2021-01-21 04:10:25.169912', NULL, NULL, NULL, NULL, '2021-01-20 18:51:09.350729', 'upload', '907d2d06-083a-4d53-907b-45766a5253e1');
INSERT INTO public.resource_revision (id, url, format, description, "position", revision_id, continuity_id, hash, state, extras, expired_id, revision_timestamp, expired_timestamp, current, name, resource_type, mimetype, mimetype_inner, size, last_modified, cache_url, cache_last_updated, webstore_url, webstore_last_updated, created, url_type, package_id) VALUES ('8b7d278e-d7c7-45f9-8e4b-9829a39beb94', 'https://vital-stepsdata.org/dataset/e06d5766-d134-45a4-9079-82b9875b907a/resource/8b7d278e-d7c7-45f9-8e4b-9829a39beb94/download/steps_portal_diet_vn.csv', 'CSV', '', 1, 'e15f0eb2-5a95-45e3-a782-008ca1edaf02', '8b7d278e-d7c7-45f9-8e4b-9829a39beb94', '', 'active', '{"datastore_active": true}', NULL, '2021-01-25 22:03:10.32442', '2021-01-28 15:38:43.901762', NULL, 'STEPS Diet Data Viet Nam', NULL, 'text/csv', NULL, NULL, '2021-01-21 04:09:44.375182', NULL, NULL, NULL, NULL, '2021-01-21 01:18:14.282859', 'upload', 'e06d5766-d134-45a4-9079-82b9875b907a');
INSERT INTO public.resource_revision (id, url, format, description, "position", revision_id, continuity_id, hash, state, extras, expired_id, revision_timestamp, expired_timestamp, current, name, resource_type, mimetype, mimetype_inner, size, last_modified, cache_url, cache_last_updated, webstore_url, webstore_last_updated, created, url_type, package_id) VALUES ('7359dc1d-a43c-4152-bf87-dd6401088505', 'https://vital-stepsdata.org/dataset/dde4d112-f458-4630-96ec-e4dc7ded854d/resource/7359dc1d-a43c-4152-bf87-dd6401088505/download/steps_portal_hypertension_vn.csv', 'CSV', '', 1, '4381c4e9-38f6-4b74-bb81-abf8faa9e19a', '7359dc1d-a43c-4152-bf87-dd6401088505', '', 'active', '{"datastore_active": true}', NULL, '2021-01-25 22:03:21.551021', '2021-01-28 15:39:00.49788', NULL, 'STEPS Hypertension Data Viet Nam', NULL, 'text/csv', NULL, NULL, '2021-01-21 04:09:27.425408', NULL, NULL, NULL, NULL, '2021-01-21 01:18:53.900641', 'upload', 'dde4d112-f458-4630-96ec-e4dc7ded854d');
INSERT INTO public.resource_revision (id, url, format, description, "position", revision_id, continuity_id, hash, state, extras, expired_id, revision_timestamp, expired_timestamp, current, name, resource_type, mimetype, mimetype_inner, size, last_modified, cache_url, cache_last_updated, webstore_url, webstore_last_updated, created, url_type, package_id) VALUES ('ebc56be4-8271-498b-bb6a-f7011ae5b3cf', 'https://vital-stepsdata.org/dataset/a9a21387-1e16-43e2-802a-18c6febba6af/resource/ebc56be4-8271-498b-bb6a-f7011ae5b3cf/download/steps_portal_obesity_vn.csv', 'CSV', '', 1, '361314f4-b325-4ca8-aea1-92f263f8d6c0', 'ebc56be4-8271-498b-bb6a-f7011ae5b3cf', '', 'active', '{"datastore_active": true}', NULL, '2021-01-25 22:03:34.186931', '2021-01-28 15:39:17.858587', NULL, 'STEPS Obesity Data Viet Nam', NULL, 'text/csv', NULL, NULL, '2021-01-21 04:09:06.640077', NULL, NULL, NULL, NULL, '2021-01-21 01:19:58.002839', 'upload', 'a9a21387-1e16-43e2-802a-18c6febba6af');
INSERT INTO public.resource_revision (id, url, format, description, "position", revision_id, continuity_id, hash, state, extras, expired_id, revision_timestamp, expired_timestamp, current, name, resource_type, mimetype, mimetype_inner, size, last_modified, cache_url, cache_last_updated, webstore_url, webstore_last_updated, created, url_type, package_id) VALUES ('10f93403-63aa-453e-8090-186b1915f5bd', 'steps_portal_physical_vn.csv', 'CSV', '', 1, 'a8295982-dac1-4b5e-971a-2ad8481d2bfe', '10f93403-63aa-453e-8090-186b1915f5bd', '', 'active', NULL, NULL, '2021-01-21 01:20:37.09918', '2021-01-21 02:32:38.302072', NULL, 'STEPS Physical Activity Viet Nam', NULL, 'text/csv', NULL, NULL, '2021-01-21 01:20:37.091337', NULL, NULL, NULL, NULL, '2021-01-21 01:20:37.110374', 'upload', '4cef2643-9fcd-4d16-9a9a-78b23d6c2699');
INSERT INTO public.resource_revision (id, url, format, description, "position", revision_id, continuity_id, hash, state, extras, expired_id, revision_timestamp, expired_timestamp, current, name, resource_type, mimetype, mimetype_inner, size, last_modified, cache_url, cache_last_updated, webstore_url, webstore_last_updated, created, url_type, package_id) VALUES ('10f93403-63aa-453e-8090-186b1915f5bd', 'https://vital-stepsdata.org/dataset/4cef2643-9fcd-4d16-9a9a-78b23d6c2699/resource/10f93403-63aa-453e-8090-186b1915f5bd/download/steps_portal_physical_vn.csv', 'CSV', '', 1, '0f170efa-b3bd-4311-9470-e35018016821', '10f93403-63aa-453e-8090-186b1915f5bd', '', 'active', '{"datastore_active": true}', NULL, '2021-02-03 02:50:28.604135', '9999-12-31 00:00:00', NULL, 'STEPS Physical Activity Viet Nam', NULL, 'text/csv', NULL, NULL, '2021-01-28 15:39:32.634558', NULL, NULL, NULL, NULL, '2021-01-21 01:20:37.110374', 'upload', '4cef2643-9fcd-4d16-9a9a-78b23d6c2699');
INSERT INTO public.resource_revision (id, url, format, description, "position", revision_id, continuity_id, hash, state, extras, expired_id, revision_timestamp, expired_timestamp, current, name, resource_type, mimetype, mimetype_inner, size, last_modified, cache_url, cache_last_updated, webstore_url, webstore_last_updated, created, url_type, package_id) VALUES ('8160b9cf-b6d0-4b2b-8b19-7ba9a86518a7', 'steps_portal_diabetes_time_vn.csv', 'CSV', '', 1, '6805c6f4-119e-4282-82f7-cc31c3541035', '8160b9cf-b6d0-4b2b-8b19-7ba9a86518a7', '', 'active', '{"datastore_active": true}', NULL, '2021-01-21 04:10:04.817175', '2021-01-25 13:09:07.023549', NULL, 'STEPS Diabetes Data Viet Nam', NULL, 'text/csv', NULL, NULL, '2021-01-21 04:10:04.81033', NULL, NULL, NULL, NULL, '2021-01-21 01:16:20.498083', 'upload', '088d4d99-0a46-47b5-adc5-e0742fa31389');
INSERT INTO public.resource_revision (id, url, format, description, "position", revision_id, continuity_id, hash, state, extras, expired_id, revision_timestamp, expired_timestamp, current, name, resource_type, mimetype, mimetype_inner, size, last_modified, cache_url, cache_last_updated, webstore_url, webstore_last_updated, created, url_type, package_id) VALUES ('17b6135e-0690-4100-b680-5aeaed77b923', 'steps_portal_cholesterol_vn.csv', 'CSV', '', 1, '61233f61-94c5-4479-bcd7-a9acfbc3d27e', '17b6135e-0690-4100-b680-5aeaed77b923', '', 'active', '{"datastore_active": true}', NULL, '2021-01-21 04:10:25.176961', '2021-01-25 13:10:49.148269', NULL, 'STEPS Cholesterol Data Viet Nam', NULL, 'text/csv', NULL, NULL, '2021-01-21 04:10:25.169912', NULL, NULL, NULL, NULL, '2021-01-20 18:51:09.350729', 'upload', '907d2d06-083a-4d53-907b-45766a5253e1');
INSERT INTO public.resource_revision (id, url, format, description, "position", revision_id, continuity_id, hash, state, extras, expired_id, revision_timestamp, expired_timestamp, current, name, resource_type, mimetype, mimetype_inner, size, last_modified, cache_url, cache_last_updated, webstore_url, webstore_last_updated, created, url_type, package_id) VALUES ('8b7d278e-d7c7-45f9-8e4b-9829a39beb94', 'steps_portal_diet_vn.csv', 'CSV', '', 1, '032ff638-dad7-47a0-bc0e-e80a4f1f656b', '8b7d278e-d7c7-45f9-8e4b-9829a39beb94', '', 'active', '{"datastore_active": true}', NULL, '2021-01-21 04:09:44.382368', '2021-01-25 22:03:10.32442', NULL, 'STEPS Diet Data Viet Nam', NULL, 'text/csv', NULL, NULL, '2021-01-21 04:09:44.375182', NULL, NULL, NULL, NULL, '2021-01-21 01:18:14.282859', 'upload', 'e06d5766-d134-45a4-9079-82b9875b907a');
INSERT INTO public.resource_revision (id, url, format, description, "position", revision_id, continuity_id, hash, state, extras, expired_id, revision_timestamp, expired_timestamp, current, name, resource_type, mimetype, mimetype_inner, size, last_modified, cache_url, cache_last_updated, webstore_url, webstore_last_updated, created, url_type, package_id) VALUES ('7359dc1d-a43c-4152-bf87-dd6401088505', 'steps_portal_hypertension_vn.csv', 'CSV', '', 1, '8171b247-d9b8-4875-983d-7ece82c21ebb', '7359dc1d-a43c-4152-bf87-dd6401088505', '', 'active', '{"datastore_active": true}', NULL, '2021-01-21 04:09:27.432149', '2021-01-25 22:03:21.551021', NULL, 'STEPS Hypertension Data Viet Nam', NULL, 'text/csv', NULL, NULL, '2021-01-21 04:09:27.425408', NULL, NULL, NULL, NULL, '2021-01-21 01:18:53.900641', 'upload', 'dde4d112-f458-4630-96ec-e4dc7ded854d');
INSERT INTO public.resource_revision (id, url, format, description, "position", revision_id, continuity_id, hash, state, extras, expired_id, revision_timestamp, expired_timestamp, current, name, resource_type, mimetype, mimetype_inner, size, last_modified, cache_url, cache_last_updated, webstore_url, webstore_last_updated, created, url_type, package_id) VALUES ('ebc56be4-8271-498b-bb6a-f7011ae5b3cf', 'steps_portal_obesity_vn.csv', 'CSV', '', 1, 'dd47b837-5305-416c-b64e-62fed02f2184', 'ebc56be4-8271-498b-bb6a-f7011ae5b3cf', '', 'active', '{"datastore_active": true}', NULL, '2021-01-21 04:09:06.655879', '2021-01-25 22:03:34.186931', NULL, 'STEPS Obesity Data Viet Nam', NULL, 'text/csv', NULL, NULL, '2021-01-21 04:09:06.640077', NULL, NULL, NULL, NULL, '2021-01-21 01:19:58.002839', 'upload', 'a9a21387-1e16-43e2-802a-18c6febba6af');
INSERT INTO public.resource_revision (id, url, format, description, "position", revision_id, continuity_id, hash, state, extras, expired_id, revision_timestamp, expired_timestamp, current, name, resource_type, mimetype, mimetype_inner, size, last_modified, cache_url, cache_last_updated, webstore_url, webstore_last_updated, created, url_type, package_id) VALUES ('10f93403-63aa-453e-8090-186b1915f5bd', 'steps_portal_physical_vn.csv', 'CSV', '', 1, '135d9024-dfcb-4fce-bd6a-23ea734bbf8b', '10f93403-63aa-453e-8090-186b1915f5bd', '', 'active', '{"datastore_active": true}', NULL, '2021-01-21 04:08:48.378417', '2021-01-25 22:04:11.948515', NULL, 'STEPS Physical Activity Viet Nam', NULL, 'text/csv', NULL, NULL, '2021-01-21 04:08:48.363127', NULL, NULL, NULL, NULL, '2021-01-21 01:20:37.110374', 'upload', '4cef2643-9fcd-4d16-9a9a-78b23d6c2699');
INSERT INTO public.resource_revision (id, url, format, description, "position", revision_id, continuity_id, hash, state, extras, expired_id, revision_timestamp, expired_timestamp, current, name, resource_type, mimetype, mimetype_inner, size, last_modified, cache_url, cache_last_updated, webstore_url, webstore_last_updated, created, url_type, package_id) VALUES ('63cdb7a4-9ecf-4d55-a795-4d1a4756166d', 'steps_portal_others_vn.csv', 'CSV', '', 1, 'f4ea9406-dddb-4a8b-9195-4b1157956a82', '63cdb7a4-9ecf-4d55-a795-4d1a4756166d', '', 'active', '{"datastore_active": true}', NULL, '2021-01-21 04:08:29.462416', '2021-01-25 22:04:40.20837', NULL, 'STEPS Other Data Viet Nam', NULL, 'text/csv', NULL, NULL, '2021-01-21 04:08:29.454945', NULL, NULL, NULL, NULL, '2021-01-21 01:19:24.651608', 'upload', '4ff5d87a-d222-47ea-8400-f1f65b13fad5');
INSERT INTO public.resource_revision (id, url, format, description, "position", revision_id, continuity_id, hash, state, extras, expired_id, revision_timestamp, expired_timestamp, current, name, resource_type, mimetype, mimetype_inner, size, last_modified, cache_url, cache_last_updated, webstore_url, webstore_last_updated, created, url_type, package_id) VALUES ('8160b9cf-b6d0-4b2b-8b19-7ba9a86518a7', 'https://vital-stepsdata.org/dataset/088d4d99-0a46-47b5-adc5-e0742fa31389/resource/8160b9cf-b6d0-4b2b-8b19-7ba9a86518a7/download/steps_portal_diabetes_time_vn.csv', 'CSV', '', 1, '197dd58e-9706-407f-88ae-6fc9f05a0eb2', '8160b9cf-b6d0-4b2b-8b19-7ba9a86518a7', '', 'active', '{"datastore_active": true}', NULL, '2021-01-25 13:09:07.023549', '2021-01-28 15:38:28.223826', NULL, 'STEPS Diabetes Data Viet Nam', NULL, 'text/csv', NULL, NULL, '2021-01-21 04:10:04.81033', NULL, NULL, NULL, NULL, '2021-01-21 01:16:20.498083', 'upload', '088d4d99-0a46-47b5-adc5-e0742fa31389');
INSERT INTO public.resource_revision (id, url, format, description, "position", revision_id, continuity_id, hash, state, extras, expired_id, revision_timestamp, expired_timestamp, current, name, resource_type, mimetype, mimetype_inner, size, last_modified, cache_url, cache_last_updated, webstore_url, webstore_last_updated, created, url_type, package_id) VALUES ('63cdb7a4-9ecf-4d55-a795-4d1a4756166d', 'https://vital-stepsdata.org/dataset/4ff5d87a-d222-47ea-8400-f1f65b13fad5/resource/63cdb7a4-9ecf-4d55-a795-4d1a4756166d/download/steps_portal_others_vn.csv', 'CSV', '', 1, 'bc7c82cb-8766-4632-8b8c-2b23d32df560', '63cdb7a4-9ecf-4d55-a795-4d1a4756166d', '', 'active', '{"datastore_active": true}', NULL, '2021-02-05 19:06:36.188852', '9999-12-31 00:00:00', NULL, 'STEPS Other Data Viet Nam', NULL, 'text/csv', NULL, NULL, '2021-01-28 15:40:19.400213', NULL, NULL, NULL, NULL, '2021-01-21 01:19:24.651608', 'upload', '4ff5d87a-d222-47ea-8400-f1f65b13fad5');
INSERT INTO public.resource_revision (id, url, format, description, "position", revision_id, continuity_id, hash, state, extras, expired_id, revision_timestamp, expired_timestamp, current, name, resource_type, mimetype, mimetype_inner, size, last_modified, cache_url, cache_last_updated, webstore_url, webstore_last_updated, created, url_type, package_id) VALUES ('9fceacf5-e2a0-4632-b66c-fafd324f4b18', 'https://vital-stepsdata.org/en/dataset/5903a1ce-550f-4981-9142-d17fa0c7d454/resource/9fceacf5-e2a0-4632-b66c-fafd324f4b18/download/steps_portal_tobacco_bd.csv', 'CSV', '', 1, '93ff3a47-1f5e-4d6b-8cd5-9a566c8d7ce6', '9fceacf5-e2a0-4632-b66c-fafd324f4b18', '', 'active', '{"datastore_active": true}', NULL, '2021-03-18 14:04:06.606354', '9999-12-31 00:00:00', NULL, 'STEPS Tobacco Data Bangladesh', NULL, 'text/csv', NULL, NULL, '2021-01-28 15:40:04.840229', NULL, NULL, NULL, NULL, '2021-01-28 15:40:04.859427', 'upload', '5903a1ce-550f-4981-9142-d17fa0c7d454');
INSERT INTO public.resource_revision (id, url, format, description, "position", revision_id, continuity_id, hash, state, extras, expired_id, revision_timestamp, expired_timestamp, current, name, resource_type, mimetype, mimetype_inner, size, last_modified, cache_url, cache_last_updated, webstore_url, webstore_last_updated, created, url_type, package_id) VALUES ('10f93403-63aa-453e-8090-186b1915f5bd', 'https://vital-stepsdata.org/dataset/4cef2643-9fcd-4d16-9a9a-78b23d6c2699/resource/10f93403-63aa-453e-8090-186b1915f5bd/download/steps_portal_physical_vn.csv', 'CSV', '', 1, '035f09eb-4250-4d7a-ad51-430826943df6', '10f93403-63aa-453e-8090-186b1915f5bd', '', 'active', '{"datastore_active": true}', NULL, '2021-01-25 22:04:11.948515', '2021-01-28 15:39:32.641375', NULL, 'STEPS Physical Activity Viet Nam', NULL, 'text/csv', NULL, NULL, '2021-01-21 04:08:48.363127', NULL, NULL, NULL, NULL, '2021-01-21 01:20:37.110374', 'upload', '4cef2643-9fcd-4d16-9a9a-78b23d6c2699');
INSERT INTO public.resource_revision (id, url, format, description, "position", revision_id, continuity_id, hash, state, extras, expired_id, revision_timestamp, expired_timestamp, current, name, resource_type, mimetype, mimetype_inner, size, last_modified, cache_url, cache_last_updated, webstore_url, webstore_last_updated, created, url_type, package_id) VALUES ('63cdb7a4-9ecf-4d55-a795-4d1a4756166d', 'https://vital-stepsdata.org/dataset/4ff5d87a-d222-47ea-8400-f1f65b13fad5/resource/63cdb7a4-9ecf-4d55-a795-4d1a4756166d/download/steps_portal_others_vn.csv', 'CSV', '', 1, '199a5263-51b0-4841-805a-0eca26bfe947', '63cdb7a4-9ecf-4d55-a795-4d1a4756166d', '', 'active', '{"datastore_active": true}', NULL, '2021-01-25 22:04:40.20837', '2021-01-28 15:40:19.40716', NULL, 'STEPS Other Data Viet Nam', NULL, 'text/csv', NULL, NULL, '2021-01-21 04:08:29.454945', NULL, NULL, NULL, NULL, '2021-01-21 01:19:24.651608', 'upload', '4ff5d87a-d222-47ea-8400-f1f65b13fad5');
INSERT INTO public.resource_revision (id, url, format, description, "position", revision_id, continuity_id, hash, state, extras, expired_id, revision_timestamp, expired_timestamp, current, name, resource_type, mimetype, mimetype_inner, size, last_modified, cache_url, cache_last_updated, webstore_url, webstore_last_updated, created, url_type, package_id) VALUES ('bd2b92f0-2e53-433f-8103-2e29c7082cff', 'https://vital-stepsdata.org/en/dataset/5903a1ce-550f-4981-9142-d17fa0c7d454/resource/bd2b92f0-2e53-433f-8103-2e29c7082cff/download/steps_portal_tobacco.csv', 'CSV', '', 0, '93ff3a47-1f5e-4d6b-8cd5-9a566c8d7ce6', 'bd2b92f0-2e53-433f-8103-2e29c7082cff', '', 'active', '{"datastore_active": true}', NULL, '2021-03-18 14:04:06.606354', '9999-12-31 00:00:00', NULL, 'STEPS Tobacco Data', NULL, 'text/csv', NULL, NULL, '2020-12-09 15:57:56.299659', NULL, NULL, NULL, NULL, '2020-11-18 18:46:08.881282', 'upload', '5903a1ce-550f-4981-9142-d17fa0c7d454');
INSERT INTO public.resource_revision (id, url, format, description, "position", revision_id, continuity_id, hash, state, extras, expired_id, revision_timestamp, expired_timestamp, current, name, resource_type, mimetype, mimetype_inner, size, last_modified, cache_url, cache_last_updated, webstore_url, webstore_last_updated, created, url_type, package_id) VALUES ('7e41b140-d68d-4f95-84ef-99026798d63e', 'https://vital-stepsdata.org/dataset/7e8c592f-22df-4b5d-8166-0c7188af052c/resource/7e41b140-d68d-4f95-84ef-99026798d63e/download/steps_portal_alcohol_vn.csv', 'CSV', '', 1, '552c1f01-53cc-42ac-b866-1181fc1bc123', '7e41b140-d68d-4f95-84ef-99026798d63e', '', 'active', '{"datastore_active": true}', NULL, '2021-04-13 14:43:26.665659', '9999-12-31 00:00:00', NULL, 'STEPS Alcohol Data Viet Nam', NULL, 'text/csv', NULL, NULL, '2021-01-21 03:40:57.382843', NULL, NULL, NULL, NULL, '2021-01-20 17:10:36.725774', 'upload', '7e8c592f-22df-4b5d-8166-0c7188af052c');
INSERT INTO public.resource_revision (id, url, format, description, "position", revision_id, continuity_id, hash, state, extras, expired_id, revision_timestamp, expired_timestamp, current, name, resource_type, mimetype, mimetype_inner, size, last_modified, cache_url, cache_last_updated, webstore_url, webstore_last_updated, created, url_type, package_id) VALUES ('ac98ee9a-0193-49ed-b0c3-c6d2b9a9090e', 'https://vital-stepsdata.org/dataset/7e8c592f-22df-4b5d-8166-0c7188af052c/resource/ac98ee9a-0193-49ed-b0c3-c6d2b9a9090e/download/steps_portal_alcohol.csv', 'CSV', '', 0, '552c1f01-53cc-42ac-b866-1181fc1bc123', 'ac98ee9a-0193-49ed-b0c3-c6d2b9a9090e', '', 'active', '{"datastore_active": true}', NULL, '2021-04-13 14:43:26.665659', '9999-12-31 00:00:00', NULL, 'STEPS Alcohol Data', NULL, 'text/csv', NULL, NULL, '2021-01-05 18:12:35.141966', NULL, NULL, NULL, NULL, '2020-11-18 18:42:44.504162', 'upload', '7e8c592f-22df-4b5d-8166-0c7188af052c');
INSERT INTO public.resource_revision (id, url, format, description, "position", revision_id, continuity_id, hash, state, extras, expired_id, revision_timestamp, expired_timestamp, current, name, resource_type, mimetype, mimetype_inner, size, last_modified, cache_url, cache_last_updated, webstore_url, webstore_last_updated, created, url_type, package_id) VALUES ('7359dc1d-a43c-4152-bf87-dd6401088505', 'steps_portal_hypertension_vn.csv', 'CSV', '', 1, '3e6e7219-f6d8-4fc6-b9de-a875198e3c60', '7359dc1d-a43c-4152-bf87-dd6401088505', '', 'active', '{"datastore_active": true}', NULL, '2021-01-28 15:39:00.49788', '2021-02-03 02:47:21.117782', NULL, 'STEPS Hypertension Data Viet Nam', NULL, 'text/csv', NULL, NULL, '2021-01-28 15:39:00.490919', NULL, NULL, NULL, NULL, '2021-01-21 01:18:53.900641', 'upload', 'dde4d112-f458-4630-96ec-e4dc7ded854d');
INSERT INTO public.resource_revision (id, url, format, description, "position", revision_id, continuity_id, hash, state, extras, expired_id, revision_timestamp, expired_timestamp, current, name, resource_type, mimetype, mimetype_inner, size, last_modified, cache_url, cache_last_updated, webstore_url, webstore_last_updated, created, url_type, package_id) VALUES ('ebc56be4-8271-498b-bb6a-f7011ae5b3cf', 'steps_portal_obesity_vn.csv', 'CSV', '', 1, '24869b78-8e0d-4368-9bea-9de882d550f4', 'ebc56be4-8271-498b-bb6a-f7011ae5b3cf', '', 'active', '{"datastore_active": true}', NULL, '2021-01-28 15:39:17.858587', '2021-02-03 02:48:51.565042', NULL, 'STEPS Obesity Data Viet Nam', NULL, 'text/csv', NULL, NULL, '2021-01-28 15:39:17.849714', NULL, NULL, NULL, NULL, '2021-01-21 01:19:58.002839', 'upload', 'a9a21387-1e16-43e2-802a-18c6febba6af');
INSERT INTO public.resource_revision (id, url, format, description, "position", revision_id, continuity_id, hash, state, extras, expired_id, revision_timestamp, expired_timestamp, current, name, resource_type, mimetype, mimetype_inner, size, last_modified, cache_url, cache_last_updated, webstore_url, webstore_last_updated, created, url_type, package_id) VALUES ('10f93403-63aa-453e-8090-186b1915f5bd', 'steps_portal_physical_vn.csv', 'CSV', '', 1, '14e0c936-b424-4e9e-be99-b90c5fa53562', '10f93403-63aa-453e-8090-186b1915f5bd', '', 'active', '{"datastore_active": true}', NULL, '2021-01-28 15:39:32.641375', '2021-02-03 02:50:28.604135', NULL, 'STEPS Physical Activity Viet Nam', NULL, 'text/csv', NULL, NULL, '2021-01-28 15:39:32.634558', NULL, NULL, NULL, NULL, '2021-01-21 01:20:37.110374', 'upload', '4cef2643-9fcd-4d16-9a9a-78b23d6c2699');
INSERT INTO public.resource_revision (id, url, format, description, "position", revision_id, continuity_id, hash, state, extras, expired_id, revision_timestamp, expired_timestamp, current, name, resource_type, mimetype, mimetype_inner, size, last_modified, cache_url, cache_last_updated, webstore_url, webstore_last_updated, created, url_type, package_id) VALUES ('63cdb7a4-9ecf-4d55-a795-4d1a4756166d', 'steps_portal_others_vn.csv', 'CSV', '', 1, '9c8f5929-266d-4b87-b98b-a9b3180baed8', '63cdb7a4-9ecf-4d55-a795-4d1a4756166d', '', 'active', '{"datastore_active": true}', NULL, '2021-01-28 15:40:19.40716', '2021-02-05 19:06:36.188852', NULL, 'STEPS Other Data Viet Nam', NULL, 'text/csv', NULL, NULL, '2021-01-28 15:40:19.400213', NULL, NULL, NULL, NULL, '2021-01-21 01:19:24.651608', 'upload', '4ff5d87a-d222-47ea-8400-f1f65b13fad5');
INSERT INTO public.resource_revision (id, url, format, description, "position", revision_id, continuity_id, hash, state, extras, expired_id, revision_timestamp, expired_timestamp, current, name, resource_type, mimetype, mimetype_inner, size, last_modified, cache_url, cache_last_updated, webstore_url, webstore_last_updated, created, url_type, package_id) VALUES ('ac98ee9a-0193-49ed-b0c3-c6d2b9a9090e', 'https://vital-stepsdata.org/dataset/7e8c592f-22df-4b5d-8166-0c7188af052c/resource/ac98ee9a-0193-49ed-b0c3-c6d2b9a9090e/download/steps_portal_alcohol.csv', 'CSV', '', 0, '0bc83073-57ae-4d3c-8aad-69b5a48dd555', 'ac98ee9a-0193-49ed-b0c3-c6d2b9a9090e', '', 'active', '{"datastore_active": true}', NULL, '2021-01-20 17:10:36.698283', '2021-03-18 14:03:47.074674', NULL, 'STEPS Alcohol Data', NULL, 'text/csv', NULL, NULL, '2021-01-05 18:12:35.141966', NULL, NULL, NULL, NULL, '2020-11-18 18:42:44.504162', 'upload', '7e8c592f-22df-4b5d-8166-0c7188af052c');
INSERT INTO public.resource_revision (id, url, format, description, "position", revision_id, continuity_id, hash, state, extras, expired_id, revision_timestamp, expired_timestamp, current, name, resource_type, mimetype, mimetype_inner, size, last_modified, cache_url, cache_last_updated, webstore_url, webstore_last_updated, created, url_type, package_id) VALUES ('9fceacf5-e2a0-4632-b66c-fafd324f4b18', 'https://vital-stepsdata.org/dataset/5903a1ce-550f-4981-9142-d17fa0c7d454/resource/9fceacf5-e2a0-4632-b66c-fafd324f4b18/download/steps_portal_tobacco_bd.csv', 'CSV', '', 1, '898e8166-631b-42c6-845a-8d73604dbadf', '9fceacf5-e2a0-4632-b66c-fafd324f4b18', '', 'active', '{"datastore_active": true}', NULL, '2021-01-28 15:41:40.478244', '2021-03-18 14:04:06.606354', NULL, 'STEPS Tobacco Data Bangladesh', NULL, 'text/csv', NULL, NULL, '2021-01-28 15:40:04.840229', NULL, NULL, NULL, NULL, '2021-01-28 15:40:04.859427', 'upload', '5903a1ce-550f-4981-9142-d17fa0c7d454');
INSERT INTO public.resource_revision (id, url, format, description, "position", revision_id, continuity_id, hash, state, extras, expired_id, revision_timestamp, expired_timestamp, current, name, resource_type, mimetype, mimetype_inner, size, last_modified, cache_url, cache_last_updated, webstore_url, webstore_last_updated, created, url_type, package_id) VALUES ('bd2b92f0-2e53-433f-8103-2e29c7082cff', 'https://vital-stepsdata.org/dataset/5903a1ce-550f-4981-9142-d17fa0c7d454/resource/bd2b92f0-2e53-433f-8103-2e29c7082cff/download/steps_portal_tobacco.csv', 'CSV', '', 0, '0099534a-35b6-487f-aca9-427d35c99054', 'bd2b92f0-2e53-433f-8103-2e29c7082cff', '', 'active', '{"datastore_active": true}', NULL, '2021-01-25 22:04:24.946081', '2021-03-18 14:04:06.606354', NULL, 'STEPS Tobacco Data', NULL, 'text/csv', NULL, NULL, '2020-12-09 15:57:56.299659', NULL, NULL, NULL, NULL, '2020-11-18 18:46:08.881282', 'upload', '5903a1ce-550f-4981-9142-d17fa0c7d454');
INSERT INTO public.resource_revision (id, url, format, description, "position", revision_id, continuity_id, hash, state, extras, expired_id, revision_timestamp, expired_timestamp, current, name, resource_type, mimetype, mimetype_inner, size, last_modified, cache_url, cache_last_updated, webstore_url, webstore_last_updated, created, url_type, package_id) VALUES ('7e41b140-d68d-4f95-84ef-99026798d63e', 'https://vital-stepsdata.org/en/dataset/7e8c592f-22df-4b5d-8166-0c7188af052c/resource/7e41b140-d68d-4f95-84ef-99026798d63e/download/steps_portal_alcohol_vn.csv', 'CSV', '', 1, '7b1a418e-d103-440a-991b-991c9a80e8be', '7e41b140-d68d-4f95-84ef-99026798d63e', '', 'active', '{"datastore_active": true}', NULL, '2021-03-18 14:03:47.074674', '2021-04-13 14:43:26.665659', NULL, 'STEPS Alcohol Data Viet Nam', NULL, 'text/csv', NULL, NULL, '2021-01-21 03:40:57.382843', NULL, NULL, NULL, NULL, '2021-01-20 17:10:36.725774', 'upload', '7e8c592f-22df-4b5d-8166-0c7188af052c');
INSERT INTO public.resource_revision (id, url, format, description, "position", revision_id, continuity_id, hash, state, extras, expired_id, revision_timestamp, expired_timestamp, current, name, resource_type, mimetype, mimetype_inner, size, last_modified, cache_url, cache_last_updated, webstore_url, webstore_last_updated, created, url_type, package_id) VALUES ('ac98ee9a-0193-49ed-b0c3-c6d2b9a9090e', 'https://vital-stepsdata.org/en/dataset/7e8c592f-22df-4b5d-8166-0c7188af052c/resource/ac98ee9a-0193-49ed-b0c3-c6d2b9a9090e/download/steps_portal_alcohol.csv', 'CSV', '', 0, '7b1a418e-d103-440a-991b-991c9a80e8be', 'ac98ee9a-0193-49ed-b0c3-c6d2b9a9090e', '', 'active', '{"datastore_active": true}', NULL, '2021-03-18 14:03:47.074674', '2021-04-13 14:43:26.665659', NULL, 'STEPS Alcohol Data', NULL, 'text/csv', NULL, NULL, '2021-01-05 18:12:35.141966', NULL, NULL, NULL, NULL, '2020-11-18 18:42:44.504162', 'upload', '7e8c592f-22df-4b5d-8166-0c7188af052c');
INSERT INTO public.resource_revision (id, url, format, description, "position", revision_id, continuity_id, hash, state, extras, expired_id, revision_timestamp, expired_timestamp, current, name, resource_type, mimetype, mimetype_inner, size, last_modified, cache_url, cache_last_updated, webstore_url, webstore_last_updated, created, url_type, package_id) VALUES ('9fceacf5-e2a0-4632-b66c-fafd324f4b18', 'steps_portal_tobacco_bd.csv', 'CSV', '', 1, '20e8df7c-ec3f-4174-8c88-3c6c628c02f7', '9fceacf5-e2a0-4632-b66c-fafd324f4b18', '', 'active', NULL, NULL, '2021-01-28 15:40:04.848751', '2021-01-28 15:40:53.239938', NULL, 'STEPS Data Tobacco Bangladesh.csv', NULL, 'text/csv', NULL, NULL, '2021-01-28 15:40:04.840229', NULL, NULL, NULL, NULL, '2021-01-28 15:40:04.859427', 'upload', '5903a1ce-550f-4981-9142-d17fa0c7d454');
INSERT INTO public.resource_revision (id, url, format, description, "position", revision_id, continuity_id, hash, state, extras, expired_id, revision_timestamp, expired_timestamp, current, name, resource_type, mimetype, mimetype_inner, size, last_modified, cache_url, cache_last_updated, webstore_url, webstore_last_updated, created, url_type, package_id) VALUES ('9fceacf5-e2a0-4632-b66c-fafd324f4b18', 'steps_portal_tobacco_bd.csv', 'CSV', '', 1, '2bda90f9-90df-43e0-869e-6cb848dc0d27', '9fceacf5-e2a0-4632-b66c-fafd324f4b18', '', 'active', '{"datastore_active": true}', NULL, '2021-01-28 15:40:53.239938', '2021-01-28 15:41:40.478244', NULL, 'STEPS Tobacco Data Bangladesh', NULL, 'text/csv', NULL, NULL, '2021-01-28 15:40:04.840229', NULL, NULL, NULL, NULL, '2021-01-28 15:40:04.859427', 'upload', '5903a1ce-550f-4981-9142-d17fa0c7d454');
INSERT INTO public.resource_revision (id, url, format, description, "position", revision_id, continuity_id, hash, state, extras, expired_id, revision_timestamp, expired_timestamp, current, name, resource_type, mimetype, mimetype_inner, size, last_modified, cache_url, cache_last_updated, webstore_url, webstore_last_updated, created, url_type, package_id) VALUES ('17b6135e-0690-4100-b680-5aeaed77b923', 'https://vital-stepsdata.org/dataset/907d2d06-083a-4d53-907b-45766a5253e1/resource/17b6135e-0690-4100-b680-5aeaed77b923/download/steps_portal_cholesterol_vn.csv', 'CSV', '', 1, '7cf5ef78-7d31-4c4d-b689-aac20a089cb7', '17b6135e-0690-4100-b680-5aeaed77b923', '', 'active', '{"datastore_active": true}', NULL, '2021-02-03 02:41:00.307652', '9999-12-31 00:00:00', NULL, 'STEPS Cholesterol Data Viet Nam', NULL, 'text/csv', NULL, NULL, '2021-01-28 15:38:07.2492', NULL, NULL, NULL, NULL, '2021-01-20 18:51:09.350729', 'upload', '907d2d06-083a-4d53-907b-45766a5253e1');
INSERT INTO public.resource_revision (id, url, format, description, "position", revision_id, continuity_id, hash, state, extras, expired_id, revision_timestamp, expired_timestamp, current, name, resource_type, mimetype, mimetype_inner, size, last_modified, cache_url, cache_last_updated, webstore_url, webstore_last_updated, created, url_type, package_id) VALUES ('17b6135e-0690-4100-b680-5aeaed77b923', 'steps_portal_cholesterol_vn.csv', 'CSV', '', 1, '20e17575-18cb-4711-8428-c68cfde62c2b', '17b6135e-0690-4100-b680-5aeaed77b923', '', 'active', '{"datastore_active": true}', NULL, '2021-01-28 15:38:07.257718', '2021-02-03 02:41:00.307652', NULL, 'STEPS Cholesterol Data Viet Nam', NULL, 'text/csv', NULL, NULL, '2021-01-28 15:38:07.2492', NULL, NULL, NULL, NULL, '2021-01-20 18:51:09.350729', 'upload', '907d2d06-083a-4d53-907b-45766a5253e1');
INSERT INTO public.resource_revision (id, url, format, description, "position", revision_id, continuity_id, hash, state, extras, expired_id, revision_timestamp, expired_timestamp, current, name, resource_type, mimetype, mimetype_inner, size, last_modified, cache_url, cache_last_updated, webstore_url, webstore_last_updated, created, url_type, package_id) VALUES ('8160b9cf-b6d0-4b2b-8b19-7ba9a86518a7', 'https://vital-stepsdata.org/dataset/088d4d99-0a46-47b5-adc5-e0742fa31389/resource/8160b9cf-b6d0-4b2b-8b19-7ba9a86518a7/download/steps_portal_diabetes_time_vn.csv', 'CSV', '', 1, 'b8c828f4-7965-46c1-8f14-6b75a2b3cb0b', '8160b9cf-b6d0-4b2b-8b19-7ba9a86518a7', '', 'active', '{"datastore_active": true}', NULL, '2021-02-03 02:42:46.872788', '9999-12-31 00:00:00', NULL, 'STEPS Diabetes Data Viet Nam', NULL, 'text/csv', NULL, NULL, '2021-01-28 15:38:28.216262', NULL, NULL, NULL, NULL, '2021-01-21 01:16:20.498083', 'upload', '088d4d99-0a46-47b5-adc5-e0742fa31389');
INSERT INTO public.resource_revision (id, url, format, description, "position", revision_id, continuity_id, hash, state, extras, expired_id, revision_timestamp, expired_timestamp, current, name, resource_type, mimetype, mimetype_inner, size, last_modified, cache_url, cache_last_updated, webstore_url, webstore_last_updated, created, url_type, package_id) VALUES ('8160b9cf-b6d0-4b2b-8b19-7ba9a86518a7', 'steps_portal_diabetes_time_vn.csv', 'CSV', '', 1, '05699fb0-88e0-4c05-ad7c-03afc82848d5', '8160b9cf-b6d0-4b2b-8b19-7ba9a86518a7', '', 'active', '{"datastore_active": true}', NULL, '2021-01-28 15:38:28.223826', '2021-02-03 02:42:46.872788', NULL, 'STEPS Diabetes Data Viet Nam', NULL, 'text/csv', NULL, NULL, '2021-01-28 15:38:28.216262', NULL, NULL, NULL, NULL, '2021-01-21 01:16:20.498083', 'upload', '088d4d99-0a46-47b5-adc5-e0742fa31389');
INSERT INTO public.resource_revision (id, url, format, description, "position", revision_id, continuity_id, hash, state, extras, expired_id, revision_timestamp, expired_timestamp, current, name, resource_type, mimetype, mimetype_inner, size, last_modified, cache_url, cache_last_updated, webstore_url, webstore_last_updated, created, url_type, package_id) VALUES ('8b7d278e-d7c7-45f9-8e4b-9829a39beb94', 'steps_portal_diet_vn.csv', 'CSV', '', 1, 'c014ee7c-2039-4985-bd1f-d08d47f2f09e', '8b7d278e-d7c7-45f9-8e4b-9829a39beb94', '', 'active', '{"datastore_active": true}', NULL, '2021-01-28 15:38:43.901762', '2021-02-03 02:44:34.506239', NULL, 'STEPS Diet Data Viet Nam', NULL, 'text/csv', NULL, NULL, '2021-01-28 15:38:43.894172', NULL, NULL, NULL, NULL, '2021-01-21 01:18:14.282859', 'upload', 'e06d5766-d134-45a4-9079-82b9875b907a');
INSERT INTO public.resource_revision (id, url, format, description, "position", revision_id, continuity_id, hash, state, extras, expired_id, revision_timestamp, expired_timestamp, current, name, resource_type, mimetype, mimetype_inner, size, last_modified, cache_url, cache_last_updated, webstore_url, webstore_last_updated, created, url_type, package_id) VALUES ('8b7d278e-d7c7-45f9-8e4b-9829a39beb94', 'https://vital-stepsdata.org/dataset/e06d5766-d134-45a4-9079-82b9875b907a/resource/8b7d278e-d7c7-45f9-8e4b-9829a39beb94/download/steps_portal_diet_vn.csv', 'CSV', '', 1, '7102f818-54ea-413e-85ba-b50ad6a07672', '8b7d278e-d7c7-45f9-8e4b-9829a39beb94', '', 'active', '{"datastore_active": true}', NULL, '2021-02-03 02:44:34.506239', '9999-12-31 00:00:00', NULL, 'STEPS Diet Data Viet Nam', NULL, 'text/csv', NULL, NULL, '2021-01-28 15:38:43.894172', NULL, NULL, NULL, NULL, '2021-01-21 01:18:14.282859', 'upload', 'e06d5766-d134-45a4-9079-82b9875b907a');


--
-- Data for Name: resource_view; Type: TABLE DATA; Schema: public; Owner: ckan_vitals
--

INSERT INTO public.resource_view (id, resource_id, title, description, view_type, "order", config) VALUES ('e7c4bcc6-36ac-41fc-ba4e-b1e88e4da079', 'ac98ee9a-0193-49ed-b0c3-c6d2b9a9090e', 'Data Explorer', '', 'recline_view', 0, NULL);
INSERT INTO public.resource_view (id, resource_id, title, description, view_type, "order", config) VALUES ('96c8119a-1996-4d8f-aa36-c8b2574ca4ef', 'bd2b92f0-2e53-433f-8103-2e29c7082cff', 'Data Explorer', '', 'recline_view', 0, NULL);
INSERT INTO public.resource_view (id, resource_id, title, description, view_type, "order", config) VALUES ('fa51f5f9-b7fd-4302-b4c3-0d482b04585d', '0bb6a5ce-4d1d-4e77-973c-afe062c8dcc8', 'Data Explorer', '', 'recline_view', 0, NULL);
INSERT INTO public.resource_view (id, resource_id, title, description, view_type, "order", config) VALUES ('b1b65239-fcc2-418d-bcbb-86bd044c089a', 'd515cca7-612f-4840-8b07-14277146ef99', 'Data Explorer', '', 'recline_view', 0, NULL);
INSERT INTO public.resource_view (id, resource_id, title, description, view_type, "order", config) VALUES ('5296f0ee-bf47-476a-a516-00d19f6b3ae5', '16e484b9-1e6e-4527-a0e6-a50abf9ca0c7', 'Data Explorer', '', 'recline_view', 0, NULL);
INSERT INTO public.resource_view (id, resource_id, title, description, view_type, "order", config) VALUES ('72fc50f9-7922-4161-982b-e64aa54b8cd9', 'd7271660-0dfc-4ab6-b30b-c7b3118db3d2', 'Data Explorer', '', 'recline_view', 0, NULL);
INSERT INTO public.resource_view (id, resource_id, title, description, view_type, "order", config) VALUES ('a66bf7fa-d34a-4330-b06c-320d36fe6c48', 'f0f749d3-25f4-4f4f-9a24-7277d68d5d24', 'Data Explorer', '', 'recline_view', 0, NULL);
INSERT INTO public.resource_view (id, resource_id, title, description, view_type, "order", config) VALUES ('ddffe2c8-5d73-48a0-99a1-9082b84ae2a9', '4e007771-3f88-414e-abf5-85fa324cd5ef', 'Data Explorer', '', 'recline_view', 0, NULL);
INSERT INTO public.resource_view (id, resource_id, title, description, view_type, "order", config) VALUES ('9981677d-51b4-495f-8af0-d751ab4fea64', 'afac1e1a-fa53-485c-8059-05ab40e9a148', 'Data Explorer', '', 'recline_view', 0, NULL);
INSERT INTO public.resource_view (id, resource_id, title, description, view_type, "order", config) VALUES ('d3fa4074-4b49-4ab4-bbfe-5449ef1753c1', 'c298ca18-2944-4484-a484-3025f24b3c5c', 'Data Explorer', '', 'recline_view', 0, NULL);
INSERT INTO public.resource_view (id, resource_id, title, description, view_type, "order", config) VALUES ('c29435d4-2ebd-4520-9962-c0f88ec7328d', '7e41b140-d68d-4f95-84ef-99026798d63e', 'Data Explorer', '', 'recline_view', 0, NULL);
INSERT INTO public.resource_view (id, resource_id, title, description, view_type, "order", config) VALUES ('e77a52b6-ca29-4d20-99c1-1c0de047fdb8', '17b6135e-0690-4100-b680-5aeaed77b923', 'Data Explorer', '', 'recline_view', 0, NULL);
INSERT INTO public.resource_view (id, resource_id, title, description, view_type, "order", config) VALUES ('a62613f4-9fcf-4561-91e5-1604911704ae', '8160b9cf-b6d0-4b2b-8b19-7ba9a86518a7', 'Data Explorer', '', 'recline_view', 0, NULL);
INSERT INTO public.resource_view (id, resource_id, title, description, view_type, "order", config) VALUES ('b9b35462-d57c-4d43-8caf-d5b63d35c792', '8b7d278e-d7c7-45f9-8e4b-9829a39beb94', 'Data Explorer', '', 'recline_view', 0, NULL);
INSERT INTO public.resource_view (id, resource_id, title, description, view_type, "order", config) VALUES ('22425099-c356-477b-9125-9f29da2098be', '7359dc1d-a43c-4152-bf87-dd6401088505', 'Data Explorer', '', 'recline_view', 0, NULL);
INSERT INTO public.resource_view (id, resource_id, title, description, view_type, "order", config) VALUES ('b8d4f34a-8b0d-4034-a04c-de553b765e4a', '63cdb7a4-9ecf-4d55-a795-4d1a4756166d', 'Data Explorer', '', 'recline_view', 0, NULL);
INSERT INTO public.resource_view (id, resource_id, title, description, view_type, "order", config) VALUES ('40a65616-7882-4162-882c-ce9641cd4235', 'ebc56be4-8271-498b-bb6a-f7011ae5b3cf', 'Data Explorer', '', 'recline_view', 0, NULL);
INSERT INTO public.resource_view (id, resource_id, title, description, view_type, "order", config) VALUES ('78c3e700-5a2e-4e25-9b80-bb4375f800c8', '10f93403-63aa-453e-8090-186b1915f5bd', 'Data Explorer', '', 'recline_view', 0, NULL);
INSERT INTO public.resource_view (id, resource_id, title, description, view_type, "order", config) VALUES ('d81d95bf-f05c-4172-8fbc-dc723901b874', '9fceacf5-e2a0-4632-b66c-fafd324f4b18', 'Data Explorer', '', 'recline_view', 0, NULL);


--
-- Data for Name: task_status; Type: TABLE DATA; Schema: public; Owner: ckan_vitals
--

INSERT INTO public.task_status (id, entity_id, entity_type, task_type, key, value, state, error, last_updated) VALUES ('fdb3c759-da2c-47eb-af96-e47ef5c25e22', '8b7d278e-d7c7-45f9-8e4b-9829a39beb94', 'resource', 'datapusher', 'datapusher', '{"job_id": "96bea3fd-5e19-465c-a315-60f6deaefc9a", "job_key": "6904ce0f-065c-4cc7-860e-4de5108a5a3f"}', 'complete', '{}', '2021-02-03 02:44:39.493561');
INSERT INTO public.task_status (id, entity_id, entity_type, task_type, key, value, state, error, last_updated) VALUES ('22afd631-559f-4779-a91e-0d07f63ca4aa', 'c298ca18-2944-4484-a484-3025f24b3c5c', 'resource', 'datapusher', 'datapusher', '{"job_id": "a46ae4fe-b884-44b4-a342-0fb207fc7188", "job_key": "bc0495ba-6053-4021-8a88-aed8adee2b33"}', 'complete', '{}', '2021-01-21 01:16:24.806055');
INSERT INTO public.task_status (id, entity_id, entity_type, task_type, key, value, state, error, last_updated) VALUES ('813099ee-6de3-4369-b306-300182f402f3', 'd515cca7-612f-4840-8b07-14277146ef99', 'resource', 'datapusher', 'datapusher', '{"job_id": "464cf997-4018-492c-8d99-9d3dd589f638", "job_key": "6b08e8b4-2df9-42e3-a8cb-af0f7c546a40"}', 'complete', '{}', '2021-01-20 18:51:12.989734');
INSERT INTO public.task_status (id, entity_id, entity_type, task_type, key, value, state, error, last_updated) VALUES ('b5f2faa4-0f71-40bb-9e7d-7de1a1d3206f', 'afac1e1a-fa53-485c-8059-05ab40e9a148', 'resource', 'datapusher', 'datapusher', '{"job_id": "4055485b-fda5-47d2-b35c-304d8bd48b9d", "job_key": "a18efff6-07cc-4da7-8579-8f8ab22be5d5"}', 'complete', '{}', '2021-01-21 01:20:40.201626');
INSERT INTO public.task_status (id, entity_id, entity_type, task_type, key, value, state, error, last_updated) VALUES ('1aa3e7ac-0bcd-419f-b957-21329b7bc738', '10f93403-63aa-453e-8090-186b1915f5bd', 'resource', 'datapusher', 'datapusher', '{"job_id": "584f947d-6a6d-49d4-ac0c-bfcab604b8f3", "job_key": "473a2c0a-c8b6-4074-9db0-7bc6a4d62091"}', 'complete', '{}', '2021-02-03 02:50:31.699815');
INSERT INTO public.task_status (id, entity_id, entity_type, task_type, key, value, state, error, last_updated) VALUES ('fd5afda3-5f2f-4957-b16f-f10444dd5bb6', '17b6135e-0690-4100-b680-5aeaed77b923', 'resource', 'datapusher', 'datapusher', '{"job_id": "875548aa-2bb3-48fb-a507-86304eabf6bb", "job_key": "c821b57e-2b10-4ecb-94bc-51435d04e138"}', 'complete', '{}', '2021-02-03 02:41:04.802681');
INSERT INTO public.task_status (id, entity_id, entity_type, task_type, key, value, state, error, last_updated) VALUES ('22351872-fb45-407b-a71f-d67f84c83135', 'f0f749d3-25f4-4f4f-9a24-7277d68d5d24', 'resource', 'datapusher', 'datapusher', '{"job_id": "946bbdf3-f584-488e-a212-1f371787d82a", "job_key": "9a4ce7a9-31cc-498b-a063-cc6bc69b332c"}', 'complete', '{}', '2021-01-21 01:19:27.832113');
INSERT INTO public.task_status (id, entity_id, entity_type, task_type, key, value, state, error, last_updated) VALUES ('e6fe0459-8fe8-4b04-bef0-3ed632f78509', '7359dc1d-a43c-4152-bf87-dd6401088505', 'resource', 'datapusher', 'datapusher', '{"job_id": "54fa38ef-f0d6-42f8-89ee-19c5e6e7fd50", "job_key": "4fdcee45-4b8d-4ce4-a709-d615d41385dc"}', 'complete', '{}', '2021-02-03 02:47:24.360647');
INSERT INTO public.task_status (id, entity_id, entity_type, task_type, key, value, state, error, last_updated) VALUES ('5cb2945b-225c-4300-9932-dcd75c921ee4', 'd7271660-0dfc-4ab6-b30b-c7b3118db3d2', 'resource', 'datapusher', 'datapusher', '{"job_id": "c42f6b6d-a4df-433f-a22f-6c9101dc9851", "job_key": "55bc8054-6586-4b59-b768-09ffeab23b8c"}', 'complete', '{}', '2021-01-21 01:18:19.099131');
INSERT INTO public.task_status (id, entity_id, entity_type, task_type, key, value, state, error, last_updated) VALUES ('6a379496-c836-4ba1-b569-811f366aa66c', '531f132c-0f84-455d-90a3-33e9fa921b4e', 'resource', 'datapusher', 'datapusher', '{"job_id": "c8eb9b45-bfcc-4708-868d-75866fee50bd", "job_key": "6109ecb5-303f-4457-8a1b-5f767657a1af"}', 'complete', '{}', '2021-01-22 13:03:21.075659');
INSERT INTO public.task_status (id, entity_id, entity_type, task_type, key, value, state, error, last_updated) VALUES ('24d1a4ca-cacf-48c7-8f8f-993cf7ae627f', '7e41b140-d68d-4f95-84ef-99026798d63e', 'resource', 'datapusher', 'datapusher', '{"job_id": "7c5076ff-9c70-4332-960b-fdf73c364959", "job_key": "7f3b8fbc-75f5-43db-a3fb-3ed9780be2e4"}', 'complete', '{}', '2021-04-13 14:43:33.042068');
INSERT INTO public.task_status (id, entity_id, entity_type, task_type, key, value, state, error, last_updated) VALUES ('0b6d2864-b87a-4063-ba5d-e2d8edae329b', 'ac98ee9a-0193-49ed-b0c3-c6d2b9a9090e', 'resource', 'datapusher', 'datapusher', '{"job_id": "ac614bf2-6812-4f7e-81c0-c845ba9a15de", "job_key": "6a4b118d-8999-4121-9e8a-3a0069a7fcdb"}', 'complete', '{}', '2021-04-13 14:43:33.327413');
INSERT INTO public.task_status (id, entity_id, entity_type, task_type, key, value, state, error, last_updated) VALUES ('164477ac-ebaa-4484-bed5-67fead24ef9c', '63cdb7a4-9ecf-4d55-a795-4d1a4756166d', 'resource', 'datapusher', 'datapusher', '{"job_id": "43cc6164-a28a-4290-beab-e3071dc8fca4", "job_key": "8137f87d-98e8-4c1d-833f-8a59e600ca31"}', 'complete', '{}', '2021-02-05 19:06:39.284365');
INSERT INTO public.task_status (id, entity_id, entity_type, task_type, key, value, state, error, last_updated) VALUES ('2c1bde52-93e6-4368-a57d-2b279b19c859', '16e484b9-1e6e-4527-a0e6-a50abf9ca0c7', 'resource', 'datapusher', 'datapusher', '{"job_id": "b3e9d250-6454-4149-a407-44c5ae31b3c2", "job_key": "326bc884-c291-4066-8f57-e23ef14774d5"}', 'complete', '{}', '2020-12-17 19:02:38.683727');
INSERT INTO public.task_status (id, entity_id, entity_type, task_type, key, value, state, error, last_updated) VALUES ('0b77dac4-b168-4223-a85e-6851c4306d51', '4e007771-3f88-414e-abf5-85fa324cd5ef', 'resource', 'datapusher', 'datapusher', '{"job_id": "430c8f38-8392-4ad7-a79f-17748d325c68", "job_key": "300ab162-4e30-4a7a-9a66-1100927eee9d"}', 'complete', '{}', '2021-01-21 01:20:00.946575');
INSERT INTO public.task_status (id, entity_id, entity_type, task_type, key, value, state, error, last_updated) VALUES ('bad95faa-0a2a-4f27-ac9e-3815b2e03d97', '9fceacf5-e2a0-4632-b66c-fafd324f4b18', 'resource', 'datapusher', 'datapusher', '{"job_id": "11ec200e-cabb-46fd-b110-f365a4f03298", "job_key": "6225960c-2b7e-473a-9c4c-40bb2a0c55ea"}', 'complete', '{}', '2021-03-18 14:04:12.457442');
INSERT INTO public.task_status (id, entity_id, entity_type, task_type, key, value, state, error, last_updated) VALUES ('85554fc2-62a1-465d-8805-515b39a3cab8', '0bb6a5ce-4d1d-4e77-973c-afe062c8dcc8', 'resource', 'datapusher', 'datapusher', '{"job_id": "c9acac5d-129a-4126-a5cb-09dfcc7a3d9f", "job_key": "9c28ac69-6c12-4a4a-8c0f-467ee8eb3779"}', 'complete', '{}', '2021-01-21 01:18:57.29128');
INSERT INTO public.task_status (id, entity_id, entity_type, task_type, key, value, state, error, last_updated) VALUES ('34e7a9cb-7c52-439e-8d2b-0caf245ad8a8', '8160b9cf-b6d0-4b2b-8b19-7ba9a86518a7', 'resource', 'datapusher', 'datapusher', '{"job_id": "df3286cb-018c-40cf-88e3-751d4adc56a2", "job_key": "4e7ff6ac-da08-48ad-b858-3808da87e99b"}', 'complete', '{}', '2021-02-03 02:42:51.925002');
INSERT INTO public.task_status (id, entity_id, entity_type, task_type, key, value, state, error, last_updated) VALUES ('b8e48716-f556-4212-9a90-a2e4e7eb67f7', 'ebc56be4-8271-498b-bb6a-f7011ae5b3cf', 'resource', 'datapusher', 'datapusher', '{"job_id": "4a227f30-fd35-4a7f-a814-3853f53c183a", "job_key": "7b9041f7-8c3a-4a81-aedd-faf8019ee017"}', 'complete', '{}', '2021-02-03 02:48:54.32013');
INSERT INTO public.task_status (id, entity_id, entity_type, task_type, key, value, state, error, last_updated) VALUES ('5cc29282-113d-4c43-8a1a-9e8baa71e7a0', 'bd2b92f0-2e53-433f-8103-2e29c7082cff', 'resource', 'datapusher', 'datapusher', '{"job_id": "81cea17e-5f39-4aed-bfa1-74cd0f599490", "job_key": "9e334b11-7ec2-4a2e-8212-4ef4714901b1"}', 'complete', '{}', '2021-03-18 14:04:13.422169');
